AscendC: [_ZN7AscendC5bcnt0Em] -> 0xe7fff2c68f90
AscendC: [_ZN7AscendC5bcnt1Em] -> 0xe7fff2c68fb8
AscendC: [_ZN7AscendC18broadcast_ub_to_ccEPN7float165Fp16TES2_m] -> (nil)
AscendC: [_ZN7AscendC18broadcast_ub_to_ccEPN7float165Fp16TES2_hhhh] -> (nil)
AscendC: [_ZN7AscendC18broadcast_ub_to_ccEPN7float165Fp16TES2_hhhhb] -> (nil)
AscendC: [_ZN7AscendC18broadcast_ub_to_ccEPfS0_m] -> (nil)
AscendC: [_ZN7AscendC18broadcast_ub_to_ccEPfS0_hhhh] -> (nil)
AscendC: [_ZN7AscendC18broadcast_ub_to_ccEPfS0_hhhhb] -> (nil)
AscendC: [_ZN7AscendC18broadcast_ub_to_ccEPfPN7float165Fp16TEm] -> (nil)
AscendC: [_ZN7AscendC18broadcast_ub_to_ccEPfPN7float165Fp16TEhhhh] -> (nil)
AscendC: [_ZN7AscendC18broadcast_ub_to_ccEPfPN7float165Fp16TEhhhhb] -> (nil)
AscendC: [_ZN7AscendC18broadcast_ub_to_ccEPiS0_m] -> (nil)
AscendC: [_ZN7AscendC18broadcast_ub_to_ccEPiS0_hhhh] -> (nil)
AscendC: [_ZN7AscendC18broadcast_ub_to_ccEPiS0_hhhhb] -> (nil)
AscendC: [_ZN7AscendC3clzEm] -> 0xe7fff2c68fe0
AscendC: [_ZN7AscendC7col2imgEPN7float165Fp16TES2_mm] -> (nil)
AscendC: [_ZN7AscendC7col2imgEPN7float165Fp16TES2_shhshhhhhhhb] -> (nil)
AscendC: [_ZN7AscendC7col2imgEPfS0_mm] -> (nil)
AscendC: [_ZN7AscendC7col2imgEPfS0_shhshhhhhhhb] -> (nil)
AscendC: [_ZN7AscendC17compress_ub_to_gmEPhS0_S0_l] -> (nil)
AscendC: [_ZN7AscendC17compress_ub_to_gmEPhS0_S0_tbhh] -> (nil)
AscendC: [_ZN7AscendC17compress_ub_to_gmEPN7float165Fp16TES2_S2_l] -> (nil)
AscendC: [_ZN7AscendC17compress_ub_to_gmEPN7float165Fp16TES2_S2_tbhh] -> (nil)
AscendC: [_ZN7AscendC13conv_f322f16oEf] -> 0xe7fff2c6bdf8
AscendC: [_ZN7AscendC13conv_f322s32aEf] -> 0xe7fff2c6c490
AscendC: [_ZN7AscendC13conv_f322s32cEf] -> 0xe7fff2c6c8d0
AscendC: [_ZN7AscendC13conv_f322s32fEf] -> 0xe7fff2c6ccf8
AscendC: [_ZN7AscendC13conv_f322s32rEf] -> 0xe7fff2c6d120
AscendC: [_ZN7AscendC15copy_cbuf_to_btEmPvm] -> (nil)
AscendC: [_ZN7AscendC15copy_cbuf_to_btEmPvttttt] -> 0xe7fff2c57fe0
AscendC: [_ZN7AscendC17copy_cbuf_to_fbufEPvS0_m] -> (nil)
AscendC: [_ZN7AscendC17copy_cbuf_to_fbufEPvS0_tttt] -> 0xe7fff2c56730
AscendC: [_ZN7AscendC15copy_cbuf_to_gmEPvS0_m] -> (nil)
AscendC: [_ZN7AscendC15copy_cbuf_to_gmEPvS0_htttt] -> 0xe7fff2c57e18
AscendC: [_ZN7AscendC21copy_cbuf_to_gm_alignEPN7float165Fp16TES2_htjjj] -> (nil)
AscendC: [_ZN7AscendC21copy_cbuf_to_gm_alignEPfS0_htjjj] -> (nil)
AscendC: [_ZN7AscendC21copy_cbuf_to_gm_alignEPsS0_htjjj] -> (nil)
AscendC: [_ZN7AscendC21copy_cbuf_to_gm_alignEPiS0_htjjj] -> (nil)
AscendC: [_ZN7AscendC21copy_cbuf_to_gm_alignEPaS0_htjjj] -> (nil)
AscendC: [_ZN7AscendC21copy_cbuf_to_gm_alignEPtS0_htjjj] -> (nil)
AscendC: [_ZN7AscendC21copy_cbuf_to_gm_alignEPjS0_htjjj] -> (nil)
AscendC: [_ZN7AscendC21copy_cbuf_to_gm_alignEPhS0_htjjj] -> (nil)
AscendC: [_ZN7AscendC17copy_cbuf_to_ubufEPvS0_m] -> (nil)
AscendC: [_ZN7AscendC17copy_cbuf_to_ubufEPvS0_htttt] -> 0xe7fff2c57358
AscendC: [_ZN7AscendC25copy_depthwise_cc_to_ubufEPN7float165Fp16TES2_m10ConvRelu_t] -> (nil)
AscendC: [_ZN7AscendC25copy_depthwise_cc_to_ubufEPN7float165Fp16TES2_htttt10ConvRelu_t] -> 0xe7fff2c581b8
AscendC: [_ZN7AscendC25copy_depthwise_cc_to_ubufEPfPN7float165Fp16TEm10ConvRelu_t] -> (nil)
AscendC: [_ZN7AscendC25copy_depthwise_cc_to_ubufEPfPN7float165Fp16TEhtttt10ConvRelu_t] -> 0xe7fff2c58398
AscendC: [_ZN7AscendC25copy_depthwise_cc_to_ubufEPN7float165Fp16TEPfm10ConvRelu_t] -> (nil)
AscendC: [_ZN7AscendC25copy_depthwise_cc_to_ubufEPN7float165Fp16TEPfhtttt10ConvRelu_t] -> 0xe7fff2c58588
AscendC: [_ZN7AscendC25copy_depthwise_cc_to_ubufEPfS0_m10ConvRelu_t] -> (nil)
AscendC: [_ZN7AscendC25copy_depthwise_cc_to_ubufEPfS0_htttt10ConvRelu_t] -> 0xe7fff2c58778
AscendC: [_ZN7AscendC15copy_gm_to_cbufEPvS0_m5pad_t] -> (nil)
AscendC: [_ZN7AscendC15copy_gm_to_cbufEPvS0_htttt5pad_t] -> 0xe7fff2c57520
AscendC: [_ZN7AscendC31copy_gm_to_cbuf_multi_nd2nz_b16EPN7float165Fp16TES2_mm] -> (nil)
AscendC: [_ZN7AscendC31copy_gm_to_cbuf_multi_nd2nz_b16EPN7float165Fp16TES2_htttttttt] -> 0xe7fff2c54ab8
AscendC: [_ZN7AscendC31copy_gm_to_cbuf_multi_nd2nz_b16EPN8bfloat165Bf16TES2_mm] -> (nil)
AscendC: [_ZN7AscendC31copy_gm_to_cbuf_multi_nd2nz_b16EPN8bfloat165Bf16TES2_htttttttt] -> 0xe7fff2c54ea8
AscendC: [_ZN7AscendC31copy_gm_to_cbuf_multi_nd2nz_b16EPsS0_mm] -> (nil)
AscendC: [_ZN7AscendC31copy_gm_to_cbuf_multi_nd2nz_b16EPsS0_htttttttt] -> 0xe7fff2c54c08
AscendC: [_ZN7AscendC31copy_gm_to_cbuf_multi_nd2nz_b16EPtS0_mm] -> (nil)
AscendC: [_ZN7AscendC31copy_gm_to_cbuf_multi_nd2nz_b16EPtS0_htttttttt] -> 0xe7fff2c54d58
AscendC: [_ZN7AscendC32copy_gm_to_cbuf_multi_nd2nz_b32sEPfS0_mm] -> (nil)
AscendC: [_ZN7AscendC32copy_gm_to_cbuf_multi_nd2nz_b32sEPfS0_htttttttt] -> 0xe7fff2c54ff8
AscendC: [_ZN7AscendC32copy_gm_to_cbuf_multi_nd2nz_b32sEPiS0_mm] -> (nil)
AscendC: [_ZN7AscendC32copy_gm_to_cbuf_multi_nd2nz_b32sEPiS0_htttttttt] -> 0xe7fff2c55148
AscendC: [_ZN7AscendC32copy_gm_to_cbuf_multi_nd2nz_b32sEPjS0_mm] -> (nil)
AscendC: [_ZN7AscendC32copy_gm_to_cbuf_multi_nd2nz_b32sEPjS0_htttttttt] -> 0xe7fff2c55298
AscendC: [_ZN7AscendC30copy_gm_to_cbuf_multi_nd2nz_b8EPaS0_mm] -> (nil)
AscendC: [_ZN7AscendC30copy_gm_to_cbuf_multi_nd2nz_b8EPaS0_htttttttt] -> 0xe7fff2c553e8
AscendC: [_ZN7AscendC30copy_gm_to_cbuf_multi_nd2nz_b8EPhS0_mm] -> (nil)
AscendC: [_ZN7AscendC30copy_gm_to_cbuf_multi_nd2nz_b8EPhS0_htttttttt] -> 0xe7fff2c55538
AscendC: [_ZN7AscendC15copy_gm_to_ubufEPvS0_m] -> (nil)
AscendC: [_ZN7AscendC15copy_gm_to_ubufEPvS0_htttt] -> 0xe7fff2c576f0
AscendC: [_ZN7AscendC25copy_gm_to_ubuf_align_b16EPvS0_mm] -> (nil)
AscendC: [_ZN7AscendC25copy_gm_to_ubuf_align_b16EPvS0_htjhhjj] -> (nil)
AscendC: [_ZN7AscendC25copy_gm_to_ubuf_align_b32EPvS0_mm] -> (nil)
AscendC: [_ZN7AscendC25copy_gm_to_ubuf_align_b32EPvS0_htjhhjj] -> (nil)
AscendC: [_ZN7AscendC24copy_gm_to_ubuf_align_b8EPvS0_mm] -> (nil)
AscendC: [_ZN7AscendC24copy_gm_to_ubuf_align_b8EPvS0_htjhhjj] -> (nil)
AscendC: [_ZN7AscendC21copy_gm_to_ubuf_alignEPaS0_htjhhjj] -> 0xe7fff2c544f8
AscendC: [_ZN7AscendC21copy_gm_to_ubuf_alignEPhS0_htjhhjj] -> 0xe7fff2c54558
AscendC: [_ZN7AscendC21copy_gm_to_ubuf_alignEPsS0_htjhhjj] -> 0xe7fff2c545b8
AscendC: [_ZN7AscendC21copy_gm_to_ubuf_alignEPtS0_htjhhjj] -> 0xe7fff2c54618
AscendC: [_ZN7AscendC21copy_gm_to_ubuf_alignEPN7float165Fp16TES2_htjhhjj] -> 0xe7fff2c54738
AscendC: [_ZN7AscendC21copy_gm_to_ubuf_alignEPiS0_htjhhjj] -> 0xe7fff2c54678
AscendC: [_ZN7AscendC21copy_gm_to_ubuf_alignEPjS0_htjhhjj] -> 0xe7fff2c546d8
AscendC: [_ZN7AscendC21copy_gm_to_ubuf_alignEPfS0_htjhhjj] -> 0xe7fff2c54798
AscendC: [_ZN7AscendC21copy_gm_to_cbuf_alignEPaS0_htjhhjj] -> (nil)
AscendC: [_ZN7AscendC21copy_gm_to_cbuf_alignEPhS0_htjhhjj] -> (nil)
AscendC: [_ZN7AscendC21copy_gm_to_cbuf_alignEPsS0_htjhhjj] -> (nil)
AscendC: [_ZN7AscendC21copy_gm_to_cbuf_alignEPtS0_htjhhjj] -> (nil)
AscendC: [_ZN7AscendC21copy_gm_to_cbuf_alignEPN7float165Fp16TES2_htjhhjj] -> (nil)
AscendC: [_ZN7AscendC21copy_gm_to_cbuf_alignEPiS0_htjhhjj] -> (nil)
AscendC: [_ZN7AscendC21copy_gm_to_cbuf_alignEPjS0_htjhhjj] -> (nil)
AscendC: [_ZN7AscendC21copy_gm_to_cbuf_alignEPfS0_htjhhjj] -> (nil)
AscendC: [_ZN7AscendC23copy_gm_to_ubuf_pad_b16EPvS0_mm] -> (nil)
AscendC: [_ZN7AscendC23copy_gm_to_ubuf_pad_b16EPvS0_htttthh] -> (nil)
AscendC: [_ZN7AscendC23copy_gm_to_ubuf_pad_b32EPvS0_mm] -> (nil)
AscendC: [_ZN7AscendC23copy_gm_to_ubuf_pad_b32EPvS0_htttthh] -> (nil)
AscendC: [_ZN7AscendC22copy_gm_to_ubuf_pad_b8EPvS0_mm] -> (nil)
AscendC: [_ZN7AscendC22copy_gm_to_ubuf_pad_b8EPvS0_htttthh] -> (nil)
AscendC: [_ZN7AscendC22copy_matrix_cbuf_to_ccEPN7float165Fp16TES2_m] -> (nil)
AscendC: [_ZN7AscendC22copy_matrix_cbuf_to_ccEPN7float165Fp16TES2_tttt] -> 0xe7fff2c5c220
AscendC: [_ZN7AscendC22copy_matrix_cbuf_to_ccEPN7float165Fp16TEPfm] -> (nil)
AscendC: [_ZN7AscendC22copy_matrix_cbuf_to_ccEPN7float165Fp16TEPftttt] -> 0xe7fff2c5c3f8
AscendC: [_ZN7AscendC22copy_matrix_cbuf_to_ccEPN8bfloat165Bf16TES2_m] -> (nil)
AscendC: [_ZN7AscendC22copy_matrix_cbuf_to_ccEPN8bfloat165Bf16TES2_tttt] -> 0xe7fff2c5be68
AscendC: [_ZN7AscendC22copy_matrix_cbuf_to_ccEPN8bfloat165Bf16TEPfm] -> (nil)
AscendC: [_ZN7AscendC22copy_matrix_cbuf_to_ccEPN8bfloat165Bf16TEPftttt] -> 0xe7fff2c5c040
AscendC: [_ZN7AscendC22copy_matrix_cbuf_to_ccEPfS0_m] -> (nil)
AscendC: [_ZN7AscendC22copy_matrix_cbuf_to_ccEPfS0_tttt] -> 0xe7fff2c5c5d8
AscendC: [_ZN7AscendC22copy_matrix_cbuf_to_ccEPiS0_m] -> (nil)
AscendC: [_ZN7AscendC22copy_matrix_cbuf_to_ccEPiS0_tttt] -> 0xe7fff2c5c7b0
AscendC: [_ZN7AscendC22copy_matrix_cbuf_to_ccEPjS0_m] -> (nil)
AscendC: [_ZN7AscendC22copy_matrix_cbuf_to_ccEPjS0_tttt] -> 0xe7fff2c5c988
AscendC: [_ZN7AscendC22copy_matrix_cc_to_cbufEPN7float165Fp16TEPfmm] -> (nil)
AscendC: [_ZN7AscendC22copy_matrix_cc_to_cbufEPN7float165Fp16TEPfhttjthh11QuantMode_thbbb] -> 0xe7fff2caf410
AscendC: [_ZN7AscendC22copy_matrix_cc_to_cbufEPN7float165Fp16TEPfhttjthh11QuantMode_thbb14QuantMode_posthbhhb] -> (nil)
AscendC: [_ZN7AscendC22copy_matrix_cc_to_cbufEPN7float165Fp16TEPfhttjth11QuantMode_thbb] -> (nil)
AscendC: [_ZN7AscendC22copy_matrix_cc_to_cbufEPN8bfloat165Bf16TEPfhttjth11QuantMode_thbb] -> (nil)
AscendC: [_ZN7AscendC22copy_matrix_cc_to_cbufEPN8bfloat165Bf16TEPfhttjthh11QuantMode_thbbb] -> 0xe7fff2cb0a70
AscendC: [_ZN7AscendC22copy_matrix_cc_to_cbufEPfS0_mm] -> (nil)
AscendC: [_ZN7AscendC22copy_matrix_cc_to_cbufEPaPfmm] -> (nil)
AscendC: [_ZN7AscendC22copy_matrix_cc_to_cbufEPaPfhttjthh11QuantMode_thbbb] -> 0xe7fff2cb1020
AscendC: [_ZN7AscendC22copy_matrix_cc_to_cbufEPaPfhttjthh11QuantMode_thbb14QuantMode_posthbhhb] -> (nil)
AscendC: [_ZN7AscendC22copy_matrix_cc_to_cbufEPaPfhttjth11QuantMode_thbb] -> (nil)
AscendC: [_ZN7AscendC22copy_matrix_cc_to_cbufEPhPfmm] -> (nil)
AscendC: [_ZN7AscendC22copy_matrix_cc_to_cbufEPhPfhttjthh11QuantMode_thbbb] -> 0xe7fff2cb1b80
AscendC: [_ZN7AscendC22copy_matrix_cc_to_cbufEPhPfhttjthh11QuantMode_thbb14QuantMode_posthbhhb] -> (nil)
AscendC: [_ZN7AscendC22copy_matrix_cc_to_cbufEPfS0_httjthh11QuantMode_thbbb] -> 0xe7fff2caff70
AscendC: [_ZN7AscendC22copy_matrix_cc_to_cbufEPfS0_httjthh11QuantMode_thbb14QuantMode_posthbhhb] -> (nil)
AscendC: [_ZN7AscendC22copy_matrix_cc_to_cbufEPiS0_mm] -> (nil)
AscendC: [_ZN7AscendC22copy_matrix_cc_to_cbufEPN7float165Fp16TEPimm] -> (nil)
AscendC: [_ZN7AscendC22copy_matrix_cc_to_cbufEPN7float165Fp16TEPihttjthh11QuantMode_thbbb] -> 0xe7fff2caf838
AscendC: [_ZN7AscendC22copy_matrix_cc_to_cbufEPN7float165Fp16TEPihttjthh11QuantMode_thbb14QuantMode_posthbhhb] -> (nil)
AscendC: [_ZN7AscendC22copy_matrix_cc_to_cbufEPN7float165Fp16TEPihttjth11QuantMode_thbb] -> (nil)
AscendC: [_ZN7AscendC22copy_matrix_cc_to_cbufEPsPimm] -> (nil)
AscendC: [_ZN7AscendC22copy_matrix_cc_to_cbufEPsPihttjth11QuantMode_thbb] -> (nil)
AscendC: [_ZN7AscendC22copy_matrix_cc_to_cbufEPaPimm] -> (nil)
AscendC: [_ZN7AscendC22copy_matrix_cc_to_cbufEPaPihttjthh11QuantMode_thbbb] -> 0xe7fff2cb1448
AscendC: [_ZN7AscendC22copy_matrix_cc_to_cbufEPaPihttjthh11QuantMode_thbb14QuantMode_posthbhhb] -> (nil)
AscendC: [_ZN7AscendC22copy_matrix_cc_to_cbufEPaPihttjth11QuantMode_thbb] -> (nil)
AscendC: [_ZN7AscendC22copy_matrix_cc_to_cbufEPhPimm] -> (nil)
AscendC: [_ZN7AscendC22copy_matrix_cc_to_cbufEPhPihttjthh11QuantMode_thbbb] -> 0xe7fff2cb1fa8
AscendC: [_ZN7AscendC22copy_matrix_cc_to_cbufEPhPihttjthh11QuantMode_thbb14QuantMode_posthbhhb] -> (nil)
AscendC: [_ZN7AscendC22copy_matrix_cc_to_cbufEPhPihttjth11QuantMode_thbb] -> (nil)
AscendC: [_ZN7AscendC22copy_matrix_cc_to_cbufEPiS0_httjthh11QuantMode_thbbb] -> 0xe7fff2cb04f0
AscendC: [_ZN7AscendC22copy_matrix_cc_to_cbufEPiS0_httjthh11QuantMode_thbb14QuantMode_posthbhhb] -> (nil)
AscendC: [_ZN7AscendC25copy_matrix_cc_to_cbuf_b4EPvPfmm] -> (nil)
AscendC: [_ZN7AscendC25copy_matrix_cc_to_cbuf_b4EPvPfhttjth11QuantMode_thbb] -> (nil)
AscendC: [_ZN7AscendC25copy_matrix_cc_to_cbuf_b4EPvPimm] -> (nil)
AscendC: [_ZN7AscendC25copy_matrix_cc_to_cbuf_b4EPvPihttjth11QuantMode_thbb] -> (nil)
AscendC: [_ZN7AscendC27copy_matrix_cc_to_cbuf_bf16EPtPfmm] -> (nil)
AscendC: [_ZN7AscendC27copy_matrix_cc_to_cbuf_bf16EPtPfhttjthh11QuantMode_thbbb] -> (nil)
AscendC: [_ZN7AscendC27copy_matrix_cc_to_cbuf_bf16EPtPfhttjthh11QuantMode_thbb14QuantMode_posthbhhb] -> (nil)
AscendC: [_ZN7AscendC27copy_matrix_cc_to_cbuf_bf16EPtPfhttjth11QuantMode_thbb] -> (nil)
AscendC: [_ZN7AscendC25copy_matrix_cc_to_cbuf_s4EPvPfmm] -> (nil)
AscendC: [_ZN7AscendC25copy_matrix_cc_to_cbuf_s4EPvPfhttjthh11QuantMode_thbbb] -> (nil)
AscendC: [_ZN7AscendC25copy_matrix_cc_to_cbuf_s4EPvPfhttjthh11QuantMode_thbb14QuantMode_posthbhhb] -> (nil)
AscendC: [_ZN7AscendC25copy_matrix_cc_to_cbuf_s4EPvPimm] -> (nil)
AscendC: [_ZN7AscendC25copy_matrix_cc_to_cbuf_s4EPvPihttjthh11QuantMode_thbbb] -> (nil)
AscendC: [_ZN7AscendC25copy_matrix_cc_to_cbuf_s4EPvPihttjthh11QuantMode_thbb14QuantMode_posthbhhb] -> (nil)
AscendC: [_ZN7AscendC20copy_matrix_cc_to_gmEPN7float165Fp16TEPfmm] -> (nil)
AscendC: [_ZN7AscendC20copy_matrix_cc_to_gmEPN7float165Fp16TEPfhttjthh11QuantMode_thbbb] -> 0xe7fff2caf590
AscendC: [_ZN7AscendC20copy_matrix_cc_to_gmEPN7float165Fp16TEPfhttjthh11QuantMode_thbb14QuantMode_posthbhhb] -> 0xe7fff2cafc60
AscendC: [_ZN7AscendC20copy_matrix_cc_to_gmEPN7float165Fp16TEPfhttjth11QuantMode_thbb] -> (nil)
AscendC: [_ZN7AscendC20copy_matrix_cc_to_gmEPfS0_mm] -> (nil)
AscendC: [_ZN7AscendC20copy_matrix_cc_to_gmEPaPfmm] -> (nil)
AscendC: [_ZN7AscendC20copy_matrix_cc_to_gmEPaPfhttjthh11QuantMode_thbbb] -> 0xe7fff2cb11a0
AscendC: [_ZN7AscendC20copy_matrix_cc_to_gmEPaPfhttjthh11QuantMode_thbb14QuantMode_posthbhhb] -> 0xe7fff2cb1870
AscendC: [_ZN7AscendC20copy_matrix_cc_to_gmEPaPfhttjth11QuantMode_thbb] -> (nil)
AscendC: [_ZN7AscendC20copy_matrix_cc_to_gmEPhPfmm] -> (nil)
AscendC: [_ZN7AscendC20copy_matrix_cc_to_gmEPhPfhttjthh11QuantMode_thbbb] -> 0xe7fff2cb1d00
AscendC: [_ZN7AscendC20copy_matrix_cc_to_gmEPhPfhttjthh11QuantMode_thbb14QuantMode_posthbhhb] -> 0xe7fff2cb23d0
AscendC: [_ZN7AscendC20copy_matrix_cc_to_gmEPhPfhttjth11QuantMode_thbb] -> (nil)
AscendC: [_ZN7AscendC20copy_matrix_cc_to_gmEPfS0_httjthh11QuantMode_thbbb] -> 0xe7fff2cb00e0
AscendC: [_ZN7AscendC20copy_matrix_cc_to_gmEPfS0_httjthh11QuantMode_thbb14QuantMode_posthbhhb] -> 0xe7fff2cb0378
AscendC: [_ZN7AscendC20copy_matrix_cc_to_gmEPfS0_httjth11QuantMode_thbb] -> (nil)
AscendC: [_ZN7AscendC20copy_matrix_cc_to_gmEPiS0_mm] -> (nil)
AscendC: [_ZN7AscendC20copy_matrix_cc_to_gmEPN7float165Fp16TEPimm] -> (nil)
AscendC: [_ZN7AscendC20copy_matrix_cc_to_gmEPN7float165Fp16TEPihttjthh11QuantMode_thbbb] -> 0xe7fff2caf9b8
AscendC: [_ZN7AscendC20copy_matrix_cc_to_gmEPN7float165Fp16TEPihttjthh11QuantMode_thbb14QuantMode_posthbhhb] -> 0xe7fff2cafde8
AscendC: [_ZN7AscendC20copy_matrix_cc_to_gmEPN7float165Fp16TEPihttjth11QuantMode_thbb] -> (nil)
AscendC: [_ZN7AscendC20copy_matrix_cc_to_gmEPsPimm] -> (nil)
AscendC: [_ZN7AscendC20copy_matrix_cc_to_gmEPsPihttjth11QuantMode_thbb] -> (nil)
AscendC: [_ZN7AscendC20copy_matrix_cc_to_gmEPaPimm] -> (nil)
AscendC: [_ZN7AscendC20copy_matrix_cc_to_gmEPaPihttjthh11QuantMode_thbbb] -> 0xe7fff2cb15c8
AscendC: [_ZN7AscendC20copy_matrix_cc_to_gmEPaPihttjthh11QuantMode_thbb14QuantMode_posthbhhb] -> 0xe7fff2cb19f8
AscendC: [_ZN7AscendC20copy_matrix_cc_to_gmEPaPihttjth11QuantMode_thbb] -> (nil)
AscendC: [_ZN7AscendC20copy_matrix_cc_to_gmEPhPimm] -> (nil)
AscendC: [_ZN7AscendC20copy_matrix_cc_to_gmEPhPihttjthh11QuantMode_thbbb] -> 0xe7fff2cb2128
AscendC: [_ZN7AscendC20copy_matrix_cc_to_gmEPhPihttjthh11QuantMode_thbb14QuantMode_posthbhhb] -> 0xe7fff2cb2558
AscendC: [_ZN7AscendC20copy_matrix_cc_to_gmEPhPihttjth11QuantMode_thbb] -> (nil)
AscendC: [_ZN7AscendC20copy_matrix_cc_to_gmEPiS0_httjthh11QuantMode_thbbb] -> 0xe7fff2cb0660
AscendC: [_ZN7AscendC20copy_matrix_cc_to_gmEPiS0_httjthh11QuantMode_thbb14QuantMode_posthbhhb] -> 0xe7fff2cb08f8
AscendC: [_ZN7AscendC20copy_matrix_cc_to_gmEPiS0_httjth11QuantMode_thbb] -> (nil)
AscendC: [_ZN7AscendC20copy_matrix_cc_to_gmEPN8bfloat165Bf16TEPfhttjth11QuantMode_thbb] -> (nil)
AscendC: [_ZN7AscendC20copy_matrix_cc_to_gmEPN8bfloat165Bf16TEPfhttjthh11QuantMode_thbbb] -> 0xe7fff2cb0bf0
AscendC: [_ZN7AscendC20copy_matrix_cc_to_gmEPN8bfloat165Bf16TEPfhttjthh11QuantMode_thbb14QuantMode_posthbhhb] -> 0xe7fff2cb0e98
AscendC: [_ZN7AscendC20copy_matrix_cc_to_gmEPsPihttjthh11QuantMode_thbb14QuantMode_posthbhhb] -> (nil)
AscendC: [_ZN7AscendC23copy_matrix_cc_to_gm_b4EPvPfmm] -> (nil)
AscendC: [_ZN7AscendC23copy_matrix_cc_to_gm_b4EPvPfhttjth11QuantMode_thbb] -> (nil)
AscendC: [_ZN7AscendC23copy_matrix_cc_to_gm_b4EPvPimm] -> (nil)
AscendC: [_ZN7AscendC23copy_matrix_cc_to_gm_b4EPvPihttjth11QuantMode_thbb] -> (nil)
AscendC: [_ZN7AscendC25copy_matrix_cc_to_gm_bf16EPtPfmm] -> (nil)
AscendC: [_ZN7AscendC25copy_matrix_cc_to_gm_bf16EPtPfhttjthh11QuantMode_thbbb] -> (nil)
AscendC: [_ZN7AscendC25copy_matrix_cc_to_gm_bf16EPtPfhttjthh11QuantMode_thbb14QuantMode_posthbhhb] -> (nil)
AscendC: [_ZN7AscendC25copy_matrix_cc_to_gm_bf16EPtPfhttjth11QuantMode_thbb] -> (nil)
AscendC: [_ZN7AscendC23copy_matrix_cc_to_gm_s4EPvPfmm] -> (nil)
AscendC: [_ZN7AscendC23copy_matrix_cc_to_gm_s4EPvPfhttjthh11QuantMode_thbbb] -> (nil)
AscendC: [_ZN7AscendC23copy_matrix_cc_to_gm_s4EPvPfhttjthh11QuantMode_thbb14QuantMode_posthbhhb] -> (nil)
AscendC: [_ZN7AscendC23copy_matrix_cc_to_gm_s4EPvPimm] -> (nil)
AscendC: [_ZN7AscendC23copy_matrix_cc_to_gm_s4EPvPihttjthh11QuantMode_thbbb] -> (nil)
AscendC: [_ZN7AscendC23copy_matrix_cc_to_gm_s4EPvPihttjthh11QuantMode_thbb14QuantMode_posthbhhb] -> (nil)
AscendC: [_ZN7AscendC20copy_matrix_cc_to_ubEPN7float165Fp16TEPfmm] -> (nil)
AscendC: [_ZN7AscendC20copy_matrix_cc_to_ubEPN7float165Fp16TEPfhttjthh11QuantMode_thbbb] -> 0xe7fff2caf6e0
AscendC: [_ZN7AscendC20copy_matrix_cc_to_ubEPN8bfloat165Bf16TEPfhttjthh11QuantMode_thbbb] -> 0xe7fff2cb0d40
AscendC: [_ZN7AscendC20copy_matrix_cc_to_ubEPN7float165Fp16TEPfhttjthh11QuantMode_thbb14QuantMode_posthbhhb] -> (nil)
AscendC: [_ZN7AscendC20copy_matrix_cc_to_ubEPaPfmm] -> (nil)
AscendC: [_ZN7AscendC20copy_matrix_cc_to_ubEPaPfhttjthh11QuantMode_thbbb] -> 0xe7fff2cb12f0
AscendC: [_ZN7AscendC20copy_matrix_cc_to_ubEPaPfhttjthh11QuantMode_thbb14QuantMode_posthbhhb] -> (nil)
AscendC: [_ZN7AscendC20copy_matrix_cc_to_ubEPhPfmm] -> (nil)
AscendC: [_ZN7AscendC20copy_matrix_cc_to_ubEPhPfhttjthh11QuantMode_thbbb] -> 0xe7fff2cb1e50
AscendC: [_ZN7AscendC20copy_matrix_cc_to_ubEPhPfhttjthh11QuantMode_thbb14QuantMode_posthbhhb] -> (nil)
AscendC: [_ZN7AscendC20copy_matrix_cc_to_ubEPfS0_mm] -> (nil)
AscendC: [_ZN7AscendC20copy_matrix_cc_to_ubEPfS0_httjthh11QuantMode_thbbb] -> 0xe7fff2cb0228
AscendC: [_ZN7AscendC20copy_matrix_cc_to_ubEPfS0_httjthh11QuantMode_thbb14QuantMode_posthbhhb] -> (nil)
AscendC: [_ZN7AscendC20copy_matrix_cc_to_ubEPN7float165Fp16TEPimm] -> (nil)
AscendC: [_ZN7AscendC20copy_matrix_cc_to_ubEPN7float165Fp16TEPihttjthh11QuantMode_thbbb] -> 0xe7fff2cafb08
AscendC: [_ZN7AscendC20copy_matrix_cc_to_ubEPN7float165Fp16TEPihttjthh11QuantMode_thbb14QuantMode_posthbhhb] -> (nil)
AscendC: [_ZN7AscendC20copy_matrix_cc_to_ubEPaPimm] -> (nil)
AscendC: [_ZN7AscendC20copy_matrix_cc_to_ubEPaPihttjthh11QuantMode_thbbb] -> 0xe7fff2cb1718
AscendC: [_ZN7AscendC20copy_matrix_cc_to_ubEPaPihttjthh11QuantMode_thbb14QuantMode_posthbhhb] -> (nil)
AscendC: [_ZN7AscendC20copy_matrix_cc_to_ubEPhPimm] -> (nil)
AscendC: [_ZN7AscendC20copy_matrix_cc_to_ubEPhPihttjthh11QuantMode_thbbb] -> 0xe7fff2cb2278
AscendC: [_ZN7AscendC20copy_matrix_cc_to_ubEPhPihttjthh11QuantMode_thbb14QuantMode_posthbhhb] -> (nil)
AscendC: [_ZN7AscendC20copy_matrix_cc_to_ubEPiS0_mm] -> (nil)
AscendC: [_ZN7AscendC20copy_matrix_cc_to_ubEPiS0_httjthh11QuantMode_thbbb] -> 0xe7fff2cb07a8
AscendC: [_ZN7AscendC20copy_matrix_cc_to_ubEPiS0_httjthh11QuantMode_thbb14QuantMode_posthbhhb] -> (nil)
AscendC: [_ZN7AscendC25copy_matrix_cc_to_ub_bf16EPtPfmm] -> (nil)
AscendC: [_ZN7AscendC25copy_matrix_cc_to_ub_bf16EPtPfhttjthh11QuantMode_thbbb] -> (nil)
AscendC: [_ZN7AscendC25copy_matrix_cc_to_ub_bf16EPtPfhttjthh11QuantMode_thbb14QuantMode_posthbhhb] -> (nil)
AscendC: [_ZN7AscendC23copy_matrix_cc_to_ub_s4EPvPfmm] -> (nil)
AscendC: [_ZN7AscendC23copy_matrix_cc_to_ub_s4EPvPfhttjthh11QuantMode_thbbb] -> (nil)
AscendC: [_ZN7AscendC23copy_matrix_cc_to_ub_s4EPvPfhttjthh11QuantMode_thbb14QuantMode_posthbhhb] -> (nil)
AscendC: [_ZN7AscendC23copy_matrix_cc_to_ub_s4EPvPimm] -> (nil)
AscendC: [_ZN7AscendC23copy_matrix_cc_to_ub_s4EPvPihttjthh11QuantMode_thbbb] -> (nil)
AscendC: [_ZN7AscendC23copy_matrix_cc_to_ub_s4EPvPihttjthh11QuantMode_thbb14QuantMode_posthbhhb] -> (nil)
AscendC: [_ZN7AscendC22copy_matrix_cc_to_ubufEPN7float165Fp16TES2_m10ConvRelu_t] -> (nil)
AscendC: [_ZN7AscendC22copy_matrix_cc_to_ubufEPN7float165Fp16TES2_htttt10ConvRelu_t] -> 0xe7fff2c58958
AscendC: [_ZN7AscendC22copy_matrix_cc_to_ubufEPN7float165Fp16TEPfm10ConvRelu_t] -> (nil)
AscendC: [_ZN7AscendC22copy_matrix_cc_to_ubufEPN7float165Fp16TEPfhtttt10ConvRelu_t] -> 0xe7fff2c58b38
AscendC: [_ZN7AscendC22copy_matrix_cc_to_ubufEPfS0_m10ConvRelu_t] -> (nil)
AscendC: [_ZN7AscendC22copy_matrix_cc_to_ubufEPfS0_htttt10ConvRelu_t] -> 0xe7fff2c58d20
AscendC: [_ZN7AscendC22copy_matrix_cc_to_ubufEPN7float165Fp16TEPim10ConvRelu_t] -> (nil)
AscendC: [_ZN7AscendC22copy_matrix_cc_to_ubufEPN7float165Fp16TEPihtttt10ConvRelu_t] -> 0xe7fff2c58f00
AscendC: [_ZN7AscendC22copy_matrix_cc_to_ubufEPsPim10ConvRelu_t] -> (nil)
AscendC: [_ZN7AscendC22copy_matrix_cc_to_ubufEPsPihtttt10ConvRelu_t] -> 0xe7fff2c590e8
AscendC: [_ZN7AscendC22copy_matrix_cc_to_ubufEPiS0_m10ConvRelu_t] -> (nil)
AscendC: [_ZN7AscendC22copy_matrix_cc_to_ubufEPiS0_htttt10ConvRelu_t] -> 0xe7fff2c592d0
AscendC: [_ZN7AscendC22copy_matrix_cc_to_ubufEPaPim10ConvRelu_t] -> (nil)
AscendC: [_ZN7AscendC22copy_matrix_cc_to_ubufEPaPihtttt10ConvRelu_t] -> 0xe7fff2c594b0
AscendC: [_ZN7AscendC22copy_matrix_cc_to_ubufEPjS0_m10ConvRelu_t] -> (nil)
AscendC: [_ZN7AscendC22copy_matrix_cc_to_ubufEPjS0_htttt10ConvRelu_t] -> 0xe7fff2c59698
AscendC: [_ZN7AscendC22copy_matrix_cc_to_ubufEPhPim10ConvRelu_t] -> (nil)
AscendC: [_ZN7AscendC22copy_matrix_cc_to_ubufEPhPihtttt10ConvRelu_t] -> 0xe7fff2c59878
AscendC: [_ZN7AscendC22copy_matrix_ubuf_to_ccEPN7float165Fp16TES2_m10ConvRelu_t] -> (nil)
AscendC: [_ZN7AscendC22copy_matrix_ubuf_to_ccEPN7float165Fp16TES2_htttt10ConvRelu_t] -> 0xe7fff2c59a60
AscendC: [_ZN7AscendC22copy_matrix_ubuf_to_ccEPfS0_m10ConvRelu_t] -> (nil)
AscendC: [_ZN7AscendC22copy_matrix_ubuf_to_ccEPfS0_htttt10ConvRelu_t] -> 0xe7fff2c59c40
AscendC: [_ZN7AscendC22copy_matrix_ubuf_to_ccEPfPN7float165Fp16TEm10ConvRelu_t] -> (nil)
AscendC: [_ZN7AscendC22copy_matrix_ubuf_to_ccEPfPN7float165Fp16TEhtttt10ConvRelu_t] -> 0xe7fff2c59e20
AscendC: [_ZN7AscendC22copy_matrix_ubuf_to_ccEPiS0_m10ConvRelu_t] -> (nil)
AscendC: [_ZN7AscendC22copy_matrix_ubuf_to_ccEPiS0_htttt10ConvRelu_t] -> 0xe7fff2c5a008
AscendC: [_ZN7AscendC22copy_matrix_ubuf_to_ccEPjS0_m10ConvRelu_t] -> (nil)
AscendC: [_ZN7AscendC22copy_matrix_ubuf_to_ccEPjS0_htttt10ConvRelu_t] -> 0xe7fff2c5a1e8
AscendC: [_ZN7AscendC28copy_small_matrix_cc_to_ubufEPN7float165Fp16TEPim10ConvRelu_t] -> (nil)
AscendC: [_ZN7AscendC28copy_small_matrix_cc_to_ubufEPN7float165Fp16TEPihtttt10ConvRelu_t] -> (nil)
AscendC: [_ZN7AscendC28copy_small_matrix_cc_to_ubufEPsPim10ConvRelu_t] -> (nil)
AscendC: [_ZN7AscendC28copy_small_matrix_cc_to_ubufEPsPihtttt10ConvRelu_t] -> (nil)
AscendC: [_ZN7AscendC28copy_small_matrix_cc_to_ubufEPiS0_m10ConvRelu_t] -> (nil)
AscendC: [_ZN7AscendC28copy_small_matrix_cc_to_ubufEPiS0_htttt10ConvRelu_t] -> (nil)
AscendC: [_ZN7AscendC28copy_small_matrix_cc_to_ubufEPaPim10ConvRelu_t] -> (nil)
AscendC: [_ZN7AscendC28copy_small_matrix_cc_to_ubufEPaPihtttt10ConvRelu_t] -> (nil)
AscendC: [_ZN7AscendC28copy_small_matrix_cc_to_ubufEPjS0_m10ConvRelu_t] -> (nil)
AscendC: [_ZN7AscendC28copy_small_matrix_cc_to_ubufEPjS0_htttt10ConvRelu_t] -> (nil)
AscendC: [_ZN7AscendC28copy_small_matrix_cc_to_ubufEPhPim10ConvRelu_t] -> (nil)
AscendC: [_ZN7AscendC28copy_small_matrix_cc_to_ubufEPhPihtttt10ConvRelu_t] -> (nil)
AscendC: [_ZN7AscendC28copy_small_matrix_ubuf_to_ccEPiS0_m10ConvRelu_t] -> (nil)
AscendC: [_ZN7AscendC28copy_small_matrix_ubuf_to_ccEPiS0_htttt10ConvRelu_t] -> (nil)
AscendC: [_ZN7AscendC28copy_small_matrix_ubuf_to_ccEPjS0_m10ConvRelu_t] -> (nil)
AscendC: [_ZN7AscendC28copy_small_matrix_ubuf_to_ccEPjS0_htttt10ConvRelu_t] -> (nil)
AscendC: [_ZN7AscendC17copy_ubuf_to_cbufEPvS0_m] -> (nil)
AscendC: [_ZN7AscendC17copy_ubuf_to_cbufEPvS0_htttt] -> 0xe7fff2c578b8
AscendC: [_ZN7AscendC17copy_ubuf_to_fbufEPvS0_m] -> (nil)
AscendC: [_ZN7AscendC17copy_ubuf_to_fbufEPvS0_9CvtMode_ttttt] -> (nil)
AscendC: [_ZN7AscendC15copy_ubuf_to_gmEPvS0_m] -> (nil)
AscendC: [_ZN7AscendC15copy_ubuf_to_gmEPvS0_m4bm_t] -> (nil)
AscendC: [_ZN7AscendC15copy_ubuf_to_gmEPvS0_htttt4bm_t] -> (nil)
AscendC: [_ZN7AscendC15copy_ubuf_to_gmEPvS0_htttt] -> 0xe7fff2c57a80
AscendC: [_ZN7AscendC25copy_ubuf_to_gm_align_b16EPvS0_mm] -> (nil)
AscendC: [_ZN7AscendC25copy_ubuf_to_gm_align_b16EPvS0_htjhhjj] -> (nil)
AscendC: [_ZN7AscendC25copy_ubuf_to_gm_align_b32EPvS0_mm] -> (nil)
AscendC: [_ZN7AscendC25copy_ubuf_to_gm_align_b32EPvS0_htjhhjj] -> (nil)
AscendC: [_ZN7AscendC24copy_ubuf_to_gm_align_b8EPvS0_mm] -> (nil)
AscendC: [_ZN7AscendC24copy_ubuf_to_gm_align_b8EPvS0_htjhhjj] -> (nil)
AscendC: [_ZN7AscendC21copy_ubuf_to_gm_alignEPaS0_htjjj] -> 0xe7fff2c547f8
AscendC: [_ZN7AscendC21copy_ubuf_to_gm_alignEPhS0_htjjj] -> 0xe7fff2c54850
AscendC: [_ZN7AscendC21copy_ubuf_to_gm_alignEPsS0_htjjj] -> 0xe7fff2c548a8
AscendC: [_ZN7AscendC21copy_ubuf_to_gm_alignEPtS0_htjjj] -> 0xe7fff2c54900
AscendC: [_ZN7AscendC21copy_ubuf_to_gm_alignEPN7float165Fp16TES2_htjjj] -> 0xe7fff2c54a08
AscendC: [_ZN7AscendC21copy_ubuf_to_gm_alignEPiS0_htjjj] -> 0xe7fff2c54958
AscendC: [_ZN7AscendC21copy_ubuf_to_gm_alignEPjS0_htjjj] -> 0xe7fff2c549b0
AscendC: [_ZN7AscendC21copy_ubuf_to_gm_alignEPfS0_htjjj] -> 0xe7fff2c54a60
AscendC: [_ZN7AscendC23copy_ubuf_to_gm_pad_b16EPvS0_mm] -> (nil)
AscendC: [_ZN7AscendC23copy_ubuf_to_gm_pad_b16EPvS0_htttthh] -> (nil)
AscendC: [_ZN7AscendC23copy_ubuf_to_gm_pad_b32EPvS0_mm] -> (nil)
AscendC: [_ZN7AscendC23copy_ubuf_to_gm_pad_b32EPvS0_htttthh] -> (nil)
AscendC: [_ZN7AscendC22copy_ubuf_to_gm_pad_b8EPvS0_mm] -> (nil)
AscendC: [_ZN7AscendC22copy_ubuf_to_gm_pad_b8EPvS0_htttthh] -> (nil)
AscendC: [_ZN7AscendC17copy_ubuf_to_ubufEPvS0_m] -> (nil)
AscendC: [_ZN7AscendC17copy_ubuf_to_ubufEPvS0_htttt] -> 0xe7fff2c57c50
AscendC: [_ZN7AscendC22copy_vector_cc_to_ubufEPN7float165Fp16TES2_m10ConvRelu_t] -> (nil)
AscendC: [_ZN7AscendC22copy_vector_cc_to_ubufEPN7float165Fp16TES2_htttt10ConvRelu_t] -> 0xe7fff2c5a3c8
AscendC: [_ZN7AscendC22copy_vector_cc_to_ubufEPN7float165Fp16TEPfm10ConvRelu_t] -> (nil)
AscendC: [_ZN7AscendC22copy_vector_cc_to_ubufEPN7float165Fp16TEPfhtttt10ConvRelu_t] -> 0xe7fff2c5a5a8
AscendC: [_ZN7AscendC22copy_vector_cc_to_ubufEPfS0_m10ConvRelu_t] -> (nil)
AscendC: [_ZN7AscendC22copy_vector_cc_to_ubufEPfS0_htttt10ConvRelu_t] -> 0xe7fff2c5a798
AscendC: [_ZN7AscendC22copy_vector_cc_to_ubufEPN7float165Fp16TEPim10ConvRelu_t] -> (nil)
AscendC: [_ZN7AscendC22copy_vector_cc_to_ubufEPN7float165Fp16TEPihtttt10ConvRelu_t] -> 0xe7fff2c5a978
AscendC: [_ZN7AscendC22copy_vector_cc_to_ubufEPsPim10ConvRelu_t] -> (nil)
AscendC: [_ZN7AscendC22copy_vector_cc_to_ubufEPsPihtttt10ConvRelu_t] -> 0xe7fff2c5ab68
AscendC: [_ZN7AscendC22copy_vector_cc_to_ubufEPiS0_m10ConvRelu_t] -> (nil)
AscendC: [_ZN7AscendC22copy_vector_cc_to_ubufEPiS0_htttt10ConvRelu_t] -> 0xe7fff2c5ad58
AscendC: [_ZN7AscendC22copy_vector_cc_to_ubufEPaPim10ConvRelu_t] -> (nil)
AscendC: [_ZN7AscendC22copy_vector_cc_to_ubufEPaPihtttt10ConvRelu_t] -> 0xe7fff2c5af38
AscendC: [_ZN7AscendC22copy_vector_cc_to_ubufEPjS0_m10ConvRelu_t] -> (nil)
AscendC: [_ZN7AscendC22copy_vector_cc_to_ubufEPjS0_htttt10ConvRelu_t] -> 0xe7fff2c5b128
AscendC: [_ZN7AscendC22copy_vector_cc_to_ubufEPhPim10ConvRelu_t] -> (nil)
AscendC: [_ZN7AscendC22copy_vector_cc_to_ubufEPhPihtttt10ConvRelu_t] -> 0xe7fff2c5b308
AscendC: [_ZN7AscendC22copy_vector_ubuf_to_ccEPN7float165Fp16TES2_m10ConvRelu_t] -> (nil)
AscendC: [_ZN7AscendC22copy_vector_ubuf_to_ccEPN7float165Fp16TES2_htttt10ConvRelu_t] -> 0xe7fff2c5b4f8
AscendC: [_ZN7AscendC22copy_vector_ubuf_to_ccEPfS0_m10ConvRelu_t] -> (nil)
AscendC: [_ZN7AscendC22copy_vector_ubuf_to_ccEPfS0_htttt10ConvRelu_t] -> 0xe7fff2c5b6d8
AscendC: [_ZN7AscendC22copy_vector_ubuf_to_ccEPfPN7float165Fp16TEm10ConvRelu_t] -> (nil)
AscendC: [_ZN7AscendC22copy_vector_ubuf_to_ccEPfPN7float165Fp16TEhtttt10ConvRelu_t] -> 0xe7fff2c5b8b8
AscendC: [_ZN7AscendC22copy_vector_ubuf_to_ccEPiS0_m10ConvRelu_t] -> (nil)
AscendC: [_ZN7AscendC22copy_vector_ubuf_to_ccEPiS0_htttt10ConvRelu_t] -> 0xe7fff2c5baa8
AscendC: [_ZN7AscendC22copy_vector_ubuf_to_ccEPjS0_m10ConvRelu_t] -> (nil)
AscendC: [_ZN7AscendC22copy_vector_ubuf_to_ccEPjS0_htttt10ConvRelu_t] -> 0xe7fff2c5bc88
AscendC: [_ZN7AscendC16create_ca_matrixEPvlN7float165Fp16TE] -> (nil)
AscendC: [_ZN7AscendC16create_ca_matrixEPN7float165Fp16TElS1_] -> 0xe7fff2cc5bf8
AscendC: [_ZN7AscendC16create_ca_matrixEPslN7float165Fp16TE] -> 0xe7fff2cc6120
AscendC: [_ZN7AscendC16create_ca_matrixEPtlN7float165Fp16TE] -> 0xe7fff2cc6648
AscendC: [_ZN7AscendC16create_ca_matrixEPN7float165Fp16TElj] -> (nil)
AscendC: [_ZN7AscendC16create_ca_matrixEPflj] -> 0xe7fff2cc7498
AscendC: [_ZN7AscendC16create_ca_matrixEPflN7float165Fp16TE] -> (nil)
AscendC: [_ZN7AscendC16create_ca_matrixEPslj] -> (nil)
AscendC: [_ZN7AscendC16create_ca_matrixEPilj] -> 0xe7fff2cc6b70
AscendC: [_ZN7AscendC16create_ca_matrixEPilN7float165Fp16TE] -> (nil)
AscendC: [_ZN7AscendC16create_ca_matrixEPtlj] -> (nil)
AscendC: [_ZN7AscendC16create_ca_matrixEPjlj] -> 0xe7fff2cc7000
AscendC: [_ZN7AscendC16create_ca_matrixEPjlN7float165Fp16TE] -> (nil)
AscendC: [_ZN7AscendC21create_ca_matrix_bf16EPN8bfloat165Bf16TElS1_] -> 0xe7fff2cc7930
AscendC: [_ZN7AscendC16create_cb_matrixEPvlN7float165Fp16TE] -> (nil)
AscendC: [_ZN7AscendC16create_cb_matrixEPN7float165Fp16TElS1_] -> 0xe7fff2cc5db0
AscendC: [_ZN7AscendC16create_cb_matrixEPslN7float165Fp16TE] -> 0xe7fff2cc62d8
AscendC: [_ZN7AscendC16create_cb_matrixEPtlN7float165Fp16TE] -> 0xe7fff2cc6800
AscendC: [_ZN7AscendC16create_cb_matrixEPN7float165Fp16TElj] -> (nil)
AscendC: [_ZN7AscendC16create_cb_matrixEPflj] -> 0xe7fff2cc7620
AscendC: [_ZN7AscendC16create_cb_matrixEPflN7float165Fp16TE] -> (nil)
AscendC: [_ZN7AscendC16create_cb_matrixEPslj] -> (nil)
AscendC: [_ZN7AscendC16create_cb_matrixEPilj] -> 0xe7fff2cc6cf8
AscendC: [_ZN7AscendC16create_cb_matrixEPilN7float165Fp16TE] -> (nil)
AscendC: [_ZN7AscendC16create_cb_matrixEPtlj] -> (nil)
AscendC: [_ZN7AscendC16create_cb_matrixEPjlj] -> 0xe7fff2cc7188
AscendC: [_ZN7AscendC16create_cb_matrixEPjlN7float165Fp16TE] -> (nil)
AscendC: [_ZN7AscendC21create_cb_matrix_bf16EPN8bfloat165Bf16TElS1_] -> 0xe7fff2cc7ae8
AscendC: [_ZN7AscendC18create_cbuf_matrixEPvlN7float165Fp16TE] -> (nil)
AscendC: [_ZN7AscendC18create_cbuf_matrixEPN7float165Fp16TElS1_] -> 0xe7fff2cc5f68
AscendC: [_ZN7AscendC18create_cbuf_matrixEPslN7float165Fp16TE] -> 0xe7fff2cc6490
AscendC: [_ZN7AscendC18create_cbuf_matrixEPtlN7float165Fp16TE] -> 0xe7fff2cc69b8
AscendC: [_ZN7AscendC18create_cbuf_matrixEPN7float165Fp16TElj] -> (nil)
AscendC: [_ZN7AscendC18create_cbuf_matrixEPflj] -> 0xe7fff2cc77a8
AscendC: [_ZN7AscendC18create_cbuf_matrixEPflN7float165Fp16TE] -> (nil)
AscendC: [_ZN7AscendC18create_cbuf_matrixEPslj] -> (nil)
AscendC: [_ZN7AscendC18create_cbuf_matrixEPilj] -> 0xe7fff2cc6e80
AscendC: [_ZN7AscendC18create_cbuf_matrixEPilN7float165Fp16TE] -> (nil)
AscendC: [_ZN7AscendC18create_cbuf_matrixEPtlj] -> (nil)
AscendC: [_ZN7AscendC18create_cbuf_matrixEPjlj] -> 0xe7fff2cc7310
AscendC: [_ZN7AscendC18create_cbuf_matrixEPjlN7float165Fp16TE] -> (nil)
AscendC: [_ZN7AscendC23create_cbuf_matrix_bf16EPN8bfloat165Bf16TElS1_] -> 0xe7fff2cc7ca0
AscendC: [_ZN7AscendC10dc_preloadEPms] -> 0xe7fff2c6a9f8
AscendC: [_ZN7AscendC10dc_preloadEPml] -> (nil)
AscendC: [_ZN7AscendC4dcciEPvm] -> 0xe7fff2caf360
AscendC: [_ZN7AscendC4dcciEPvmm] -> 0xe7fff2caf2a8
AscendC: [_ZN7AscendC21decompress_gm_to_cbufEPhS0_l] -> (nil)
AscendC: [_ZN7AscendC21decompress_gm_to_cbufEPhS0_tbhh] -> (nil)
AscendC: [_ZN7AscendC21decompress_gm_to_cbufEPN7float165Fp16TES2_l] -> (nil)
AscendC: [_ZN7AscendC21decompress_gm_to_cbufEPN7float165Fp16TES2_tbhh] -> (nil)
AscendC: [_ZN7AscendC19decompress_gm_to_ubEPhS0_l] -> (nil)
AscendC: [_ZN7AscendC19decompress_gm_to_ubEPhS0_tbhh] -> (nil)
AscendC: [_ZN7AscendC19decompress_gm_to_ubEPN7float165Fp16TES2_l] -> (nil)
AscendC: [_ZN7AscendC19decompress_gm_to_ubEPN7float165Fp16TES2_tbhh] -> (nil)
AscendC: [_ZN7AscendC14depthwise_convEPN7float165Fp16TES2_S2_mb] -> (nil)
AscendC: [_ZN7AscendC14depthwise_convEPN7float165Fp16TES2_S2_tthhhhb] -> (nil)
AscendC: [_ZN7AscendC14depthwise_convEPfPN7float165Fp16TES3_mb] -> (nil)
AscendC: [_ZN7AscendC14depthwise_convEPfPN7float165Fp16TES3_tthhhhb] -> (nil)
AscendC: [_ZN7AscendC14depthwise_convEPiPaS1_mb] -> (nil)
AscendC: [_ZN7AscendC14depthwise_convEPiPaS1_ttahhhb] -> (nil)
AscendC: [_ZN7AscendC14depthwise_convEPiPhS1_mb] -> (nil)
AscendC: [_ZN7AscendC14depthwise_convEPiPhS1_tthhhhb] -> (nil)
AscendC: [_ZN7AscendC14depthwise_convEPiPhPamb] -> (nil)
AscendC: [_ZN7AscendC14depthwise_convEPiPhPatthhhhb] -> (nil)
AscendC: [_ZN7AscendC17depthwise_conv_v2EPN7float165Fp16TES2_S2_m] -> (nil)
AscendC: [_ZN7AscendC17depthwise_conv_v2EPN7float165Fp16TES2_S2_tthhhthbbh] -> (nil)
AscendC: [_ZN7AscendC17depthwise_conv_v2EPfPN7float165Fp16TES3_m] -> (nil)
AscendC: [_ZN7AscendC17depthwise_conv_v2EPfPN7float165Fp16TES3_tthhhthbbh] -> (nil)
AscendC: [_ZN7AscendC17depthwise_conv_v2EPiPaS1_m] -> (nil)
AscendC: [_ZN7AscendC17depthwise_conv_v2EPiPaS1_tthhhthbbh] -> (nil)
AscendC: [_ZN7AscendC17depthwise_conv_v2EPiPhS1_m] -> (nil)
AscendC: [_ZN7AscendC17depthwise_conv_v2EPiPhS1_tthhhthbbh] -> (nil)
AscendC: [_ZN7AscendC17depthwise_conv_v2EPiPhPam] -> (nil)
AscendC: [_ZN7AscendC17depthwise_conv_v2EPiPhPatthhhthbbh] -> (nil)
AscendC: [_ZN7AscendC3dsbE9mem_dsb_t] -> 0xe7fff2c6a1c0
AscendC: [_ZN7AscendC22fake_overflow_status_1Ev] -> (nil)
AscendC: [_ZN7AscendC22fake_overflow_status_2Ev] -> (nil)
AscendC: [_ZN7AscendC20ffts_cross_core_syncE6pipe_tm] -> (nil)
AscendC: [_ZN7AscendC5fifr1EPsS0_mm] -> (nil)
AscendC: [_ZN7AscendC5fifr1EPsS0_mm4bm_t] -> (nil)
AscendC: [_ZN7AscendC5fifr1EPsS0_8w_size_thhhaaaaaaaaaahh4bm_t] -> (nil)
AscendC: [_ZN7AscendC5fifr1EPsS0_8w_size_thhhaaaaaaaaaahh] -> (nil)
AscendC: [_ZN7AscendC5fifr1EPsPamm] -> (nil)
AscendC: [_ZN7AscendC5fifr1EPsPamm4bm_t] -> (nil)
AscendC: [_ZN7AscendC5fifr1EPsPa8w_size_thhhaaaaaaaaaahh4bm_t] -> (nil)
AscendC: [_ZN7AscendC5fifr1EPsPa8w_size_thhhaaaaaaaaaahh] -> (nil)
AscendC: [_ZN7AscendC5fifr1EPsPtmm] -> (nil)
AscendC: [_ZN7AscendC5fifr1EPsPtmm4bm_t] -> (nil)
AscendC: [_ZN7AscendC5fifr1EPsPt8w_size_thhhaaaaaaaaaahh4bm_t] -> (nil)
AscendC: [_ZN7AscendC5fifr1EPsPt8w_size_thhhaaaaaaaaaahh] -> (nil)
AscendC: [_ZN7AscendC5fifr1EPsPhmm] -> (nil)
AscendC: [_ZN7AscendC5fifr1EPsPhmm4bm_t] -> (nil)
AscendC: [_ZN7AscendC5fifr1EPsPh8w_size_thhhaaaaaaaaaahh4bm_t] -> (nil)
AscendC: [_ZN7AscendC5fifr1EPsPh8w_size_thhhaaaaaaaaaahh] -> (nil)
AscendC: [_ZN7AscendC26fix_depthwisein_cc_to_cbufEPaPimm] -> (nil)
AscendC: [_ZN7AscendC26fix_depthwisein_cc_to_cbufEPaPi11unit_flag_thtttt13ConvReluFix_tb6Relu_tbS4_6Pool_t5Req_t10DualMode_ttt] -> (nil)
AscendC: [_ZN7AscendC26fix_depthwisein_cc_to_cbufEPhPimm] -> (nil)
AscendC: [_ZN7AscendC26fix_depthwisein_cc_to_cbufEPhPi11unit_flag_thtttt13ConvReluFix_tb6Relu_tbS4_6Pool_t5Req_t10DualMode_ttt] -> (nil)
AscendC: [_ZN7AscendC26fix_depthwisein_cc_to_ubufEPaPimm] -> (nil)
AscendC: [_ZN7AscendC26fix_depthwisein_cc_to_ubufEPaPi11unit_flag_thtttt13ConvReluFix_tb6Relu_tbS4_6Pool_t5Req_t10DualMode_ttt] -> (nil)
AscendC: [_ZN7AscendC26fix_depthwisein_cc_to_ubufEPhPimm] -> (nil)
AscendC: [_ZN7AscendC26fix_depthwisein_cc_to_ubufEPhPi11unit_flag_thtttt13ConvReluFix_tb6Relu_tbS4_6Pool_t5Req_t10DualMode_ttt] -> (nil)
AscendC: [_ZN7AscendC27fix_depthwiseout_cc_to_cbufEPaPimm] -> (nil)
AscendC: [_ZN7AscendC27fix_depthwiseout_cc_to_cbufEPaPi11unit_flag_thtttt13ConvReluFix_tb6Relu_tbS4_6Pool_t5Req_t10DualMode_ttt] -> (nil)
AscendC: [_ZN7AscendC27fix_depthwiseout_cc_to_cbufEPhPimm] -> (nil)
AscendC: [_ZN7AscendC27fix_depthwiseout_cc_to_cbufEPhPi11unit_flag_thtttt13ConvReluFix_tb6Relu_tbS4_6Pool_t5Req_t10DualMode_ttt] -> (nil)
AscendC: [_ZN7AscendC21fix_matrix_cc_to_cbufEPN7float165Fp16TES2_mm] -> (nil)
AscendC: [_ZN7AscendC21fix_matrix_cc_to_cbufEPaPN7float165Fp16TEmm] -> (nil)
AscendC: [_ZN7AscendC21fix_matrix_cc_to_cbufEPaPN7float165Fp16TE11unit_flag_thtttt13ConvReluFix_tb6Relu_tbS6_6Pool_t5Req_t10DualMode_ttt] -> (nil)
AscendC: [_ZN7AscendC21fix_matrix_cc_to_cbufEPhPN7float165Fp16TEmm] -> (nil)
AscendC: [_ZN7AscendC21fix_matrix_cc_to_cbufEPhPN7float165Fp16TE11unit_flag_thtttt13ConvReluFix_tb6Relu_tbS6_6Pool_t5Req_t10DualMode_ttt] -> (nil)
AscendC: [_ZN7AscendC21fix_matrix_cc_to_cbufEPN7float165Fp16TES2_11unit_flag_thtttt13ConvReluFix_tb6Relu_tbS5_6Pool_t5Req_t10DualMode_ttt] -> (nil)
AscendC: [_ZN7AscendC21fix_matrix_cc_to_cbufEPiS0_mm] -> (nil)
AscendC: [_ZN7AscendC21fix_matrix_cc_to_cbufEPN7float165Fp16TEPimm] -> (nil)
AscendC: [_ZN7AscendC21fix_matrix_cc_to_cbufEPN7float165Fp16TEPi11unit_flag_thtttt13ConvReluFix_tb6Relu_tbS6_6Pool_t5Req_t10DualMode_ttt] -> (nil)
AscendC: [_ZN7AscendC21fix_matrix_cc_to_cbufEPsPimm] -> (nil)
AscendC: [_ZN7AscendC21fix_matrix_cc_to_cbufEPsPi11unit_flag_thtttt13ConvReluFix_tb6Relu_tbS4_6Pool_t5Req_t10DualMode_ttt] -> (nil)
AscendC: [_ZN7AscendC21fix_matrix_cc_to_cbufEPaPimm] -> (nil)
AscendC: [_ZN7AscendC21fix_matrix_cc_to_cbufEPaPi11unit_flag_thtttt13ConvReluFix_tb6Relu_tbS4_6Pool_t5Req_t10DualMode_ttt] -> (nil)
AscendC: [_ZN7AscendC21fix_matrix_cc_to_cbufEPhPimm] -> (nil)
AscendC: [_ZN7AscendC21fix_matrix_cc_to_cbufEPhPi11unit_flag_thtttt13ConvReluFix_tb6Relu_tbS4_6Pool_t5Req_t10DualMode_ttt] -> (nil)
AscendC: [_ZN7AscendC21fix_matrix_cc_to_cbufEPiS0_11unit_flag_thtttt13ConvReluFix_tb6Relu_tbS3_6Pool_t5Req_t10DualMode_ttt] -> (nil)
AscendC: [_ZN7AscendC21fix_matrix_cc_to_ubufEPN7float165Fp16TES2_mm] -> (nil)
AscendC: [_ZN7AscendC21fix_matrix_cc_to_ubufEPN7float165Fp16TES2_11unit_flag_thtttt13ConvReluFix_tb6Relu_tbS5_6Pool_t5Req_t10DualMode_ttt] -> (nil)
AscendC: [_ZN7AscendC21fix_matrix_cc_to_ubufEPN7float165Fp16TEPimm] -> (nil)
AscendC: [_ZN7AscendC21fix_matrix_cc_to_ubufEPN7float165Fp16TEPi11unit_flag_thtttt13ConvReluFix_tb6Relu_tbS6_6Pool_t5Req_t10DualMode_ttt] -> (nil)
AscendC: [_ZN7AscendC21fix_matrix_cc_to_ubufEPsPimm] -> (nil)
AscendC: [_ZN7AscendC21fix_matrix_cc_to_ubufEPsPi11unit_flag_thtttt13ConvReluFix_tb6Relu_tbS4_6Pool_t5Req_t10DualMode_ttt] -> (nil)
AscendC: [_ZN7AscendC21fix_matrix_cc_to_ubufEPiS0_mm] -> (nil)
AscendC: [_ZN7AscendC21fix_matrix_cc_to_ubufEPiS0_11unit_flag_thtttt13ConvReluFix_tb6Relu_tbS3_6Pool_t5Req_t10DualMode_ttt] -> (nil)
AscendC: [_ZN7AscendC21fix_matrix_cc_to_ubufEPaPimm] -> (nil)
AscendC: [_ZN7AscendC21fix_matrix_cc_to_ubufEPaPi11unit_flag_thtttt13ConvReluFix_tb6Relu_tbS4_6Pool_t5Req_t10DualMode_ttt] -> (nil)
AscendC: [_ZN7AscendC21fix_matrix_cc_to_ubufEPhPimm] -> (nil)
AscendC: [_ZN7AscendC21fix_matrix_cc_to_ubufEPhPi11unit_flag_thtttt13ConvReluFix_tb6Relu_tbS4_6Pool_t5Req_t10DualMode_ttt] -> (nil)
AscendC: [_ZN7AscendC23fix_winograd_cc_to_cbufEPiS0_mm] -> (nil)
AscendC: [_ZN7AscendC23fix_winograd_cc_to_cbufEPN7float165Fp16TEPimm] -> (nil)
AscendC: [_ZN7AscendC23fix_winograd_cc_to_cbufEPN7float165Fp16TEPi11unit_flag_thtttt13ConvReluFix_tb6Relu_tbS6_6Pool_t5Req_t10DualMode_ttt] -> (nil)
AscendC: [_ZN7AscendC23fix_winograd_cc_to_cbufEPsPimm] -> (nil)
AscendC: [_ZN7AscendC23fix_winograd_cc_to_cbufEPsPi11unit_flag_thtttt13ConvReluFix_tb6Relu_tbS4_6Pool_t5Req_t10DualMode_ttt] -> (nil)
AscendC: [_ZN7AscendC23fix_winograd_cc_to_cbufEPaPimm] -> (nil)
AscendC: [_ZN7AscendC23fix_winograd_cc_to_cbufEPaPi11unit_flag_thtttt13ConvReluFix_tb6Relu_tbS4_6Pool_t5Req_t10DualMode_ttt] -> (nil)
AscendC: [_ZN7AscendC23fix_winograd_cc_to_cbufEPhPimm] -> (nil)
AscendC: [_ZN7AscendC23fix_winograd_cc_to_cbufEPhPi11unit_flag_thtttt13ConvReluFix_tb6Relu_tbS4_6Pool_t5Req_t10DualMode_ttt] -> (nil)
AscendC: [_ZN7AscendC23fix_winograd_cc_to_cbufEPiS0_11unit_flag_thtttt13ConvReluFix_tb6Relu_tbS3_6Pool_t5Req_t10DualMode_ttt] -> (nil)
AscendC: [_ZN7AscendC23fix_winograd_cc_to_ubufEPiS0_mm] -> (nil)
AscendC: [_ZN7AscendC23fix_winograd_cc_to_ubufEPN7float165Fp16TEPimm] -> (nil)
AscendC: [_ZN7AscendC23fix_winograd_cc_to_ubufEPN7float165Fp16TEPi11unit_flag_thtttt13ConvReluFix_tb6Relu_tbS6_6Pool_t5Req_t10DualMode_ttt] -> (nil)
AscendC: [_ZN7AscendC23fix_winograd_cc_to_ubufEPsPimm] -> (nil)
AscendC: [_ZN7AscendC23fix_winograd_cc_to_ubufEPsPi11unit_flag_thtttt13ConvReluFix_tb6Relu_tbS4_6Pool_t5Req_t10DualMode_ttt] -> (nil)
AscendC: [_ZN7AscendC23fix_winograd_cc_to_ubufEPaPimm] -> (nil)
AscendC: [_ZN7AscendC23fix_winograd_cc_to_ubufEPaPi11unit_flag_thtttt13ConvReluFix_tb6Relu_tbS4_6Pool_t5Req_t10DualMode_ttt] -> (nil)
AscendC: [_ZN7AscendC23fix_winograd_cc_to_ubufEPhPimm] -> (nil)
AscendC: [_ZN7AscendC23fix_winograd_cc_to_ubufEPhPi11unit_flag_thtttt13ConvReluFix_tb6Relu_tbS4_6Pool_t5Req_t10DualMode_ttt] -> (nil)
AscendC: [_ZN7AscendC23fix_winograd_cc_to_ubufEPiS0_11unit_flag_thtttt13ConvReluFix_tb6Relu_tbS3_6Pool_t5Req_t10DualMode_ttt] -> (nil)
AscendC: [_ZN7AscendC4fmaxEPhS0_m] -> (nil)
AscendC: [_ZN7AscendC4fmaxEPhS0_8w_size_thhhaaaaa] -> (nil)
AscendC: [_ZN7AscendC4fminEPhS0_m] -> (nil)
AscendC: [_ZN7AscendC4fminEPhS0_8w_size_thhhaaaaa] -> (nil)
AscendC: [_ZN7AscendC11get_acc_valEv] -> 0xe7fff2c69a58
AscendC: [_ZN7AscendC6get_arEv] -> 0xe7fff2c69910
AscendC: [_ZN7AscendC12get_arch_verEv] -> 0xe7fff2c6a768
AscendC: [_ZN7AscendC13get_block_idxEv] -> 0xe7fff2c6a710
AscendC: [_ZN7AscendC13get_block_numEv] -> 0xe7fff2c6a720
AscendC: [_ZN7AscendC11get_cmpmaskEPv] -> 0xe7fff2c69e30
AscendC: [_ZN7AscendC8get_condEv] -> 0xe7fff2c69058
AscendC: [_ZN7AscendC18get_condition_flagEv] -> 0xe7fff2c691a0
AscendC: [_ZN7AscendC10get_coreidEv] -> (nil)
AscendC: [_ZN7AscendC8get_ctrlEv] -> 0xe7fff2c692e8
AscendC: [_ZN7AscendC18get_data_main_baseEv] -> (nil)
AscendC: [_ZN7AscendC13get_data_sizeEv] -> (nil)
AscendC: [_ZN7AscendC16get_data_ub_baseEv] -> (nil)
AscendC: [_ZN7AscendC18get_ffts_base_addrEv] -> (nil)
AscendC: [_ZN7AscendC7get_fpcEv] -> (nil)
AscendC: [_ZN7AscendC17get_icache_prl_stEv] -> 0xe7fff2c6abf8
AscendC: [_ZN7AscendC7get_immEm] -> (nil)
AscendC: [_ZN7AscendC7get_immEmm] -> (nil)
AscendC: [_ZN7AscendC7get_immEmmm] -> (nil)
AscendC: [_ZN7AscendC7get_immEmmmm] -> (nil)
AscendC: [_ZN7AscendC9get_k_numEv] -> (nil)
AscendC: [_ZN7AscendC14get_l2_in_mainEv] -> (nil)
AscendC: [_ZN7AscendC17get_l2_vaddr_baseEv] -> (nil)
AscendC: [_ZN7AscendC9get_lpcntEv] -> (nil)
AscendC: [_ZN7AscendC15get_max_min_cntEv] -> 0xe7fff2c69ce8
AscendC: [_ZN7AscendC19get_overflow_statusEv] -> (nil)
AscendC: [_ZN7AscendC13get_para_baseEv] -> (nil)
AscendC: [_ZN7AscendC6get_pcEv] -> 0xe7fff2c6a8b0
AscendC: [_ZN7AscendC14get_rpn_cor_irEv] -> (nil)
AscendC: [_ZN7AscendC12get_rsvd_cntEv] -> 0xe7fff2c697c8
AscendC: [_ZN7AscendC19get_safety_crc_dataEv] -> (nil)
AscendC: [_ZN7AscendC17get_safety_crc_enEv] -> (nil)
AscendC: [_ZN7AscendC16get_smmu_tag_verEv] -> (nil)
AscendC: [_ZN7AscendC17get_st_atomic_cfgEv] -> 0xe7fff2c69ba0
AscendC: [_ZN7AscendC18get_stack_phy_baseEv] -> (nil)
AscendC: [_ZN7AscendC10get_statusEv] -> (nil)
AscendC: [_ZN7AscendC15get_subblockdimEv] -> (nil)
AscendC: [_ZN7AscendC14get_subblockidEv] -> (nil)
AscendC: [_ZN7AscendC11get_sys_cntEv] -> (nil)
AscendC: [_ZN7AscendC15get_sys_va_baseEv] -> (nil)
AscendC: [_ZN7AscendC14get_thread_dimEv] -> (nil)
AscendC: [_ZN7AscendC13get_thread_idEv] -> (nil)
AscendC: [_ZN7AscendC6get_vlEv] -> (nil)
AscendC: [_ZN7AscendC11get_vms4_srEv] -> 0xe7fff2c69680
AscendC: [_ZN7AscendC15hebcd_out_to_ubEPvS0_S0_m] -> (nil)
AscendC: [_ZN7AscendC15hebcd_out_to_ubEPvS0_S0_hhbbhttht] -> (nil)
AscendC: [_ZN7AscendC15hebce_l1_to_outEPvS0_S0_m] -> (nil)
AscendC: [_ZN7AscendC15hebce_l1_to_outEPvS0_S0_bbhhbbhttht] -> (nil)
AscendC: [_ZN7AscendC15hebce_ub_to_outEPvS0_S0_m] -> (nil)
AscendC: [_ZN7AscendC15hebce_ub_to_outEPvS0_S0_bbhhbbhttht] -> (nil)
AscendC: [_ZN7AscendC9hset_flagE6pipe_tS0_7event_t5mem_tb] -> 0xe7fff2c6b808
AscendC: [_ZN7AscendC9hset_flagE6pipe_tS0_m5mem_tb] -> (nil)
AscendC: [_ZN7AscendC10hwait_flagE6pipe_tS0_7event_t5mem_tb] -> 0xe7fff2c6b5f8
AscendC: [_ZN7AscendC10hwait_flagE6pipe_tS0_m5mem_tb] -> (nil)
AscendC: [_ZN7AscendC18img2col_cbuf_to_caEPN7float165Fp16TES2_mm7csize_t] -> (nil)
AscendC: [_ZN7AscendC18img2col_cbuf_to_caEPN7float165Fp16TES2_hhssthhhhhhhhh7csize_t] -> (nil)
AscendC: [_ZN7AscendC18img2col_cbuf_to_caEPaS0_mm7csize_t] -> (nil)
AscendC: [_ZN7AscendC18img2col_cbuf_to_caEPaS0_hhssthhhhhhhhh7csize_t] -> (nil)
AscendC: [_ZN7AscendC18img2col_cbuf_to_caEPhS0_mm7csize_t] -> (nil)
AscendC: [_ZN7AscendC18img2col_cbuf_to_caEPhS0_hhssthhhhhhhhh7csize_t] -> (nil)
AscendC: [_ZN7AscendC18img2col_cbuf_to_cbEPN7float165Fp16TES2_mm7csize_t] -> (nil)
AscendC: [_ZN7AscendC18img2col_cbuf_to_cbEPN7float165Fp16TES2_hhssthhhhhhhhh7csize_t] -> (nil)
AscendC: [_ZN7AscendC18img2col_cbuf_to_cbEPaS0_mm7csize_t] -> (nil)
AscendC: [_ZN7AscendC18img2col_cbuf_to_cbEPaS0_hhssthhhhhhhhh7csize_t] -> (nil)
AscendC: [_ZN7AscendC18img2col_cbuf_to_cbEPhS0_mm7csize_t] -> (nil)
AscendC: [_ZN7AscendC18img2col_cbuf_to_cbEPhS0_hhssthhhhhhhhh7csize_t] -> (nil)
AscendC: [_ZN7AscendC18img2col_cbuf_to_ubEPN7float165Fp16TES2_mm7csize_t] -> (nil)
AscendC: [_ZN7AscendC18img2col_cbuf_to_ubEPN7float165Fp16TES2_hhssthhhhhhhhh7csize_t] -> (nil)
AscendC: [_ZN7AscendC18img2col_cbuf_to_ubEPaS0_mm7csize_t] -> (nil)
AscendC: [_ZN7AscendC18img2col_cbuf_to_ubEPaS0_hhssthhhhhhhhh7csize_t] -> (nil)
AscendC: [_ZN7AscendC18img2col_cbuf_to_ubEPhS0_mm7csize_t] -> (nil)
AscendC: [_ZN7AscendC18img2col_cbuf_to_ubEPhS0_hhssthhhhhhhhh7csize_t] -> (nil)
AscendC: [_ZN7AscendC20img2colv2_cbuf_to_caEPN7float165Fp16TES2_mm] -> (nil)
AscendC: [_ZN7AscendC20img2colv2_cbuf_to_caEPN7float165Fp16TES2_mm4bm_t] -> (nil)
AscendC: [_ZN7AscendC20img2colv2_cbuf_to_caEPN7float165Fp16TES2_tttthhhhhhbt] -> (nil)
AscendC: [_ZN7AscendC20img2colv2_cbuf_to_caEPN7float165Fp16TES2_tttthhhhhhbt4bm_t] -> (nil)
AscendC: [_ZN7AscendC20img2colv2_cbuf_to_caEPN7float165Fp16TES2_tttthhhhhhbbbbt] -> 0xe7fff2cc8d30
AscendC: [_ZN7AscendC20img2colv2_cbuf_to_caEPN8bfloat165Bf16TES2_mm] -> (nil)
AscendC: [_ZN7AscendC20img2colv2_cbuf_to_caEPN8bfloat165Bf16TES2_mm4bm_t] -> (nil)
AscendC: [_ZN7AscendC20img2colv2_cbuf_to_caEPN8bfloat165Bf16TES2_tttthhhhhhbt] -> (nil)
AscendC: [_ZN7AscendC20img2colv2_cbuf_to_caEPN8bfloat165Bf16TES2_tttthhhhhhbt4bm_t] -> (nil)
AscendC: [_ZN7AscendC20img2colv2_cbuf_to_caEPN8bfloat165Bf16TES2_tttthhhhhhbbbbt] -> 0xe7fff2cc8810
AscendC: [_ZN7AscendC20img2colv2_cbuf_to_caEPfS0_mm] -> (nil)
AscendC: [_ZN7AscendC20img2colv2_cbuf_to_caEPfS0_mm4bm_t] -> (nil)
AscendC: [_ZN7AscendC20img2colv2_cbuf_to_caEPfS0_tttthhhhhhbt] -> (nil)
AscendC: [_ZN7AscendC20img2colv2_cbuf_to_caEPfS0_tttthhhhhhbt4bm_t] -> (nil)
AscendC: [_ZN7AscendC20img2colv2_cbuf_to_caEPfS0_tttthhhhhhbbbbt] -> 0xe7fff2cc9250
AscendC: [_ZN7AscendC20img2colv2_cbuf_to_caEPiS0_mm] -> (nil)
AscendC: [_ZN7AscendC20img2colv2_cbuf_to_caEPiS0_mm4bm_t] -> (nil)
AscendC: [_ZN7AscendC20img2colv2_cbuf_to_caEPiS0_tttthhhhhhbt] -> (nil)
AscendC: [_ZN7AscendC20img2colv2_cbuf_to_caEPiS0_tttthhhhhhbt4bm_t] -> (nil)
AscendC: [_ZN7AscendC20img2colv2_cbuf_to_caEPiS0_tttthhhhhhbbbbt] -> 0xe7fff2cc9ab0
AscendC: [_ZN7AscendC20img2colv2_cbuf_to_caEPaS0_mm] -> (nil)
AscendC: [_ZN7AscendC20img2colv2_cbuf_to_caEPaS0_mm4bm_t] -> (nil)
AscendC: [_ZN7AscendC20img2colv2_cbuf_to_caEPaS0_tttthhhhhhbt] -> (nil)
AscendC: [_ZN7AscendC20img2colv2_cbuf_to_caEPaS0_tttthhhhhhbt4bm_t] -> (nil)
AscendC: [_ZN7AscendC20img2colv2_cbuf_to_caEPaS0_tttthhhhhhbbbbt] -> 0xe7fff2cca0f8
AscendC: [_ZN7AscendC20img2colv2_cbuf_to_caEPjS0_mm] -> (nil)
AscendC: [_ZN7AscendC20img2colv2_cbuf_to_caEPjS0_mm4bm_t] -> (nil)
AscendC: [_ZN7AscendC20img2colv2_cbuf_to_caEPjS0_tttthhhhhhbt] -> (nil)
AscendC: [_ZN7AscendC20img2colv2_cbuf_to_caEPjS0_tttthhhhhhbt4bm_t] -> (nil)
AscendC: [_ZN7AscendC20img2colv2_cbuf_to_caEPjS0_tttthhhhhhbbbbt] -> 0xe7fff2cc9680
AscendC: [_ZN7AscendC20img2colv2_cbuf_to_caEPhS0_mm] -> (nil)
AscendC: [_ZN7AscendC20img2colv2_cbuf_to_caEPhS0_mm4bm_t] -> (nil)
AscendC: [_ZN7AscendC20img2colv2_cbuf_to_caEPhS0_tttthhhhhhbt] -> (nil)
AscendC: [_ZN7AscendC20img2colv2_cbuf_to_caEPhS0_tttthhhhhhbt4bm_t] -> (nil)
AscendC: [_ZN7AscendC20img2colv2_cbuf_to_caEPhS0_tttthhhhhhbbbbt] -> 0xe7fff2cc9ee0
AscendC: [_ZN7AscendC23img2colv2_cbuf_to_ca_s4EPvS0_mm] -> (nil)
AscendC: [_ZN7AscendC23img2colv2_cbuf_to_ca_s4EPvS0_mm4bm_t] -> (nil)
AscendC: [_ZN7AscendC23img2colv2_cbuf_to_ca_s4EPvS0_tttthhhhhhbt] -> (nil)
AscendC: [_ZN7AscendC23img2colv2_cbuf_to_ca_s4EPvS0_tttthhhhhhbt4bm_t] -> (nil)
AscendC: [_ZN7AscendC23img2colv2_cbuf_to_ca_s4EPvS0_tttthhhhhhbbbbt] -> 0xe7fff2cc8608
AscendC: [_ZN7AscendC20img2colv2_cbuf_to_cbEPN7float165Fp16TES2_mm] -> (nil)
AscendC: [_ZN7AscendC20img2colv2_cbuf_to_cbEPN7float165Fp16TES2_mm4bm_t] -> (nil)
AscendC: [_ZN7AscendC20img2colv2_cbuf_to_cbEPN7float165Fp16TES2_tttthhhhhhbt] -> (nil)
AscendC: [_ZN7AscendC20img2colv2_cbuf_to_cbEPN7float165Fp16TES2_tttthhhhhhbt4bm_t] -> (nil)
AscendC: [_ZN7AscendC20img2colv2_cbuf_to_cbEPN7float165Fp16TES2_tttthhhhhhbbbbt] -> 0xe7fff2cc8fc0
AscendC: [_ZN7AscendC20img2colv2_cbuf_to_cbEPN8bfloat165Bf16TES2_mm] -> (nil)
AscendC: [_ZN7AscendC20img2colv2_cbuf_to_cbEPN8bfloat165Bf16TES2_mm4bm_t] -> (nil)
AscendC: [_ZN7AscendC20img2colv2_cbuf_to_cbEPN8bfloat165Bf16TES2_tttthhhhhhbt] -> (nil)
AscendC: [_ZN7AscendC20img2colv2_cbuf_to_cbEPN8bfloat165Bf16TES2_tttthhhhhhbt4bm_t] -> (nil)
AscendC: [_ZN7AscendC20img2colv2_cbuf_to_cbEPN8bfloat165Bf16TES2_tttthhhhhhbbbbt] -> 0xe7fff2cc8aa0
AscendC: [_ZN7AscendC20img2colv2_cbuf_to_cbEPfS0_mm] -> (nil)
AscendC: [_ZN7AscendC20img2colv2_cbuf_to_cbEPfS0_mm4bm_t] -> (nil)
AscendC: [_ZN7AscendC20img2colv2_cbuf_to_cbEPfS0_tttthhhhhhbt] -> (nil)
AscendC: [_ZN7AscendC20img2colv2_cbuf_to_cbEPfS0_tttthhhhhhbt4bm_t] -> (nil)
AscendC: [_ZN7AscendC20img2colv2_cbuf_to_cbEPfS0_tttthhhhhhbbbbt] -> 0xe7fff2cc9468
AscendC: [_ZN7AscendC20img2colv2_cbuf_to_cbEPiS0_mm] -> (nil)
AscendC: [_ZN7AscendC20img2colv2_cbuf_to_cbEPiS0_mm4bm_t] -> (nil)
AscendC: [_ZN7AscendC20img2colv2_cbuf_to_cbEPiS0_tttthhhhhhbt] -> (nil)
AscendC: [_ZN7AscendC20img2colv2_cbuf_to_cbEPiS0_tttthhhhhhbt4bm_t] -> (nil)
AscendC: [_ZN7AscendC20img2colv2_cbuf_to_cbEPiS0_tttthhhhhhbbbbt] -> 0xe7fff2cc9cc8
AscendC: [_ZN7AscendC20img2colv2_cbuf_to_cbEPaS0_mm] -> (nil)
AscendC: [_ZN7AscendC20img2colv2_cbuf_to_cbEPaS0_mm4bm_t] -> (nil)
AscendC: [_ZN7AscendC20img2colv2_cbuf_to_cbEPaS0_tttthhhhhhbt] -> (nil)
AscendC: [_ZN7AscendC20img2colv2_cbuf_to_cbEPaS0_tttthhhhhhbt4bm_t] -> (nil)
AscendC: [_ZN7AscendC20img2colv2_cbuf_to_cbEPaS0_tttthhhhhhbbbbt] -> 0xe7fff2cca310
AscendC: [_ZN7AscendC20img2colv2_cbuf_to_cbEPjS0_mm] -> (nil)
AscendC: [_ZN7AscendC20img2colv2_cbuf_to_cbEPjS0_mm4bm_t] -> (nil)
AscendC: [_ZN7AscendC20img2colv2_cbuf_to_cbEPjS0_tttthhhhhhbt] -> (nil)
AscendC: [_ZN7AscendC20img2colv2_cbuf_to_cbEPjS0_tttthhhhhhbt4bm_t] -> (nil)
AscendC: [_ZN7AscendC20img2colv2_cbuf_to_cbEPjS0_tttthhhhhhbbbbt] -> 0xe7fff2cc9898
AscendC: [_ZN7AscendC20img2colv2_cbuf_to_cbEPhS0_mm] -> (nil)
AscendC: [_ZN7AscendC20img2colv2_cbuf_to_cbEPhS0_mm4bm_t] -> (nil)
AscendC: [_ZN7AscendC20img2colv2_cbuf_to_cbEPhS0_tttthhhhhhbt] -> (nil)
AscendC: [_ZN7AscendC20img2colv2_cbuf_to_cbEPhS0_tttthhhhhhbt4bm_t] -> (nil)
AscendC: [_ZN7AscendC20img2colv2_cbuf_to_cbEPhS0_tttthhhhhhbbbbt] -> (nil)
AscendC: [_ZN7AscendC23img2colv2_cbuf_to_cb_s4EPvS0_mm] -> (nil)
AscendC: [_ZN7AscendC23img2colv2_cbuf_to_cb_s4EPvS0_mm4bm_t] -> (nil)
AscendC: [_ZN7AscendC23img2colv2_cbuf_to_cb_s4EPvS0_tttthhhhhhbt] -> (nil)
AscendC: [_ZN7AscendC23img2colv2_cbuf_to_cb_s4EPvS0_tttthhhhhhbt4bm_t] -> (nil)
AscendC: [_ZN7AscendC23img2colv2_cbuf_to_cb_s4EPvS0_tttthhhhhhbbbbt] -> (nil)
AscendC: [_ZN7AscendC20img2colv2_cbuf_to_ubEPN7float165Fp16TES2_mm] -> (nil)
AscendC: [_ZN7AscendC20img2colv2_cbuf_to_ubEPN7float165Fp16TES2_mm4bm_t] -> (nil)
AscendC: [_ZN7AscendC20img2colv2_cbuf_to_ubEPN7float165Fp16TES2_tttthhhhhhbt] -> (nil)
AscendC: [_ZN7AscendC20img2colv2_cbuf_to_ubEPN7float165Fp16TES2_tttthhhhhhbt4bm_t] -> (nil)
AscendC: [_ZN7AscendC20img2colv2_cbuf_to_ubEPN7float165Fp16TES2_tttthhhhhhbbbbt] -> (nil)
AscendC: [_ZN7AscendC20img2colv2_cbuf_to_ubEPfS0_mm] -> (nil)
AscendC: [_ZN7AscendC20img2colv2_cbuf_to_ubEPfS0_mm4bm_t] -> (nil)
AscendC: [_ZN7AscendC20img2colv2_cbuf_to_ubEPfS0_tttthhhhhhbt] -> (nil)
AscendC: [_ZN7AscendC20img2colv2_cbuf_to_ubEPfS0_tttthhhhhhbt4bm_t] -> (nil)
AscendC: [_ZN7AscendC20img2colv2_cbuf_to_ubEPfS0_tttthhhhhhbbbbt] -> (nil)
AscendC: [_ZN7AscendC20img2colv2_cbuf_to_ubEPiS0_mm] -> (nil)
AscendC: [_ZN7AscendC20img2colv2_cbuf_to_ubEPiS0_mm4bm_t] -> (nil)
AscendC: [_ZN7AscendC20img2colv2_cbuf_to_ubEPiS0_tttthhhhhhbt] -> (nil)
AscendC: [_ZN7AscendC20img2colv2_cbuf_to_ubEPiS0_tttthhhhhhbt4bm_t] -> (nil)
AscendC: [_ZN7AscendC20img2colv2_cbuf_to_ubEPiS0_tttthhhhhhbbbbt] -> (nil)
AscendC: [_ZN7AscendC20img2colv2_cbuf_to_ubEPaS0_mm] -> (nil)
AscendC: [_ZN7AscendC20img2colv2_cbuf_to_ubEPaS0_mm4bm_t] -> (nil)
AscendC: [_ZN7AscendC20img2colv2_cbuf_to_ubEPaS0_tttthhhhhhbt] -> (nil)
AscendC: [_ZN7AscendC20img2colv2_cbuf_to_ubEPaS0_tttthhhhhhbt4bm_t] -> (nil)
AscendC: [_ZN7AscendC20img2colv2_cbuf_to_ubEPaS0_tttthhhhhhbbbbt] -> (nil)
AscendC: [_ZN7AscendC20img2colv2_cbuf_to_ubEPjS0_mm] -> (nil)
AscendC: [_ZN7AscendC20img2colv2_cbuf_to_ubEPjS0_mm4bm_t] -> (nil)
AscendC: [_ZN7AscendC20img2colv2_cbuf_to_ubEPjS0_tttthhhhhhbt] -> (nil)
AscendC: [_ZN7AscendC20img2colv2_cbuf_to_ubEPjS0_tttthhhhhhbt4bm_t] -> (nil)
AscendC: [_ZN7AscendC20img2colv2_cbuf_to_ubEPjS0_tttthhhhhhbbbbt] -> (nil)
AscendC: [_ZN7AscendC20img2colv2_cbuf_to_ubEPhS0_mm] -> (nil)
AscendC: [_ZN7AscendC20img2colv2_cbuf_to_ubEPhS0_mm4bm_t] -> (nil)
AscendC: [_ZN7AscendC20img2colv2_cbuf_to_ubEPhS0_tttthhhhhhbt] -> (nil)
AscendC: [_ZN7AscendC20img2colv2_cbuf_to_ubEPhS0_tttthhhhhhbt4bm_t] -> (nil)
AscendC: [_ZN7AscendC20img2colv2_cbuf_to_ubEPhS0_tttthhhhhhbbbbt] -> (nil)
AscendC: [_ZN7AscendC23img2colv2_cbuf_to_ub_s4EPvS0_mm] -> (nil)
AscendC: [_ZN7AscendC23img2colv2_cbuf_to_ub_s4EPvS0_mm4bm_t] -> (nil)
AscendC: [_ZN7AscendC23img2colv2_cbuf_to_ub_s4EPvS0_tttthhhhhhbt] -> (nil)
AscendC: [_ZN7AscendC23img2colv2_cbuf_to_ub_s4EPvS0_tttthhhhhhbt4bm_t] -> (nil)
AscendC: [_ZN7AscendC23img2colv2_cbuf_to_ub_s4EPvS0_tttthhhhhhbbbbt] -> (nil)
AscendC: [_ZN7AscendC10insert_immEmhhb] -> (nil)
AscendC: [_ZN7AscendC10insert_regEmmhh] -> (nil)
AscendC: [_ZN7AscendC6ld_devEPts] -> (nil)
AscendC: [_ZN7AscendC6ld_devEPjs] -> (nil)
AscendC: [_ZN7AscendC6ld_devEPms] -> (nil)
AscendC: [_ZN7AscendC6ld_devEPhs] -> (nil)
AscendC: [_ZN7AscendC4ldvaE10ub_addr8_tmb] -> (nil)
AscendC: [_ZN7AscendC15load_cbuf_to_caEPN8bfloat165Bf16TES2_mb] -> (nil)
AscendC: [_ZN7AscendC15load_cbuf_to_caEPN8bfloat165Bf16TES2_mb15addr_cal_mode_t] -> (nil)
AscendC: [_ZN7AscendC15load_cbuf_to_caEPN8bfloat165Bf16TES2_thtthb15addr_cal_mode_t] -> (nil)
AscendC: [_ZN7AscendC15load_cbuf_to_caEPN8bfloat165Bf16TES2_thtthbb15addr_cal_mode_t] -> (nil)
AscendC: [_ZN7AscendC15load_cbuf_to_caEPN8bfloat165Bf16TES2_ththb] -> (nil)
AscendC: [_ZN7AscendC15load_cbuf_to_caEPN8bfloat165Bf16TES2_thttb15addr_cal_mode_t] -> 0xe7fff2cc4820
AscendC: [_ZN7AscendC15load_cbuf_to_caEPN8bfloat165Bf16TES2_mmb] -> (nil)
AscendC: [_ZN7AscendC15load_cbuf_to_caEPN8bfloat165Bf16TES2_tthhttb] -> (nil)
AscendC: [_ZN7AscendC15load_cbuf_to_caEPN7float165Fp16TES2_tthhstb] -> (nil)
AscendC: [_ZN7AscendC15load_cbuf_to_caEPhS0_tthhstb] -> (nil)
AscendC: [_ZN7AscendC15load_cbuf_to_caEPaS0_tthhstb] -> (nil)
AscendC: [_ZN7AscendC15load_cbuf_to_caEPsS0_tthhstb] -> (nil)
AscendC: [_ZN7AscendC15load_cbuf_to_caEPtS0_tthhstb] -> (nil)
AscendC: [_ZN7AscendC15load_cbuf_to_caEPN7float165Fp16TES2_mb] -> (nil)
AscendC: [_ZN7AscendC15load_cbuf_to_caEPN7float165Fp16TES2_mb15addr_cal_mode_t] -> (nil)
AscendC: [_ZN7AscendC15load_cbuf_to_caEPN7float165Fp16TES2_thtthb15addr_cal_mode_t] -> (nil)
AscendC: [_ZN7AscendC15load_cbuf_to_caEPN7float165Fp16TES2_thtthbb15addr_cal_mode_t] -> (nil)
AscendC: [_ZN7AscendC15load_cbuf_to_caEPN7float165Fp16TES2_ththb] -> (nil)
AscendC: [_ZN7AscendC15load_cbuf_to_caEPN7float165Fp16TES2_thttb15addr_cal_mode_t] -> 0xe7fff2cc2ac0
AscendC: [_ZN7AscendC15load_cbuf_to_caEPfS0_mb15addr_cal_mode_t] -> (nil)
AscendC: [_ZN7AscendC15load_cbuf_to_caEPfS0_thtthb15addr_cal_mode_t] -> (nil)
AscendC: [_ZN7AscendC15load_cbuf_to_caEPfS0_thtthbb15addr_cal_mode_t] -> (nil)
AscendC: [_ZN7AscendC15load_cbuf_to_caEPfS0_thttb15addr_cal_mode_t] -> 0xe7fff2cc40c8
AscendC: [_ZN7AscendC15load_cbuf_to_caEPiS0_mb15addr_cal_mode_t] -> (nil)
AscendC: [_ZN7AscendC15load_cbuf_to_caEPiS0_thtthb15addr_cal_mode_t] -> (nil)
AscendC: [_ZN7AscendC15load_cbuf_to_caEPiS0_thtthbb15addr_cal_mode_t] -> (nil)
AscendC: [_ZN7AscendC15load_cbuf_to_caEPiS0_thttb15addr_cal_mode_t] -> 0xe7fff2cc3970
AscendC: [_ZN7AscendC15load_cbuf_to_caEPaS0_mb] -> (nil)
AscendC: [_ZN7AscendC15load_cbuf_to_caEPaS0_mb15addr_cal_mode_t] -> (nil)
AscendC: [_ZN7AscendC15load_cbuf_to_caEPaS0_thtthb15addr_cal_mode_t] -> (nil)
AscendC: [_ZN7AscendC15load_cbuf_to_caEPaS0_thtthbb15addr_cal_mode_t] -> (nil)
AscendC: [_ZN7AscendC15load_cbuf_to_caEPaS0_ththb] -> (nil)
AscendC: [_ZN7AscendC15load_cbuf_to_caEPaS0_thttb15addr_cal_mode_t] -> 0xe7fff2cc14b8
AscendC: [_ZN7AscendC15load_cbuf_to_caEPjS0_mb15addr_cal_mode_t] -> (nil)
AscendC: [_ZN7AscendC15load_cbuf_to_caEPjS0_thtthb15addr_cal_mode_t] -> (nil)
AscendC: [_ZN7AscendC15load_cbuf_to_caEPjS0_thtthbb15addr_cal_mode_t] -> (nil)
AscendC: [_ZN7AscendC15load_cbuf_to_caEPjS0_thttb15addr_cal_mode_t] -> 0xe7fff2cc3218
AscendC: [_ZN7AscendC15load_cbuf_to_caEPhS0_mb] -> (nil)
AscendC: [_ZN7AscendC15load_cbuf_to_caEPhS0_mb15addr_cal_mode_t] -> (nil)
AscendC: [_ZN7AscendC15load_cbuf_to_caEPhS0_thtthb15addr_cal_mode_t] -> (nil)
AscendC: [_ZN7AscendC15load_cbuf_to_caEPhS0_thtthbb15addr_cal_mode_t] -> (nil)
AscendC: [_ZN7AscendC15load_cbuf_to_caEPhS0_ththb] -> (nil)
AscendC: [_ZN7AscendC15load_cbuf_to_caEPhS0_thttb15addr_cal_mode_t] -> 0xe7fff2cc0d60
AscendC: [_ZN7AscendC15load_cbuf_to_caEPN7float165Fp16TES2_ththb15addr_cal_mode_t] -> (nil)
AscendC: [_ZN7AscendC15load_cbuf_to_caEPaS0_ththb15addr_cal_mode_t] -> (nil)
AscendC: [_ZN7AscendC15load_cbuf_to_caEPhS0_ththb15addr_cal_mode_t] -> (nil)
AscendC: [_ZN7AscendC18load_cbuf_to_ca_s4EPvS0_mb15addr_cal_mode_t] -> (nil)
AscendC: [_ZN7AscendC18load_cbuf_to_ca_s4EPvS0_thtthb15addr_cal_mode_t] -> (nil)
AscendC: [_ZN7AscendC18load_cbuf_to_ca_s4EPvS0_thtthbb15addr_cal_mode_t] -> (nil)
AscendC: [_ZN7AscendC18load_cbuf_to_ca_s4EPvS0_tthhstb] -> (nil)
AscendC: [_ZN7AscendC25load_cbuf_to_ca_transposeEPN7float165Fp16TES2_mm] -> (nil)
AscendC: [_ZN7AscendC25load_cbuf_to_ca_transposeEPN7float165Fp16TES2_thttbt] -> 0xe7fff2cc0a80
AscendC: [_ZN7AscendC25load_cbuf_to_ca_transposeEPfS0_mm] -> (nil)
AscendC: [_ZN7AscendC25load_cbuf_to_ca_transposeEPfS0_thttbt] -> 0xe7fff2cc04c0
AscendC: [_ZN7AscendC25load_cbuf_to_ca_transposeEPiS0_mm] -> (nil)
AscendC: [_ZN7AscendC25load_cbuf_to_ca_transposeEPiS0_thttbt] -> 0xe7fff2cc01e0
AscendC: [_ZN7AscendC25load_cbuf_to_ca_transposeEPaS0_mm] -> (nil)
AscendC: [_ZN7AscendC25load_cbuf_to_ca_transposeEPaS0_thttbt] -> 0xe7fff2cbfc20
AscendC: [_ZN7AscendC25load_cbuf_to_ca_transposeEPjS0_mm] -> (nil)
AscendC: [_ZN7AscendC25load_cbuf_to_ca_transposeEPjS0_thttbt] -> 0xe7fff2cbff00
AscendC: [_ZN7AscendC25load_cbuf_to_ca_transposeEPhS0_mm] -> (nil)
AscendC: [_ZN7AscendC25load_cbuf_to_ca_transposeEPhS0_thttbt] -> 0xe7fff2cbf940
AscendC: [_ZN7AscendC25load_cbuf_to_ca_transposeEPN8bfloat165Bf16TES2_thttbt] -> 0xe7fff2cc07a0
AscendC: [_ZN7AscendC24load_cbuf_to_ca_winogradEPN7float165Fp16TES2_mm] -> (nil)
AscendC: [_ZN7AscendC24load_cbuf_to_ca_winogradEPN7float165Fp16TES2_ttthhhhtttt] -> (nil)
AscendC: [_ZN7AscendC24load_cbuf_to_ca_winogradEPaS0_mm] -> (nil)
AscendC: [_ZN7AscendC24load_cbuf_to_ca_winogradEPaS0_ttthhhhtttt] -> (nil)
AscendC: [_ZN7AscendC24load_cbuf_to_ca_winogradEPhS0_mm] -> (nil)
AscendC: [_ZN7AscendC24load_cbuf_to_ca_winogradEPhS0_ttthhhhtttt] -> (nil)
AscendC: [_ZN7AscendC27load_cbuf_to_ca_winograd_v2EPsS0_mm] -> (nil)
AscendC: [_ZN7AscendC27load_cbuf_to_ca_winograd_v2EPsS0_ttthhtttt] -> (nil)
AscendC: [_ZN7AscendC27load_cbuf_to_ca_winograd_v2EPsS0_ttthhttttb] -> (nil)
AscendC: [_ZN7AscendC27load_cbuf_to_ca_winograd_v2EPaS0_mm] -> (nil)
AscendC: [_ZN7AscendC27load_cbuf_to_ca_winograd_v2EPaS0_ttthhtttt] -> (nil)
AscendC: [_ZN7AscendC27load_cbuf_to_ca_winograd_v2EPaS0_ttthhttttb] -> (nil)
AscendC: [_ZN7AscendC27load_cbuf_to_ca_winograd_v2EPhS0_mm] -> (nil)
AscendC: [_ZN7AscendC27load_cbuf_to_ca_winograd_v2EPhS0_ttthhttttb] -> (nil)
AscendC: [_ZN7AscendC15load_cbuf_to_cbEPN8bfloat165Bf16TES2_mb] -> (nil)
AscendC: [_ZN7AscendC15load_cbuf_to_cbEPN8bfloat165Bf16TES2_mb15addr_cal_mode_t] -> (nil)
AscendC: [_ZN7AscendC15load_cbuf_to_cbEPN8bfloat165Bf16TES2_thtthb15addr_cal_mode_t] -> (nil)
AscendC: [_ZN7AscendC15load_cbuf_to_cbEPN8bfloat165Bf16TES2_thtthbb15addr_cal_mode_t] -> (nil)
AscendC: [_ZN7AscendC15load_cbuf_to_cbEPN8bfloat165Bf16TES2_ththb] -> (nil)
AscendC: [_ZN7AscendC15load_cbuf_to_cbEPN8bfloat165Bf16TES2_thttb15addr_cal_mode_t] -> 0xe7fff2cc4998
AscendC: [_ZN7AscendC15load_cbuf_to_cbEPN8bfloat165Bf16TES2_mmb] -> (nil)
AscendC: [_ZN7AscendC15load_cbuf_to_cbEPN8bfloat165Bf16TES2_tthhttb] -> (nil)
AscendC: [_ZN7AscendC15load_cbuf_to_cbEPN7float165Fp16TES2_tthhstb] -> (nil)
AscendC: [_ZN7AscendC15load_cbuf_to_cbEPaS0_tthhstb] -> (nil)
AscendC: [_ZN7AscendC15load_cbuf_to_cbEPhS0_tthhstb] -> (nil)
AscendC: [_ZN7AscendC15load_cbuf_to_cbEPsS0_tthhstb] -> (nil)
AscendC: [_ZN7AscendC15load_cbuf_to_cbEPtS0_tthhstb] -> (nil)
AscendC: [_ZN7AscendC15load_cbuf_to_cbEPN7float165Fp16TES2_mb] -> (nil)
AscendC: [_ZN7AscendC15load_cbuf_to_cbEPN7float165Fp16TES2_mb15addr_cal_mode_t] -> (nil)
AscendC: [_ZN7AscendC15load_cbuf_to_cbEPN7float165Fp16TES2_thtthb15addr_cal_mode_t] -> (nil)
AscendC: [_ZN7AscendC15load_cbuf_to_cbEPN7float165Fp16TES2_thtthbb15addr_cal_mode_t] -> (nil)
AscendC: [_ZN7AscendC15load_cbuf_to_cbEPN7float165Fp16TES2_ththb] -> (nil)
AscendC: [_ZN7AscendC15load_cbuf_to_cbEPN7float165Fp16TES2_thttb15addr_cal_mode_t] -> 0xe7fff2cc2c38
AscendC: [_ZN7AscendC15load_cbuf_to_cbEPfS0_mb15addr_cal_mode_t] -> (nil)
AscendC: [_ZN7AscendC15load_cbuf_to_cbEPfS0_thtthb15addr_cal_mode_t] -> (nil)
AscendC: [_ZN7AscendC15load_cbuf_to_cbEPfS0_thtthbb15addr_cal_mode_t] -> (nil)
AscendC: [_ZN7AscendC15load_cbuf_to_cbEPfS0_thttb15addr_cal_mode_t] -> 0xe7fff2cc4240
AscendC: [_ZN7AscendC15load_cbuf_to_cbEPiS0_mb15addr_cal_mode_t] -> (nil)
AscendC: [_ZN7AscendC15load_cbuf_to_cbEPiS0_thtthb15addr_cal_mode_t] -> (nil)
AscendC: [_ZN7AscendC15load_cbuf_to_cbEPiS0_thtthbb15addr_cal_mode_t] -> (nil)
AscendC: [_ZN7AscendC15load_cbuf_to_cbEPiS0_thttb15addr_cal_mode_t] -> 0xe7fff2cc3ae8
AscendC: [_ZN7AscendC15load_cbuf_to_cbEPaS0_mb] -> (nil)
AscendC: [_ZN7AscendC15load_cbuf_to_cbEPaS0_mb15addr_cal_mode_t] -> (nil)
AscendC: [_ZN7AscendC15load_cbuf_to_cbEPaS0_thtthb15addr_cal_mode_t] -> (nil)
AscendC: [_ZN7AscendC15load_cbuf_to_cbEPaS0_thtthbb15addr_cal_mode_t] -> (nil)
AscendC: [_ZN7AscendC15load_cbuf_to_cbEPaS0_ththb] -> (nil)
AscendC: [_ZN7AscendC15load_cbuf_to_cbEPaS0_thttb15addr_cal_mode_t] -> 0xe7fff2cc1630
AscendC: [_ZN7AscendC15load_cbuf_to_cbEPjS0_mb15addr_cal_mode_t] -> (nil)
AscendC: [_ZN7AscendC15load_cbuf_to_cbEPjS0_thtthb15addr_cal_mode_t] -> (nil)
AscendC: [_ZN7AscendC15load_cbuf_to_cbEPjS0_thtthbb15addr_cal_mode_t] -> (nil)
AscendC: [_ZN7AscendC15load_cbuf_to_cbEPjS0_thttb15addr_cal_mode_t] -> 0xe7fff2cc3390
AscendC: [_ZN7AscendC15load_cbuf_to_cbEPhS0_mb] -> (nil)
AscendC: [_ZN7AscendC15load_cbuf_to_cbEPhS0_mb15addr_cal_mode_t] -> (nil)
AscendC: [_ZN7AscendC15load_cbuf_to_cbEPhS0_thtthb15addr_cal_mode_t] -> (nil)
AscendC: [_ZN7AscendC15load_cbuf_to_cbEPhS0_thtthbb15addr_cal_mode_t] -> (nil)
AscendC: [_ZN7AscendC15load_cbuf_to_cbEPhS0_ththb] -> (nil)
AscendC: [_ZN7AscendC15load_cbuf_to_cbEPhS0_thttb15addr_cal_mode_t] -> 0xe7fff2cc0ed8
AscendC: [_ZN7AscendC15load_cbuf_to_cbEPN7float165Fp16TES2_ththb15addr_cal_mode_t] -> (nil)
AscendC: [_ZN7AscendC15load_cbuf_to_cbEPaS0_ththb15addr_cal_mode_t] -> (nil)
AscendC: [_ZN7AscendC15load_cbuf_to_cbEPhS0_ththb15addr_cal_mode_t] -> (nil)
AscendC: [_ZN7AscendC18load_cbuf_to_cb_b2EPvS0_m] -> (nil)
AscendC: [_ZN7AscendC18load_cbuf_to_cb_b2EPN7float165Fp16TES2_m] -> (nil)
AscendC: [_ZN7AscendC18load_cbuf_to_cb_b2EPN7float165Fp16TES2_hh] -> (nil)
AscendC: [_ZN7AscendC18load_cbuf_to_cb_b2EPN7float165Fp16TES2_h] -> (nil)
AscendC: [_ZN7AscendC18load_cbuf_to_cb_b2EPaS0_m] -> (nil)
AscendC: [_ZN7AscendC18load_cbuf_to_cb_b2EPaS0_hh] -> (nil)
AscendC: [_ZN7AscendC18load_cbuf_to_cb_b2EPaS0_h] -> (nil)
AscendC: [_ZN7AscendC18load_cbuf_to_cb_b2EPhS0_m] -> (nil)
AscendC: [_ZN7AscendC18load_cbuf_to_cb_b2EPhS0_hh] -> (nil)
AscendC: [_ZN7AscendC18load_cbuf_to_cb_b2EPhS0_h] -> (nil)
AscendC: [_ZN7AscendC18load_cbuf_to_cb_s4EPvS0_mb15addr_cal_mode_t] -> (nil)
AscendC: [_ZN7AscendC18load_cbuf_to_cb_s4EPvS0_thtthb15addr_cal_mode_t] -> (nil)
AscendC: [_ZN7AscendC18load_cbuf_to_cb_s4EPvS0_thtthbb15addr_cal_mode_t] -> (nil)
AscendC: [_ZN7AscendC18load_cbuf_to_cb_s4EPvS0_tthhstb] -> (nil)
AscendC: [_ZN7AscendC18load_gm_to_ca_2dv2EPN7float165Fp16TES2_jjihhhh] -> (nil)
AscendC: [_ZN7AscendC18load_gm_to_ca_2dv2EPfS0_jjihhhh] -> (nil)
AscendC: [_ZN7AscendC18load_gm_to_ca_2dv2EPsS0_jjihhhh] -> (nil)
AscendC: [_ZN7AscendC18load_gm_to_ca_2dv2EPiS0_jjihhhh] -> (nil)
AscendC: [_ZN7AscendC18load_gm_to_ca_2dv2EPjS0_jjihhhh] -> (nil)
AscendC: [_ZN7AscendC18load_gm_to_ca_2dv2EPlPijjihhhh] -> (nil)
AscendC: [_ZN7AscendC18load_gm_to_ca_2dv2EPaS0_jjihhhh] -> (nil)
AscendC: [_ZN7AscendC18load_gm_to_ca_2dv2EPhS0_jjihhhh] -> (nil)
AscendC: [_ZN7AscendC21load_gm_to_ca_2dv2_s4EPvS0_jjihhhh] -> (nil)
AscendC: [_ZN7AscendC18load_gm_to_cb_2dv2EPN7float165Fp16TES2_jjihhhh] -> (nil)
AscendC: [_ZN7AscendC18load_gm_to_cb_2dv2EPfS0_jjihhhh] -> (nil)
AscendC: [_ZN7AscendC18load_gm_to_cb_2dv2EPsS0_jjihhhh] -> (nil)
AscendC: [_ZN7AscendC18load_gm_to_cb_2dv2EPiS0_jjihhhh] -> (nil)
AscendC: [_ZN7AscendC18load_gm_to_cb_2dv2EPjS0_jjihhhh] -> (nil)
AscendC: [_ZN7AscendC18load_gm_to_cb_2dv2EPlS0_jjihhhh] -> (nil)
AscendC: [_ZN7AscendC18load_gm_to_cb_2dv2EPaS0_jjihhhh] -> (nil)
AscendC: [_ZN7AscendC18load_gm_to_cb_2dv2EPhS0_jjihhhh] -> (nil)
AscendC: [_ZN7AscendC21load_gm_to_cb_2dv2_s4EPvS0_jjihhhh] -> (nil)
AscendC: [_ZN7AscendC20load_gm_to_cbuf_2dv2EPN7float165Fp16TES2_jjihhhh] -> (nil)
AscendC: [_ZN7AscendC20load_gm_to_cbuf_2dv2EPfS0_jjihhhh] -> (nil)
AscendC: [_ZN7AscendC20load_gm_to_cbuf_2dv2EPsS0_jjihhhh] -> (nil)
AscendC: [_ZN7AscendC20load_gm_to_cbuf_2dv2EPiS0_jjihhhh] -> (nil)
AscendC: [_ZN7AscendC20load_gm_to_cbuf_2dv2EPjS0_jjihhhh] -> (nil)
AscendC: [_ZN7AscendC20load_gm_to_cbuf_2dv2EPlS0_jjihhhh] -> (nil)
AscendC: [_ZN7AscendC20load_gm_to_cbuf_2dv2EPaS0_jjihhhh] -> (nil)
AscendC: [_ZN7AscendC20load_gm_to_cbuf_2dv2EPhS0_jjihhhh] -> (nil)
AscendC: [_ZN7AscendC23load_gm_to_cbuf_2dv2_s4EPvS0_jjihhhh] -> (nil)
AscendC: [_ZN7AscendC18load_cbuf_to_cb_spEPaS0_m] -> (nil)
AscendC: [_ZN7AscendC18load_cbuf_to_cb_spEPaS0_th] -> (nil)
AscendC: [_ZN7AscendC25load_cbuf_to_cb_transposeEPN7float165Fp16TES2_mm] -> (nil)
AscendC: [_ZN7AscendC25load_cbuf_to_cb_transposeEPN7float165Fp16TES2_thttbt] -> 0xe7fff2cc0bf0
AscendC: [_ZN7AscendC25load_cbuf_to_cb_transposeEPN8bfloat165Bf16TES2_thttbt] -> 0xe7fff2cc0910
AscendC: [_ZN7AscendC25load_cbuf_to_cb_transposeEPfS0_mm] -> (nil)
AscendC: [_ZN7AscendC25load_cbuf_to_cb_transposeEPfS0_thttbt] -> 0xe7fff2cc0630
AscendC: [_ZN7AscendC25load_cbuf_to_cb_transposeEPiS0_mm] -> (nil)
AscendC: [_ZN7AscendC25load_cbuf_to_cb_transposeEPiS0_thttbt] -> 0xe7fff2cc0350
AscendC: [_ZN7AscendC25load_cbuf_to_cb_transposeEPaS0_mm] -> (nil)
AscendC: [_ZN7AscendC25load_cbuf_to_cb_transposeEPaS0_thttbt] -> 0xe7fff2cbfd90
AscendC: [_ZN7AscendC25load_cbuf_to_cb_transposeEPjS0_mm] -> (nil)
AscendC: [_ZN7AscendC25load_cbuf_to_cb_transposeEPjS0_thttbt] -> 0xe7fff2cc0070
AscendC: [_ZN7AscendC25load_cbuf_to_cb_transposeEPhS0_mm] -> (nil)
AscendC: [_ZN7AscendC25load_cbuf_to_cb_transposeEPhS0_thttbt] -> 0xe7fff2cbfab0
AscendC: [_ZN7AscendC28load_cbuf_to_cb_transpose_s4EPvS0_mm] -> (nil)
AscendC: [_ZN7AscendC28load_cbuf_to_cb_transpose_s4EPvS0_thttbt] -> 0xe7fff2cbf2b0
AscendC: [_ZN7AscendC28load_cbuf_to_cb_transpose_s4EPvS0_thttbtt] -> (nil)
AscendC: [_ZN7AscendC25load_cbuf_to_cb_transposeEPN7float165Fp16TES2_thttbtt] -> (nil)
AscendC: [_ZN7AscendC25load_cbuf_to_cb_transposeEPaS0_thttbtt] -> (nil)
AscendC: [_ZN7AscendC25load_cbuf_to_cb_transposeEPhS0_thttbtt] -> (nil)
AscendC: [_ZN7AscendC24load_cbuf_to_cb_winogradEPN7float165Fp16TES2_m] -> (nil)
AscendC: [_ZN7AscendC24load_cbuf_to_cb_winogradEPN7float165Fp16TES2_hthhhbbh] -> (nil)
AscendC: [_ZN7AscendC24load_cbuf_to_cb_winogradEPaS0_m] -> (nil)
AscendC: [_ZN7AscendC24load_cbuf_to_cb_winogradEPaS0_hthhhbbh] -> (nil)
AscendC: [_ZN7AscendC27load_cbuf_to_cb_winograd_v2EPaS0_m] -> (nil)
AscendC: [_ZN7AscendC27load_cbuf_to_cb_winograd_v2EPaS0_tttb] -> (nil)
AscendC: [_ZN7AscendC30load_decompress_header_from_gmEPvm] -> (nil)
AscendC: [_ZN7AscendC30load_decompress_header_from_gmEPvth] -> (nil)
AscendC: [_ZN7AscendC13load_gm_to_caEPN7float165Fp16TES2_m] -> (nil)
AscendC: [_ZN7AscendC13load_gm_to_caEPN7float165Fp16TES2_m15addr_cal_mode_t] -> (nil)
AscendC: [_ZN7AscendC13load_gm_to_caEPN7float165Fp16TES2_thtth15addr_cal_mode_t] -> 0xe7fff2cc2db0
AscendC: [_ZN7AscendC13load_gm_to_caEPN7float165Fp16TES2_thtthb15addr_cal_mode_t] -> (nil)
AscendC: [_ZN7AscendC13load_gm_to_caEPN7float165Fp16TES2_thth] -> (nil)
AscendC: [_ZN7AscendC13load_gm_to_caEPN8bfloat165Bf16TES2_m] -> (nil)
AscendC: [_ZN7AscendC13load_gm_to_caEPN8bfloat165Bf16TES2_m15addr_cal_mode_t] -> (nil)
AscendC: [_ZN7AscendC13load_gm_to_caEPN8bfloat165Bf16TES2_thtth15addr_cal_mode_t] -> 0xe7fff2cc4b10
AscendC: [_ZN7AscendC13load_gm_to_caEPN8bfloat165Bf16TES2_thtthb15addr_cal_mode_t] -> (nil)
AscendC: [_ZN7AscendC13load_gm_to_caEPN8bfloat165Bf16TES2_thth] -> (nil)
AscendC: [_ZN7AscendC13load_gm_to_caEPfS0_m15addr_cal_mode_t] -> (nil)
AscendC: [_ZN7AscendC13load_gm_to_caEPfS0_thtth15addr_cal_mode_t] -> 0xe7fff2cc43b8
AscendC: [_ZN7AscendC13load_gm_to_caEPfS0_thtthb15addr_cal_mode_t] -> (nil)
AscendC: [_ZN7AscendC13load_gm_to_caEPiS0_m15addr_cal_mode_t] -> (nil)
AscendC: [_ZN7AscendC13load_gm_to_caEPiS0_thtth15addr_cal_mode_t] -> 0xe7fff2cc3c60
AscendC: [_ZN7AscendC13load_gm_to_caEPiS0_thtthb15addr_cal_mode_t] -> (nil)
AscendC: [_ZN7AscendC13load_gm_to_caEPaS0_m] -> (nil)
AscendC: [_ZN7AscendC13load_gm_to_caEPaS0_m15addr_cal_mode_t] -> (nil)
AscendC: [_ZN7AscendC13load_gm_to_caEPaS0_thtth15addr_cal_mode_t] -> 0xe7fff2cc17a8
AscendC: [_ZN7AscendC13load_gm_to_caEPaS0_thtthb15addr_cal_mode_t] -> (nil)
AscendC: [_ZN7AscendC13load_gm_to_caEPaS0_thth] -> (nil)
AscendC: [_ZN7AscendC13load_gm_to_caEPjS0_m15addr_cal_mode_t] -> (nil)
AscendC: [_ZN7AscendC13load_gm_to_caEPjS0_thtth15addr_cal_mode_t] -> 0xe7fff2cc3508
AscendC: [_ZN7AscendC13load_gm_to_caEPjS0_thtthb15addr_cal_mode_t] -> (nil)
AscendC: [_ZN7AscendC13load_gm_to_caEPhS0_m] -> (nil)
AscendC: [_ZN7AscendC13load_gm_to_caEPhS0_m15addr_cal_mode_t] -> (nil)
AscendC: [_ZN7AscendC13load_gm_to_caEPhS0_thtth15addr_cal_mode_t] -> 0xe7fff2cc1050
AscendC: [_ZN7AscendC13load_gm_to_caEPhS0_thtthb15addr_cal_mode_t] -> (nil)
AscendC: [_ZN7AscendC13load_gm_to_caEPhS0_thth] -> (nil)
AscendC: [_ZN7AscendC13load_gm_to_caEPN7float165Fp16TES2_thth15addr_cal_mode_t] -> (nil)
AscendC: [_ZN7AscendC13load_gm_to_caEPaS0_thth15addr_cal_mode_t] -> (nil)
AscendC: [_ZN7AscendC13load_gm_to_caEPhS0_thth15addr_cal_mode_t] -> (nil)
AscendC: [_ZN7AscendC16load_gm_to_ca_s4EPvS0_m15addr_cal_mode_t] -> (nil)
AscendC: [_ZN7AscendC16load_gm_to_ca_s4EPvS0_thtth15addr_cal_mode_t] -> (nil)
AscendC: [_ZN7AscendC16load_gm_to_ca_s4EPvS0_thtthb15addr_cal_mode_t] -> (nil)
AscendC: [_ZN7AscendC19load_gm_to_ca_unzipEPN7float165Fp16TES2_] -> (nil)
AscendC: [_ZN7AscendC19load_gm_to_ca_unzipEPvS0_] -> (nil)
AscendC: [_ZN7AscendC13load_gm_to_cbEPN7float165Fp16TES2_m] -> (nil)
AscendC: [_ZN7AscendC13load_gm_to_cbEPN7float165Fp16TES2_m15addr_cal_mode_t] -> (nil)
AscendC: [_ZN7AscendC13load_gm_to_cbEPN7float165Fp16TES2_thtth15addr_cal_mode_t] -> 0xe7fff2cc2f28
AscendC: [_ZN7AscendC13load_gm_to_cbEPN7float165Fp16TES2_thtthb15addr_cal_mode_t] -> (nil)
AscendC: [_ZN7AscendC13load_gm_to_cbEPN7float165Fp16TES2_thth] -> (nil)
AscendC: [_ZN7AscendC13load_gm_to_cbEPN8bfloat165Bf16TES2_m] -> (nil)
AscendC: [_ZN7AscendC13load_gm_to_cbEPN8bfloat165Bf16TES2_m15addr_cal_mode_t] -> (nil)
AscendC: [_ZN7AscendC13load_gm_to_cbEPN8bfloat165Bf16TES2_thtth15addr_cal_mode_t] -> 0xe7fff2cc4c88
AscendC: [_ZN7AscendC13load_gm_to_cbEPN8bfloat165Bf16TES2_thtthb15addr_cal_mode_t] -> (nil)
AscendC: [_ZN7AscendC13load_gm_to_cbEPN8bfloat165Bf16TES2_thth] -> (nil)
AscendC: [_ZN7AscendC13load_gm_to_cbEPfS0_m15addr_cal_mode_t] -> (nil)
AscendC: [_ZN7AscendC13load_gm_to_cbEPfS0_thtth15addr_cal_mode_t] -> 0xe7fff2cc4530
AscendC: [_ZN7AscendC13load_gm_to_cbEPfS0_thtthb15addr_cal_mode_t] -> (nil)
AscendC: [_ZN7AscendC13load_gm_to_cbEPiS0_m15addr_cal_mode_t] -> (nil)
AscendC: [_ZN7AscendC13load_gm_to_cbEPiS0_thtth15addr_cal_mode_t] -> 0xe7fff2cc3dd8
AscendC: [_ZN7AscendC13load_gm_to_cbEPiS0_thtthb15addr_cal_mode_t] -> (nil)
AscendC: [_ZN7AscendC13load_gm_to_cbEPaS0_m] -> (nil)
AscendC: [_ZN7AscendC13load_gm_to_cbEPaS0_m15addr_cal_mode_t] -> (nil)
AscendC: [_ZN7AscendC13load_gm_to_cbEPaS0_thtth15addr_cal_mode_t] -> 0xe7fff2cc1920
AscendC: [_ZN7AscendC13load_gm_to_cbEPaS0_thtthb15addr_cal_mode_t] -> (nil)
AscendC: [_ZN7AscendC13load_gm_to_cbEPaS0_thth] -> (nil)
AscendC: [_ZN7AscendC13load_gm_to_cbEPjS0_m15addr_cal_mode_t] -> (nil)
AscendC: [_ZN7AscendC13load_gm_to_cbEPjS0_thtth15addr_cal_mode_t] -> 0xe7fff2cc3680
AscendC: [_ZN7AscendC13load_gm_to_cbEPjS0_thtthb15addr_cal_mode_t] -> (nil)
AscendC: [_ZN7AscendC13load_gm_to_cbEPhS0_m] -> (nil)
AscendC: [_ZN7AscendC13load_gm_to_cbEPhS0_m15addr_cal_mode_t] -> (nil)
AscendC: [_ZN7AscendC13load_gm_to_cbEPhS0_thtth15addr_cal_mode_t] -> 0xe7fff2cc11c8
AscendC: [_ZN7AscendC13load_gm_to_cbEPhS0_thtthb15addr_cal_mode_t] -> (nil)
AscendC: [_ZN7AscendC13load_gm_to_cbEPhS0_thth] -> (nil)
AscendC: [_ZN7AscendC13load_gm_to_cbEPN7float165Fp16TES2_thth15addr_cal_mode_t] -> (nil)
AscendC: [_ZN7AscendC13load_gm_to_cbEPaS0_thth15addr_cal_mode_t] -> (nil)
AscendC: [_ZN7AscendC13load_gm_to_cbEPhS0_thth15addr_cal_mode_t] -> (nil)
AscendC: [_ZN7AscendC16load_gm_to_cb_s4EPvS0_m15addr_cal_mode_t] -> (nil)
AscendC: [_ZN7AscendC16load_gm_to_cb_s4EPvS0_thtth15addr_cal_mode_t] -> (nil)
AscendC: [_ZN7AscendC16load_gm_to_cb_s4EPvS0_thtthb15addr_cal_mode_t] -> (nil)
AscendC: [_ZN7AscendC19load_gm_to_cb_unzipEPN7float165Fp16TES2_] -> (nil)
AscendC: [_ZN7AscendC19load_gm_to_cb_unzipEPvS0_] -> (nil)
AscendC: [_ZN7AscendC15load_gm_to_cbufEPN7float165Fp16TES2_m] -> (nil)
AscendC: [_ZN7AscendC15load_gm_to_cbufEPN7float165Fp16TES2_m15addr_cal_mode_t] -> (nil)
AscendC: [_ZN7AscendC15load_gm_to_cbufEPN7float165Fp16TES2_thtth15addr_cal_mode_t] -> 0xe7fff2cc30a0
AscendC: [_ZN7AscendC15load_gm_to_cbufEPN7float165Fp16TES2_thtthb15addr_cal_mode_t] -> (nil)
AscendC: [_ZN7AscendC15load_gm_to_cbufEPN7float165Fp16TES2_thth] -> (nil)
AscendC: [_ZN7AscendC15load_gm_to_cbufEPN8bfloat165Bf16TES2_m] -> (nil)
AscendC: [_ZN7AscendC15load_gm_to_cbufEPN8bfloat165Bf16TES2_m15addr_cal_mode_t] -> (nil)
AscendC: [_ZN7AscendC15load_gm_to_cbufEPN8bfloat165Bf16TES2_thtth15addr_cal_mode_t] -> 0xe7fff2cc4e00
AscendC: [_ZN7AscendC15load_gm_to_cbufEPN8bfloat165Bf16TES2_thtthb15addr_cal_mode_t] -> (nil)
AscendC: [_ZN7AscendC15load_gm_to_cbufEPN8bfloat165Bf16TES2_thth] -> (nil)
AscendC: [_ZN7AscendC15load_gm_to_cbufEPfS0_m15addr_cal_mode_t] -> (nil)
AscendC: [_ZN7AscendC15load_gm_to_cbufEPfS0_thtth15addr_cal_mode_t] -> 0xe7fff2cc46a8
AscendC: [_ZN7AscendC15load_gm_to_cbufEPfS0_thtthb15addr_cal_mode_t] -> (nil)
AscendC: [_ZN7AscendC15load_gm_to_cbufEPiS0_m15addr_cal_mode_t] -> (nil)
AscendC: [_ZN7AscendC15load_gm_to_cbufEPiS0_thtth15addr_cal_mode_t] -> 0xe7fff2cc3f50
AscendC: [_ZN7AscendC15load_gm_to_cbufEPiS0_thtthb15addr_cal_mode_t] -> (nil)
AscendC: [_ZN7AscendC15load_gm_to_cbufEPaS0_m] -> (nil)
AscendC: [_ZN7AscendC15load_gm_to_cbufEPaS0_m15addr_cal_mode_t] -> (nil)
AscendC: [_ZN7AscendC15load_gm_to_cbufEPaS0_thtth15addr_cal_mode_t] -> 0xe7fff2cc1a98
AscendC: [_ZN7AscendC15load_gm_to_cbufEPaS0_thtthb15addr_cal_mode_t] -> (nil)
AscendC: [_ZN7AscendC15load_gm_to_cbufEPaS0_thth] -> (nil)
AscendC: [_ZN7AscendC15load_gm_to_cbufEPjS0_m15addr_cal_mode_t] -> (nil)
AscendC: [_ZN7AscendC15load_gm_to_cbufEPjS0_thtth15addr_cal_mode_t] -> 0xe7fff2cc37f8
AscendC: [_ZN7AscendC15load_gm_to_cbufEPjS0_thtthb15addr_cal_mode_t] -> (nil)
AscendC: [_ZN7AscendC15load_gm_to_cbufEPhS0_m] -> (nil)
AscendC: [_ZN7AscendC15load_gm_to_cbufEPhS0_m15addr_cal_mode_t] -> (nil)
AscendC: [_ZN7AscendC15load_gm_to_cbufEPhS0_thtth15addr_cal_mode_t] -> 0xe7fff2cc1340
AscendC: [_ZN7AscendC15load_gm_to_cbufEPhS0_thtthb15addr_cal_mode_t] -> (nil)
AscendC: [_ZN7AscendC15load_gm_to_cbufEPhS0_thth] -> (nil)
AscendC: [_ZN7AscendC15load_gm_to_cbufEPN7float165Fp16TES2_thth15addr_cal_mode_t] -> (nil)
AscendC: [_ZN7AscendC15load_gm_to_cbufEPaS0_thth15addr_cal_mode_t] -> (nil)
AscendC: [_ZN7AscendC15load_gm_to_cbufEPhS0_thth15addr_cal_mode_t] -> (nil)
AscendC: [_ZN7AscendC18load_gm_to_cbuf_s4EPvS0_m15addr_cal_mode_t] -> (nil)
AscendC: [_ZN7AscendC18load_gm_to_cbuf_s4EPvS0_thtth15addr_cal_mode_t] -> (nil)
AscendC: [_ZN7AscendC18load_gm_to_cbuf_s4EPvS0_thtthb15addr_cal_mode_t] -> (nil)
AscendC: [_ZN7AscendC21load_gm_to_cbuf_unzipEPN7float165Fp16TES2_] -> (nil)
AscendC: [_ZN7AscendC21load_gm_to_cbuf_unzipEPvS0_] -> (nil)
AscendC: [_ZN7AscendC18load_image_to_cbufEPN7float165Fp16TEmm] -> (nil)
AscendC: [_ZN7AscendC18load_image_to_cbufEPN7float165Fp16TEttttthhtth] -> 0xe7fff2cc8008
AscendC: [_ZN7AscendC18load_image_to_cbufEPsmm] -> (nil)
AscendC: [_ZN7AscendC18load_image_to_cbufEPsttttthhtth] -> 0xe7fff2cc8308
AscendC: [_ZN7AscendC18load_image_to_cbufEPamm] -> (nil)
AscendC: [_ZN7AscendC18load_image_to_cbufEPattttthhtth] -> 0xe7fff2cc8188
AscendC: [_ZN7AscendC18load_image_to_cbufEPhmm] -> (nil)
AscendC: [_ZN7AscendC18load_image_to_cbufEPhttttthhtth] -> 0xe7fff2cc8488
AscendC: [_ZN7AscendC26load_smask_table_from_cbufEtPvm] -> (nil)
AscendC: [_ZN7AscendC24load_smask_table_from_gmEtPvm] -> (nil)
AscendC: [_ZN7AscendC24load_smask_table_from_ubEtPvm] -> (nil)
AscendC: [_ZN7AscendC24load_unzip_index_from_gmEPvm] -> (nil)
AscendC: [_ZN7AscendC24load_unzip_index_from_gmEPvjh] -> (nil)
AscendC: [_ZN7AscendC3madEPN7float165Fp16TES2_S2_m] -> (nil)
AscendC: [_ZN7AscendC3madEPN7float165Fp16TES2_S2_tttb] -> 0xe7fff2ccaa60
AscendC: [_ZN7AscendC3madEPN7float165Fp16TES2_S2_ttthhbbbbb] -> (nil)
AscendC: [_ZN7AscendC3madEPN7float165Fp16TES2_S2_ttthbbb] -> 0xe7fff2ccab20
AscendC: [_ZN7AscendC3madEPfPN7float165Fp16TES3_m] -> (nil)
AscendC: [_ZN7AscendC3madEPfPN7float165Fp16TES3_tttb] -> 0xe7fff2cc5330
AscendC: [_ZN7AscendC3madEPfPN7float165Fp16TES3_ttthhbbbbb] -> (nil)
AscendC: [_ZN7AscendC3madEPfPN7float165Fp16TES3_ttthbbb] -> 0xe7fff2cc5458
AscendC: [_ZN7AscendC3madEPfPN7float165Fp16TES3_ttthhhbbbb] -> (nil)
AscendC: [_ZN7AscendC3madEPfPN8bfloat165Bf16TES3_m] -> (nil)
AscendC: [_ZN7AscendC3madEPfPN8bfloat165Bf16TES3_ttthbbb] -> 0xe7fff2cc5968
AscendC: [_ZN7AscendC3madEPfPN8bfloat165Bf16TES3_ttthhhbbbb] -> (nil)
AscendC: [_ZN7AscendC3madEPfS0_S0_m] -> (nil)
AscendC: [_ZN7AscendC3madEPfS0_S0_ttthbbb] -> 0xe7fff2cc56e8
AscendC: [_ZN7AscendC3madEPfS0_S0_ttthhhbbbb] -> (nil)
AscendC: [_ZN7AscendC3madEPiPsPam] -> (nil)
AscendC: [_ZN7AscendC3madEPiPsPattth11unit_flag_tbb] -> (nil)
AscendC: [_ZN7AscendC3madEPiPaS1_m] -> (nil)
AscendC: [_ZN7AscendC3madEPiPaS1_tttb] -> 0xe7fff2cc4f78
AscendC: [_ZN7AscendC3madEPiPaS1_ttthhbbbbb] -> (nil)
AscendC: [_ZN7AscendC3madEPiPaS1_ttthbbb] -> 0xe7fff2cc50a0
AscendC: [_ZN7AscendC3madEPiPaS1_ttthhhbbbb] -> (nil)
AscendC: [_ZN7AscendC3madEPjPhS1_m] -> (nil)
AscendC: [_ZN7AscendC3madEPjPhS1_tttb] -> 0xe7fff2cca528
AscendC: [_ZN7AscendC3madEPjPhS1_ttthhbbbbb] -> (nil)
AscendC: [_ZN7AscendC3madEPjPhS1_ttthbbb] -> 0xe7fff2cca5f0
AscendC: [_ZN7AscendC3madEPiPhS1_m] -> (nil)
AscendC: [_ZN7AscendC3madEPiPhS1_tttb] -> 0xe7fff2cca6e0
AscendC: [_ZN7AscendC3madEPiPhS1_ttthhbbbbb] -> (nil)
AscendC: [_ZN7AscendC3madEPiPhS1_ttthbbb] -> 0xe7fff2cca7a8
AscendC: [_ZN7AscendC3madEPiPhS1_ttthhhbbbb] -> (nil)
AscendC: [_ZN7AscendC3madEPiPhPam] -> (nil)
AscendC: [_ZN7AscendC3madEPiPhPatttb] -> 0xe7fff2cca898
AscendC: [_ZN7AscendC3madEPiPhPattthhbbbbb] -> (nil)
AscendC: [_ZN7AscendC3madEPiPhPattthbbb] -> 0xe7fff2cca968
AscendC: [_ZN7AscendC3madEPN7float165Fp16TES2_S2_mm] -> (nil)
AscendC: [_ZN7AscendC3madEPN7float165Fp16TES2_S2_mtttb] -> (nil)
AscendC: [_ZN7AscendC3madEPN7float165Fp16TES2_S2_mttthbbb] -> (nil)
AscendC: [_ZN7AscendC3madEPfPN7float165Fp16TES3_mm] -> (nil)
AscendC: [_ZN7AscendC3madEPfPN7float165Fp16TES3_mtttb] -> (nil)
AscendC: [_ZN7AscendC3madEPfPN7float165Fp16TES3_mttthbbb] -> 0xe7fff2cc55a0
AscendC: [_ZN7AscendC3madEPfPN8bfloat165Bf16TES3_mm] -> (nil)
AscendC: [_ZN7AscendC3madEPfPN8bfloat165Bf16TES3_mttthbbb] -> 0xe7fff2cc5ab0
AscendC: [_ZN7AscendC3madEPfS0_S0_mm] -> (nil)
AscendC: [_ZN7AscendC3madEPfS0_S0_mttthbbb] -> 0xe7fff2cc5828
AscendC: [_ZN7AscendC3madEPiPsPamm] -> (nil)
AscendC: [_ZN7AscendC3madEPiPsPamttth11unit_flag_tbb] -> (nil)
AscendC: [_ZN7AscendC3madEPiPaS1_mm] -> (nil)
AscendC: [_ZN7AscendC3madEPiPaS1_mtttb] -> (nil)
AscendC: [_ZN7AscendC3madEPiPaS1_mttthbbb] -> 0xe7fff2cc51e8
AscendC: [_ZN7AscendC3madEPjPhS1_mm] -> (nil)
AscendC: [_ZN7AscendC3madEPjPhS1_mtttb] -> (nil)
AscendC: [_ZN7AscendC3madEPjPhS1_mttthbbb] -> (nil)
AscendC: [_ZN7AscendC3madEPiPhS1_mm] -> (nil)
AscendC: [_ZN7AscendC3madEPiPhS1_mtttb] -> (nil)
AscendC: [_ZN7AscendC3madEPiPhS1_mttthbbb] -> (nil)
AscendC: [_ZN7AscendC3madEPiPhPamm] -> (nil)
AscendC: [_ZN7AscendC3madEPiPhPamtttb] -> (nil)
AscendC: [_ZN7AscendC3madEPiPhPamttthbbb] -> (nil)
AscendC: [_ZN7AscendC8mad_b8u2EPiPaPvm] -> (nil)
AscendC: [_ZN7AscendC8mad_b8u2EPiPaPvtttb] -> (nil)
AscendC: [_ZN7AscendC8mad_b8u2EPiPaPvttthhbbbbb] -> (nil)
AscendC: [_ZN7AscendC8mad_b8u2EPiPhPvm] -> (nil)
AscendC: [_ZN7AscendC8mad_b8u2EPiPhPvtttb] -> (nil)
AscendC: [_ZN7AscendC8mad_b8u2EPiPhPvttthhbbbbb] -> (nil)
AscendC: [_ZN7AscendC12mad_bf162f32EPfPtS1_m] -> (nil)
AscendC: [_ZN7AscendC12mad_bf162f32EPfPtS1_ttthbbb] -> (nil)
AscendC: [_ZN7AscendC12mad_bf162f32EPfPtS1_ttthhhbbbb] -> (nil)
AscendC: [_ZN7AscendC9mad_f16u2EPN7float165Fp16TES2_Pvm] -> (nil)
AscendC: [_ZN7AscendC9mad_f16u2EPN7float165Fp16TES2_Pvtttb] -> (nil)
AscendC: [_ZN7AscendC9mad_f16u2EPN7float165Fp16TES2_Pvttthhbbbbb] -> (nil)
AscendC: [_ZN7AscendC6mad_s4EPiPvS1_m] -> (nil)
AscendC: [_ZN7AscendC6mad_s4EPiPvS1_tttb] -> (nil)
AscendC: [_ZN7AscendC6mad_s4EPiPvS1_ttthhbbbbb] -> (nil)
AscendC: [_ZN7AscendC6mad_s4EPiPvS1_ttthbbb] -> 0xe7fff2cbdf98
AscendC: [_ZN7AscendC6mad_s4EPiPvS1_ttthhhbbbb] -> (nil)
AscendC: [_ZN7AscendC6mad_spEPiPaS1_m] -> (nil)
AscendC: [_ZN7AscendC6mad_spEPiPaS1_ttthbb] -> (nil)
AscendC: [_ZN7AscendC12mad_tf322f32EPfS0_S0_m] -> (nil)
AscendC: [_ZN7AscendC12mad_tf322f32EPfS0_S0_ttthbbb] -> (nil)
AscendC: [_ZN7AscendC12mad_tf322f32EPfS0_S0_ttthhhbbbb] -> (nil)
AscendC: [_ZN7AscendC8mov_vsprE6VSPR_tm] -> (nil)
AscendC: [_ZN7AscendC13mte4_mte5_offEv] -> (nil)
AscendC: [_ZN7AscendC12mte4_mte5_onEv] -> (nil)
AscendC: [_ZN7AscendC7mvf_dciEv] -> (nil)
AscendC: [_ZN7AscendC21mvf_gm_to_ub_b128_u16EPvS0_S0_m] -> (nil)
AscendC: [_ZN7AscendC21mvf_gm_to_ub_b128_u16EPvS0_S0_thh] -> (nil)
AscendC: [_ZN7AscendC21mvf_gm_to_ub_b128_u32EPvS0_S0_m] -> (nil)
AscendC: [_ZN7AscendC21mvf_gm_to_ub_b128_u32EPvS0_S0_thh] -> (nil)
AscendC: [_ZN7AscendC21mvf_gm_to_ub_b256_u16EPvS0_S0_m] -> (nil)
AscendC: [_ZN7AscendC21mvf_gm_to_ub_b256_u16EPvS0_S0_thh] -> (nil)
AscendC: [_ZN7AscendC21mvf_gm_to_ub_b256_u32EPvS0_S0_m] -> (nil)
AscendC: [_ZN7AscendC21mvf_gm_to_ub_b256_u32EPvS0_S0_thh] -> (nil)
AscendC: [_ZN7AscendC20mvf_gm_to_ub_b32_u16EPvS0_S0_m] -> (nil)
AscendC: [_ZN7AscendC20mvf_gm_to_ub_b32_u16EPvS0_S0_thh] -> (nil)
AscendC: [_ZN7AscendC20mvf_gm_to_ub_b32_u32EPvS0_S0_m] -> (nil)
AscendC: [_ZN7AscendC20mvf_gm_to_ub_b32_u32EPvS0_S0_thh] -> (nil)
AscendC: [_ZN7AscendC21mvf_gm_to_ub_b512_u16EPvS0_S0_m] -> (nil)
AscendC: [_ZN7AscendC21mvf_gm_to_ub_b512_u16EPvS0_S0_thh] -> (nil)
AscendC: [_ZN7AscendC21mvf_gm_to_ub_b512_u32EPvS0_S0_m] -> (nil)
AscendC: [_ZN7AscendC21mvf_gm_to_ub_b512_u32EPvS0_S0_thh] -> (nil)
AscendC: [_ZN7AscendC20mvf_gm_to_ub_b64_u16EPvS0_S0_m] -> (nil)
AscendC: [_ZN7AscendC20mvf_gm_to_ub_b64_u16EPvS0_S0_thh] -> (nil)
AscendC: [_ZN7AscendC20mvf_gm_to_ub_b64_u32EPvS0_S0_m] -> (nil)
AscendC: [_ZN7AscendC20mvf_gm_to_ub_b64_u32EPvS0_S0_thh] -> (nil)
AscendC: [_ZN7AscendC12pc_trace_offEv] -> (nil)
AscendC: [_ZN7AscendC11pc_trace_onEv] -> (nil)
AscendC: [_ZN7AscendC12pipe_barrierE6pipe_t] -> 0xe7fff2c6a310
AscendC: [_ZN7AscendC7preloadEPKv] -> 0xe7fff2c6ab58
AscendC: [_ZN7AscendC7preloadEPKvl] -> 0xe7fff2c6aaa8
AscendC: [_ZN7AscendC12release_pbidEm] -> (nil)
AscendC: [_ZN7AscendC7rpn_corEPN7float165Fp16TES2_m] -> (nil)
AscendC: [_ZN7AscendC7rpn_corEPN7float165Fp16TES2_htt] -> (nil)
AscendC: [_ZN7AscendC12rpn_cor_diagEPN7float165Fp16TES2_] -> (nil)
AscendC: [_ZN7AscendC13rpn_cor_diag2EPN7float165Fp16TES2_] -> (nil)
AscendC: [_ZN7AscendC8sbitset0Eml] -> 0xe7fff2c68f20
AscendC: [_ZN7AscendC8sbitset1Eml] -> 0xe7fff2c68f10
AscendC: [_ZN7AscendC12scatter_vabsE7vtype_t10ub_addr8_tS1_m] -> (nil)
AscendC: [_ZN7AscendC12scatter_vabsE7vtype_t10ub_addr8_tS1_htt] -> (nil)
AscendC: [_ZN7AscendC16scatter_vabs_f16E10ub_addr8_tS0_m] -> (nil)
AscendC: [_ZN7AscendC16scatter_vabs_f16E10ub_addr8_tS0_htt] -> (nil)
AscendC: [_ZN7AscendC16scatter_vabs_f32E10ub_addr8_tS0_m] -> (nil)
AscendC: [_ZN7AscendC16scatter_vabs_f32E10ub_addr8_tS0_htt] -> (nil)
AscendC: [_ZN7AscendC16scatter_vabs_s16E10ub_addr8_tS0_m] -> (nil)
AscendC: [_ZN7AscendC16scatter_vabs_s16E10ub_addr8_tS0_htt] -> (nil)
AscendC: [_ZN7AscendC12scatter_vaddE7vtype_t10ub_addr8_tS1_S1_m] -> (nil)
AscendC: [_ZN7AscendC12scatter_vaddE7vtype_t10ub_addr8_tS1_S1_httt] -> (nil)
AscendC: [_ZN7AscendC16scatter_vadd_f16E10ub_addr8_tS0_S0_m] -> (nil)
AscendC: [_ZN7AscendC16scatter_vadd_f16E10ub_addr8_tS0_S0_httt] -> (nil)
AscendC: [_ZN7AscendC16scatter_vadd_f32E10ub_addr8_tS0_S0_m] -> (nil)
AscendC: [_ZN7AscendC16scatter_vadd_f32E10ub_addr8_tS0_S0_httt] -> (nil)
AscendC: [_ZN7AscendC16scatter_vadd_s16E10ub_addr8_tS0_S0_m] -> (nil)
AscendC: [_ZN7AscendC16scatter_vadd_s16E10ub_addr8_tS0_S0_httt] -> (nil)
AscendC: [_ZN7AscendC16scatter_vadd_s32E10ub_addr8_tS0_S0_m] -> (nil)
AscendC: [_ZN7AscendC16scatter_vadd_s32E10ub_addr8_tS0_S0_httt] -> (nil)
AscendC: [_ZN7AscendC13scatter_vaddsE7vtype_t10ub_addr8_tS1_N7float165Fp16TEm] -> (nil)
AscendC: [_ZN7AscendC13scatter_vaddsE7vtype_t10ub_addr8_tS1_N7float165Fp16TEhtt] -> (nil)
AscendC: [_ZN7AscendC13scatter_vaddsE7vtype_t10ub_addr8_tS1_fm] -> (nil)
AscendC: [_ZN7AscendC13scatter_vaddsE7vtype_t10ub_addr8_tS1_fhtt] -> (nil)
AscendC: [_ZN7AscendC17scatter_vadds_f16E10ub_addr8_tS0_N7float165Fp16TEm] -> (nil)
AscendC: [_ZN7AscendC17scatter_vadds_f16E10ub_addr8_tS0_N7float165Fp16TEhtt] -> (nil)
AscendC: [_ZN7AscendC17scatter_vadds_f32E10ub_addr8_tS0_fm] -> (nil)
AscendC: [_ZN7AscendC17scatter_vadds_f32E10ub_addr8_tS0_fhtt] -> (nil)
AscendC: [_ZN7AscendC17scatter_vadds_s16E10ub_addr8_tS0_sm] -> (nil)
AscendC: [_ZN7AscendC17scatter_vadds_s16E10ub_addr8_tS0_shtt] -> (nil)
AscendC: [_ZN7AscendC17scatter_vadds_s32E10ub_addr8_tS0_im] -> (nil)
AscendC: [_ZN7AscendC17scatter_vadds_s32E10ub_addr8_tS0_ihtt] -> (nil)
AscendC: [_ZN7AscendC13scatter_vaxpyE7vtype_t10ub_addr8_tS1_N7float165Fp16TEmb] -> (nil)
AscendC: [_ZN7AscendC13scatter_vaxpyE7vtype_t10ub_addr8_tS1_N7float165Fp16TEhttb] -> (nil)
AscendC: [_ZN7AscendC13scatter_vaxpyE7vtype_t10ub_addr8_tS1_fmb] -> (nil)
AscendC: [_ZN7AscendC13scatter_vaxpyE7vtype_t10ub_addr8_tS1_fhttb] -> (nil)
AscendC: [_ZN7AscendC17scatter_vaxpy_f16E10ub_addr8_tS0_N7float165Fp16TEmb] -> (nil)
AscendC: [_ZN7AscendC17scatter_vaxpy_f16E10ub_addr8_tS0_N7float165Fp16TEhttb] -> (nil)
AscendC: [_ZN7AscendC17scatter_vaxpy_f32E10ub_addr8_tS0_fmb] -> (nil)
AscendC: [_ZN7AscendC17scatter_vaxpy_f32E10ub_addr8_tS0_fhttb] -> (nil)
AscendC: [_ZN7AscendC18scatter_vaxpy_fmixE10ub_addr8_tS0_N7float165Fp16TEmb] -> (nil)
AscendC: [_ZN7AscendC18scatter_vaxpy_fmixE10ub_addr8_tS0_N7float165Fp16TEhttb] -> (nil)
AscendC: [_ZN7AscendC15scatter_vcmp_eqE7vtype_t10ub_addr8_tS1_m] -> (nil)
AscendC: [_ZN7AscendC19scatter_vcmp_eq_f16E10ub_addr8_tS0_m] -> (nil)
AscendC: [_ZN7AscendC19scatter_vcmp_eq_f32E10ub_addr8_tS0_m] -> (nil)
AscendC: [_ZN7AscendC19scatter_vcmp_eq_s16E10ub_addr8_tS0_m] -> (nil)
AscendC: [_ZN7AscendC15scatter_vcmp_geE7vtype_t10ub_addr8_tS1_m] -> (nil)
AscendC: [_ZN7AscendC19scatter_vcmp_ge_f16E10ub_addr8_tS0_m] -> (nil)
AscendC: [_ZN7AscendC19scatter_vcmp_ge_f32E10ub_addr8_tS0_m] -> (nil)
AscendC: [_ZN7AscendC19scatter_vcmp_ge_s16E10ub_addr8_tS0_m] -> (nil)
AscendC: [_ZN7AscendC15scatter_vcmp_gtE7vtype_t10ub_addr8_tS1_m] -> (nil)
AscendC: [_ZN7AscendC19scatter_vcmp_gt_f16E10ub_addr8_tS0_m] -> (nil)
AscendC: [_ZN7AscendC19scatter_vcmp_gt_f32E10ub_addr8_tS0_m] -> (nil)
AscendC: [_ZN7AscendC19scatter_vcmp_gt_s16E10ub_addr8_tS0_m] -> (nil)
AscendC: [_ZN7AscendC15scatter_vcmp_leE7vtype_t10ub_addr8_tS1_m] -> (nil)
AscendC: [_ZN7AscendC19scatter_vcmp_le_f16E10ub_addr8_tS0_m] -> (nil)
AscendC: [_ZN7AscendC19scatter_vcmp_le_f32E10ub_addr8_tS0_m] -> (nil)
AscendC: [_ZN7AscendC19scatter_vcmp_le_s16E10ub_addr8_tS0_m] -> (nil)
AscendC: [_ZN7AscendC15scatter_vcmp_ltE7vtype_t10ub_addr8_tS1_m] -> (nil)
AscendC: [_ZN7AscendC19scatter_vcmp_lt_f16E10ub_addr8_tS0_m] -> (nil)
AscendC: [_ZN7AscendC19scatter_vcmp_lt_f32E10ub_addr8_tS0_m] -> (nil)
AscendC: [_ZN7AscendC19scatter_vcmp_lt_s16E10ub_addr8_tS0_m] -> (nil)
AscendC: [_ZN7AscendC15scatter_vcmp_neE7vtype_t10ub_addr8_tS1_m] -> (nil)
AscendC: [_ZN7AscendC19scatter_vcmp_ne_f16E10ub_addr8_tS0_m] -> (nil)
AscendC: [_ZN7AscendC19scatter_vcmp_ne_f32E10ub_addr8_tS0_m] -> (nil)
AscendC: [_ZN7AscendC19scatter_vcmp_ne_s16E10ub_addr8_tS0_m] -> (nil)
AscendC: [_ZN7AscendC8vcmps_eqERhPtth] -> 0xe7fff2cf1620
AscendC: [_ZN7AscendC8vcmps_neERhPtth] -> 0xe7fff2cf1850
AscendC: [_ZN7AscendC8vcmps_gtERhPtth] -> 0xe7fff2cf1a80
AscendC: [_ZN7AscendC8vcmps_geERhPtth] -> 0xe7fff2cf1cb0
AscendC: [_ZN7AscendC8vcmps_ltERhPtth] -> 0xe7fff2cf1ee0
AscendC: [_ZN7AscendC8vcmps_leERhPtth] -> 0xe7fff2cf2110
AscendC: [_ZN7AscendC8vcmps_eqERhPssh] -> 0xe7fff2ceff40
AscendC: [_ZN7AscendC8vcmps_neERhPssh] -> 0xe7fff2cf0170
AscendC: [_ZN7AscendC8vcmps_gtERhPssh] -> 0xe7fff2cf03a0
AscendC: [_ZN7AscendC8vcmps_geERhPssh] -> 0xe7fff2cf05d0
AscendC: [_ZN7AscendC8vcmps_ltERhPssh] -> 0xe7fff2cf0800
AscendC: [_ZN7AscendC8vcmps_leERhPssh] -> 0xe7fff2cf0a30
AscendC: [_ZN7AscendC8vcmps_eqERhPjjh] -> 0xe7fff2cf2d00
AscendC: [_ZN7AscendC8vcmps_neERhPjjh] -> 0xe7fff2cf2f30
AscendC: [_ZN7AscendC8vcmps_gtERhPjjh] -> 0xe7fff2cf3160
AscendC: [_ZN7AscendC8vcmps_geERhPjjh] -> 0xe7fff2cf3390
AscendC: [_ZN7AscendC8vcmps_ltERhPjjh] -> 0xe7fff2cf35c0
AscendC: [_ZN7AscendC8vcmps_leERhPjjh] -> 0xe7fff2cf37f0
AscendC: [_ZN7AscendC8vcmps_eqERhPiih] -> 0xe7fff2cedc10
AscendC: [_ZN7AscendC8vcmps_neERhPiih] -> 0xe7fff2cede40
AscendC: [_ZN7AscendC8vcmps_gtERhPiih] -> 0xe7fff2cee070
AscendC: [_ZN7AscendC8vcmps_geERhPiih] -> 0xe7fff2cee2a0
AscendC: [_ZN7AscendC8vcmps_ltERhPiih] -> 0xe7fff2cee4d0
AscendC: [_ZN7AscendC8vcmps_leERhPiih] -> 0xe7fff2cee6b8
AscendC: [_ZN7AscendC8vcmps_eqERhPN7float165Fp16TES2_h] -> 0xe7fff2cf0c60
AscendC: [_ZN7AscendC8vcmps_neERhPN7float165Fp16TES2_h] -> 0xe7fff2cf0e00
AscendC: [_ZN7AscendC8vcmps_gtERhPN7float165Fp16TES2_h] -> 0xe7fff2cf0fa0
AscendC: [_ZN7AscendC8vcmps_geERhPN7float165Fp16TES2_h] -> 0xe7fff2cf1140
AscendC: [_ZN7AscendC8vcmps_ltERhPN7float165Fp16TES2_h] -> 0xe7fff2cf12e0
AscendC: [_ZN7AscendC8vcmps_leERhPN7float165Fp16TES2_h] -> 0xe7fff2cf1480
AscendC: [_ZN7AscendC8vcmps_eqERhPffh] -> 0xe7fff2cf2340
AscendC: [_ZN7AscendC8vcmps_neERhPffh] -> 0xe7fff2cf24e0
AscendC: [_ZN7AscendC8vcmps_gtERhPffh] -> 0xe7fff2cf2680
AscendC: [_ZN7AscendC8vcmps_geERhPffh] -> 0xe7fff2cf2820
AscendC: [_ZN7AscendC8vcmps_ltERhPffh] -> 0xe7fff2cf29c0
AscendC: [_ZN7AscendC8vcmps_leERhPffh] -> 0xe7fff2cf2b60
AscendC: [_ZN7AscendC19scatter_vconcat_f16EPN7float165Fp16TE10ub_addr8_tm] -> (nil)
AscendC: [_ZN7AscendC19scatter_vconcat_f16EPN7float165Fp16TE10ub_addr8_thh] -> (nil)
AscendC: [_ZN7AscendC19scatter_vconcat_f32EPf10ub_addr8_tm] -> (nil)
AscendC: [_ZN7AscendC19scatter_vconcat_f32EPf10ub_addr8_thh] -> (nil)
AscendC: [_ZN7AscendC17scatter_vconv_deqE10ub_addr8_tS0_mb] -> (nil)
AscendC: [_ZN7AscendC17scatter_vconv_deqE10ub_addr8_tS0_httb] -> (nil)
AscendC: [_ZN7AscendC21scatter_vconv_f162f32E10ub_addr8_tS0_mb] -> (nil)
AscendC: [_ZN7AscendC21scatter_vconv_f162f32E10ub_addr8_tS0_httb] -> (nil)
AscendC: [_ZN7AscendC22scatter_vconv_f162s32aE10ub_addr8_tS0_mb] -> (nil)
AscendC: [_ZN7AscendC22scatter_vconv_f162s32aE10ub_addr8_tS0_httb] -> (nil)
AscendC: [_ZN7AscendC22scatter_vconv_f162s32cE10ub_addr8_tS0_mb] -> (nil)
AscendC: [_ZN7AscendC22scatter_vconv_f162s32cE10ub_addr8_tS0_httb] -> (nil)
AscendC: [_ZN7AscendC22scatter_vconv_f162s32fE10ub_addr8_tS0_mb] -> (nil)
AscendC: [_ZN7AscendC22scatter_vconv_f162s32fE10ub_addr8_tS0_httb] -> (nil)
AscendC: [_ZN7AscendC22scatter_vconv_f162s32rE10ub_addr8_tS0_mb] -> (nil)
AscendC: [_ZN7AscendC22scatter_vconv_f162s32rE10ub_addr8_tS0_httb] -> (nil)
AscendC: [_ZN7AscendC22scatter_vconv_f162s32zE10ub_addr8_tS0_mb] -> (nil)
AscendC: [_ZN7AscendC22scatter_vconv_f162s32zE10ub_addr8_tS0_httb] -> (nil)
AscendC: [_ZN7AscendC20scatter_vconv_f162s8E10ub_addr8_tS0_mb] -> (nil)
AscendC: [_ZN7AscendC20scatter_vconv_f162s8E10ub_addr8_tS0_httb] -> (nil)
AscendC: [_ZN7AscendC21scatter_vconv_f162s8aE10ub_addr8_tS0_mb] -> (nil)
AscendC: [_ZN7AscendC21scatter_vconv_f162s8aE10ub_addr8_tS0_httb] -> (nil)
AscendC: [_ZN7AscendC21scatter_vconv_f162s8cE10ub_addr8_tS0_mb] -> (nil)
AscendC: [_ZN7AscendC21scatter_vconv_f162s8cE10ub_addr8_tS0_httb] -> (nil)
AscendC: [_ZN7AscendC21scatter_vconv_f162s8fE10ub_addr8_tS0_mb] -> (nil)
AscendC: [_ZN7AscendC21scatter_vconv_f162s8fE10ub_addr8_tS0_httb] -> (nil)
AscendC: [_ZN7AscendC21scatter_vconv_f162s8zE10ub_addr8_tS0_mb] -> (nil)
AscendC: [_ZN7AscendC21scatter_vconv_f162s8zE10ub_addr8_tS0_httb] -> (nil)
AscendC: [_ZN7AscendC20scatter_vconv_f162u8E10ub_addr8_tS0_mb] -> (nil)
AscendC: [_ZN7AscendC20scatter_vconv_f162u8E10ub_addr8_tS0_httb] -> (nil)
AscendC: [_ZN7AscendC21scatter_vconv_f162u8aE10ub_addr8_tS0_mb] -> (nil)
AscendC: [_ZN7AscendC21scatter_vconv_f162u8aE10ub_addr8_tS0_httb] -> (nil)
AscendC: [_ZN7AscendC21scatter_vconv_f162u8cE10ub_addr8_tS0_mb] -> (nil)
AscendC: [_ZN7AscendC21scatter_vconv_f162u8cE10ub_addr8_tS0_httb] -> (nil)
AscendC: [_ZN7AscendC21scatter_vconv_f162u8fE10ub_addr8_tS0_mb] -> (nil)
AscendC: [_ZN7AscendC21scatter_vconv_f162u8fE10ub_addr8_tS0_httb] -> (nil)
AscendC: [_ZN7AscendC21scatter_vconv_f162u8zE10ub_addr8_tS0_mb] -> (nil)
AscendC: [_ZN7AscendC21scatter_vconv_f162u8zE10ub_addr8_tS0_httb] -> (nil)
AscendC: [_ZN7AscendC21scatter_vconv_f322f16E10ub_addr8_tS0_mb] -> (nil)
AscendC: [_ZN7AscendC21scatter_vconv_f322f16E10ub_addr8_tS0_httb] -> (nil)
AscendC: [_ZN7AscendC22scatter_vconv_f322f16oE10ub_addr8_tS0_mb] -> (nil)
AscendC: [_ZN7AscendC22scatter_vconv_f322f16oE10ub_addr8_tS0_httb] -> (nil)
AscendC: [_ZN7AscendC22scatter_vconv_f322s32aE10ub_addr8_tS0_mb] -> (nil)
AscendC: [_ZN7AscendC22scatter_vconv_f322s32aE10ub_addr8_tS0_httb] -> (nil)
AscendC: [_ZN7AscendC22scatter_vconv_f322s32cE10ub_addr8_tS0_mb] -> (nil)
AscendC: [_ZN7AscendC22scatter_vconv_f322s32cE10ub_addr8_tS0_httb] -> (nil)
AscendC: [_ZN7AscendC22scatter_vconv_f322s32fE10ub_addr8_tS0_mb] -> (nil)
AscendC: [_ZN7AscendC22scatter_vconv_f322s32fE10ub_addr8_tS0_httb] -> (nil)
AscendC: [_ZN7AscendC22scatter_vconv_f322s32rE10ub_addr8_tS0_mb] -> (nil)
AscendC: [_ZN7AscendC22scatter_vconv_f322s32rE10ub_addr8_tS0_httb] -> (nil)
AscendC: [_ZN7AscendC22scatter_vconv_f322s32zE10ub_addr8_tS0_mb] -> (nil)
AscendC: [_ZN7AscendC22scatter_vconv_f322s32zE10ub_addr8_tS0_httb] -> (nil)
AscendC: [_ZN7AscendC21scatter_vconv_s322f32E10ub_addr8_tS0_mb] -> (nil)
AscendC: [_ZN7AscendC21scatter_vconv_s322f32E10ub_addr8_tS0_httb] -> (nil)
AscendC: [_ZN7AscendC20scatter_vconv_s82f16E10ub_addr8_tS0_mb] -> (nil)
AscendC: [_ZN7AscendC20scatter_vconv_s82f16E10ub_addr8_tS0_httb] -> (nil)
AscendC: [_ZN7AscendC20scatter_vconv_u82f16E10ub_addr8_tS0_mb] -> (nil)
AscendC: [_ZN7AscendC20scatter_vconv_u82f16E10ub_addr8_tS0_httb] -> (nil)
AscendC: [_ZN7AscendC21scatter_vcshuffle_b16E10ub_addr8_tS0_m] -> (nil)
AscendC: [_ZN7AscendC21scatter_vcshuffle_b16E10ub_addr8_tS0_htth] -> (nil)
AscendC: [_ZN7AscendC21scatter_vcshuffle_b32E10ub_addr8_tS0_m] -> (nil)
AscendC: [_ZN7AscendC21scatter_vcshuffle_b32E10ub_addr8_tS0_htth] -> (nil)
AscendC: [_ZN7AscendC20scatter_vcshuffle_b8E10ub_addr8_tS0_m] -> (nil)
AscendC: [_ZN7AscendC20scatter_vcshuffle_b8E10ub_addr8_tS0_htth] -> (nil)
AscendC: [_ZN7AscendC12scatter_vdivE7vtype_t10ub_addr8_tS1_S1_m] -> (nil)
AscendC: [_ZN7AscendC12scatter_vdivE7vtype_t10ub_addr8_tS1_S1_httt] -> (nil)
AscendC: [_ZN7AscendC16scatter_vdiv_f16E10ub_addr8_tS0_S0_m] -> (nil)
AscendC: [_ZN7AscendC16scatter_vdiv_f16E10ub_addr8_tS0_S0_httt] -> (nil)
AscendC: [_ZN7AscendC16scatter_vdiv_f32E10ub_addr8_tS0_S0_m] -> (nil)
AscendC: [_ZN7AscendC16scatter_vdiv_f32E10ub_addr8_tS0_S0_httt] -> (nil)
AscendC: [_ZN7AscendC18scatter_vector_movE7vtype_t10ub_addr8_tS1_m] -> (nil)
AscendC: [_ZN7AscendC18scatter_vector_movE7vtype_t10ub_addr8_tS1_htt] -> (nil)
AscendC: [_ZN7AscendC22scatter_vector_mov_f16E10ub_addr8_tS0_m] -> (nil)
AscendC: [_ZN7AscendC22scatter_vector_mov_f16E10ub_addr8_tS0_htt] -> (nil)
AscendC: [_ZN7AscendC22scatter_vector_mov_s16E10ub_addr8_tS0_m] -> (nil)
AscendC: [_ZN7AscendC22scatter_vector_mov_s16E10ub_addr8_tS0_htt] -> (nil)
AscendC: [_ZN7AscendC22scatter_vector_mov_u16E10ub_addr8_tS0_m] -> (nil)
AscendC: [_ZN7AscendC22scatter_vector_mov_u16E10ub_addr8_tS0_htt] -> (nil)
AscendC: [_ZN7AscendC12scatter_vexpE7vtype_t10ub_addr8_tS1_m] -> (nil)
AscendC: [_ZN7AscendC12scatter_vexpE7vtype_t10ub_addr8_tS1_htt] -> (nil)
AscendC: [_ZN7AscendC16scatter_vexp_f16E10ub_addr8_tS0_m] -> (nil)
AscendC: [_ZN7AscendC16scatter_vexp_f16E10ub_addr8_tS0_htt] -> (nil)
AscendC: [_ZN7AscendC16scatter_vexp_f32E10ub_addr8_tS0_m] -> (nil)
AscendC: [_ZN7AscendC16scatter_vexp_f32E10ub_addr8_tS0_htt] -> (nil)
AscendC: [_ZN7AscendC20scatter_vextract_f16E10ub_addr8_tPN7float165Fp16TEm] -> (nil)
AscendC: [_ZN7AscendC20scatter_vextract_f16E10ub_addr8_tPN7float165Fp16TEhh] -> (nil)
AscendC: [_ZN7AscendC20scatter_vextract_f32E10ub_addr8_tPfm] -> (nil)
AscendC: [_ZN7AscendC20scatter_vextract_f32E10ub_addr8_tPfhh] -> (nil)
AscendC: [_ZN7AscendC11scatter_vlnE7vtype_t10ub_addr8_tS1_m] -> (nil)
AscendC: [_ZN7AscendC11scatter_vlnE7vtype_t10ub_addr8_tS1_htt] -> (nil)
AscendC: [_ZN7AscendC15scatter_vln_f16E10ub_addr8_tS0_m] -> (nil)
AscendC: [_ZN7AscendC15scatter_vln_f16E10ub_addr8_tS0_htt] -> (nil)
AscendC: [_ZN7AscendC15scatter_vln_f32E10ub_addr8_tS0_m] -> (nil)
AscendC: [_ZN7AscendC15scatter_vln_f32E10ub_addr8_tS0_htt] -> (nil)
AscendC: [_ZN7AscendC13scatter_vmaddE7vtype_t10ub_addr8_tS1_S1_m] -> (nil)
AscendC: [_ZN7AscendC13scatter_vmaddE7vtype_t10ub_addr8_tS1_S1_httt] -> (nil)
AscendC: [_ZN7AscendC17scatter_vmadd_f16E10ub_addr8_tS0_S0_m] -> (nil)
AscendC: [_ZN7AscendC17scatter_vmadd_f16E10ub_addr8_tS0_S0_httt] -> (nil)
AscendC: [_ZN7AscendC17scatter_vmadd_f32E10ub_addr8_tS0_S0_m] -> (nil)
AscendC: [_ZN7AscendC17scatter_vmadd_f32E10ub_addr8_tS0_S0_httt] -> (nil)
AscendC: [_ZN7AscendC17scatter_vmaddreluE7vtype_t10ub_addr8_tS1_S1_m] -> (nil)
AscendC: [_ZN7AscendC17scatter_vmaddreluE7vtype_t10ub_addr8_tS1_S1_httt] -> (nil)
AscendC: [_ZN7AscendC21scatter_vmaddrelu_f16E10ub_addr8_tS0_S0_m] -> (nil)
AscendC: [_ZN7AscendC21scatter_vmaddrelu_f16E10ub_addr8_tS0_S0_httt] -> (nil)
AscendC: [_ZN7AscendC21scatter_vmaddrelu_f32E10ub_addr8_tS0_S0_m] -> (nil)
AscendC: [_ZN7AscendC21scatter_vmaddrelu_f32E10ub_addr8_tS0_S0_httt] -> (nil)
AscendC: [_ZN7AscendC12scatter_vmaxE7vtype_t10ub_addr8_tS1_S1_m] -> (nil)
AscendC: [_ZN7AscendC12scatter_vmaxE7vtype_t10ub_addr8_tS1_S1_httt] -> (nil)
AscendC: [_ZN7AscendC16scatter_vmax_f16E10ub_addr8_tS0_S0_m] -> (nil)
AscendC: [_ZN7AscendC16scatter_vmax_f16E10ub_addr8_tS0_S0_httt] -> (nil)
AscendC: [_ZN7AscendC16scatter_vmax_f32E10ub_addr8_tS0_S0_m] -> (nil)
AscendC: [_ZN7AscendC16scatter_vmax_f32E10ub_addr8_tS0_S0_httt] -> (nil)
AscendC: [_ZN7AscendC16scatter_vmax_s16E10ub_addr8_tS0_S0_m] -> (nil)
AscendC: [_ZN7AscendC16scatter_vmax_s16E10ub_addr8_tS0_S0_httt] -> (nil)
AscendC: [_ZN7AscendC16scatter_vmax_s32E10ub_addr8_tS0_S0_m] -> (nil)
AscendC: [_ZN7AscendC16scatter_vmax_s32E10ub_addr8_tS0_S0_httt] -> (nil)
AscendC: [_ZN7AscendC17scatter_vmaxs_f16E10ub_addr8_tS0_N7float165Fp16TEm] -> (nil)
AscendC: [_ZN7AscendC17scatter_vmaxs_f16E10ub_addr8_tS0_N7float165Fp16TEhtt] -> (nil)
AscendC: [_ZN7AscendC17scatter_vmaxs_f32E10ub_addr8_tS0_fm] -> (nil)
AscendC: [_ZN7AscendC17scatter_vmaxs_f32E10ub_addr8_tS0_fhtt] -> (nil)
AscendC: [_ZN7AscendC17scatter_vmaxs_s16E10ub_addr8_tS0_sm] -> (nil)
AscendC: [_ZN7AscendC17scatter_vmaxs_s16E10ub_addr8_tS0_shtt] -> (nil)
AscendC: [_ZN7AscendC17scatter_vmaxs_s32E10ub_addr8_tS0_im] -> (nil)
AscendC: [_ZN7AscendC17scatter_vmaxs_s32E10ub_addr8_tS0_ihtt] -> (nil)
AscendC: [_ZN7AscendC12scatter_vminE7vtype_t10ub_addr8_tS1_S1_m] -> (nil)
AscendC: [_ZN7AscendC12scatter_vminE7vtype_t10ub_addr8_tS1_S1_httt] -> (nil)
AscendC: [_ZN7AscendC16scatter_vmin_f16E10ub_addr8_tS0_S0_m] -> (nil)
AscendC: [_ZN7AscendC16scatter_vmin_f16E10ub_addr8_tS0_S0_httt] -> (nil)
AscendC: [_ZN7AscendC16scatter_vmin_f32E10ub_addr8_tS0_S0_m] -> (nil)
AscendC: [_ZN7AscendC16scatter_vmin_f32E10ub_addr8_tS0_S0_httt] -> (nil)
AscendC: [_ZN7AscendC16scatter_vmin_s16E10ub_addr8_tS0_S0_m] -> (nil)
AscendC: [_ZN7AscendC16scatter_vmin_s16E10ub_addr8_tS0_S0_httt] -> (nil)
AscendC: [_ZN7AscendC16scatter_vmin_s32E10ub_addr8_tS0_S0_m] -> (nil)
AscendC: [_ZN7AscendC16scatter_vmin_s32E10ub_addr8_tS0_S0_httt] -> (nil)
AscendC: [_ZN7AscendC17scatter_vmins_f16E10ub_addr8_tS0_N7float165Fp16TEm] -> (nil)
AscendC: [_ZN7AscendC17scatter_vmins_f16E10ub_addr8_tS0_N7float165Fp16TEhtt] -> (nil)
AscendC: [_ZN7AscendC17scatter_vmins_f32E10ub_addr8_tS0_fm] -> (nil)
AscendC: [_ZN7AscendC17scatter_vmins_f32E10ub_addr8_tS0_fhtt] -> (nil)
AscendC: [_ZN7AscendC17scatter_vmins_s16E10ub_addr8_tS0_sm] -> (nil)
AscendC: [_ZN7AscendC17scatter_vmins_s16E10ub_addr8_tS0_shtt] -> (nil)
AscendC: [_ZN7AscendC17scatter_vmins_s32E10ub_addr8_tS0_im] -> (nil)
AscendC: [_ZN7AscendC17scatter_vmins_s32E10ub_addr8_tS0_ihtt] -> (nil)
AscendC: [_ZN7AscendC12scatter_vmlaE7vtype_t10ub_addr8_tS1_S1_m] -> (nil)
AscendC: [_ZN7AscendC12scatter_vmlaE7vtype_t10ub_addr8_tS1_S1_httt] -> (nil)
AscendC: [_ZN7AscendC16scatter_vmla_f16E10ub_addr8_tS0_S0_m] -> (nil)
AscendC: [_ZN7AscendC16scatter_vmla_f16E10ub_addr8_tS0_S0_httt] -> (nil)
AscendC: [_ZN7AscendC16scatter_vmla_f32E10ub_addr8_tS0_S0_m] -> (nil)
AscendC: [_ZN7AscendC16scatter_vmla_f32E10ub_addr8_tS0_S0_httt] -> (nil)
AscendC: [_ZN7AscendC17scatter_vmla_fmixE10ub_addr8_tS0_S0_m] -> (nil)
AscendC: [_ZN7AscendC17scatter_vmla_fmixE10ub_addr8_tS0_S0_httt] -> (nil)
AscendC: [_ZN7AscendC12scatter_vmulE7vtype_t10ub_addr8_tS1_S1_m] -> (nil)
AscendC: [_ZN7AscendC12scatter_vmulE7vtype_t10ub_addr8_tS1_S1_httt] -> (nil)
AscendC: [_ZN7AscendC16scatter_vmul_f16E10ub_addr8_tS0_S0_m] -> (nil)
AscendC: [_ZN7AscendC16scatter_vmul_f16E10ub_addr8_tS0_S0_httt] -> (nil)
AscendC: [_ZN7AscendC16scatter_vmul_f32E10ub_addr8_tS0_S0_m] -> (nil)
AscendC: [_ZN7AscendC16scatter_vmul_f32E10ub_addr8_tS0_S0_httt] -> (nil)
AscendC: [_ZN7AscendC16scatter_vmul_s16E10ub_addr8_tS0_S0_m] -> (nil)
AscendC: [_ZN7AscendC16scatter_vmul_s16E10ub_addr8_tS0_S0_httt] -> (nil)
AscendC: [_ZN7AscendC16scatter_vmul_s32E10ub_addr8_tS0_S0_m] -> (nil)
AscendC: [_ZN7AscendC16scatter_vmul_s32E10ub_addr8_tS0_S0_httt] -> (nil)
AscendC: [_ZN7AscendC23scatter_vmulconv_f162s8E10ub_addr8_tS0_S0_mb] -> (nil)
AscendC: [_ZN7AscendC23scatter_vmulconv_f162s8E10ub_addr8_tS0_S0_htttb] -> (nil)
AscendC: [_ZN7AscendC23scatter_vmulconv_f162u8E10ub_addr8_tS0_S0_mb] -> (nil)
AscendC: [_ZN7AscendC23scatter_vmulconv_f162u8E10ub_addr8_tS0_S0_htttb] -> (nil)
AscendC: [_ZN7AscendC13scatter_vmulsE7vtype_t10ub_addr8_tS1_N7float165Fp16TEm] -> (nil)
AscendC: [_ZN7AscendC13scatter_vmulsE7vtype_t10ub_addr8_tS1_N7float165Fp16TEhtt] -> (nil)
AscendC: [_ZN7AscendC13scatter_vmulsE7vtype_t10ub_addr8_tS1_fm] -> (nil)
AscendC: [_ZN7AscendC13scatter_vmulsE7vtype_t10ub_addr8_tS1_fhtt] -> (nil)
AscendC: [_ZN7AscendC17scatter_vmuls_f16E10ub_addr8_tS0_N7float165Fp16TEm] -> (nil)
AscendC: [_ZN7AscendC17scatter_vmuls_f16E10ub_addr8_tS0_N7float165Fp16TEhtt] -> (nil)
AscendC: [_ZN7AscendC17scatter_vmuls_f32E10ub_addr8_tS0_fm] -> (nil)
AscendC: [_ZN7AscendC17scatter_vmuls_f32E10ub_addr8_tS0_fhtt] -> (nil)
AscendC: [_ZN7AscendC17scatter_vmuls_s16E10ub_addr8_tS0_sm] -> (nil)
AscendC: [_ZN7AscendC17scatter_vmuls_s16E10ub_addr8_tS0_shtt] -> (nil)
AscendC: [_ZN7AscendC17scatter_vmuls_s32E10ub_addr8_tS0_im] -> (nil)
AscendC: [_ZN7AscendC17scatter_vmuls_s32E10ub_addr8_tS0_ihtt] -> (nil)
AscendC: [_ZN7AscendC21scatter_vnchwconv_b16E10ub_addr8_tPsm] -> (nil)
AscendC: [_ZN7AscendC21scatter_vnchwconv_b16E10ub_addr8_tPshtt] -> (nil)
AscendC: [_ZN7AscendC21scatter_vnchwconv_b16E10ub_addr8_tPtm] -> (nil)
AscendC: [_ZN7AscendC21scatter_vnchwconv_b16E10ub_addr8_tPthtt] -> (nil)
AscendC: [_ZN7AscendC21scatter_vnchwconv_b16EPs10ub_addr8_tm] -> (nil)
AscendC: [_ZN7AscendC21scatter_vnchwconv_b16EPs10ub_addr8_thtt] -> (nil)
AscendC: [_ZN7AscendC21scatter_vnchwconv_b16EPt10ub_addr8_tm] -> (nil)
AscendC: [_ZN7AscendC21scatter_vnchwconv_b16EPt10ub_addr8_thtt] -> (nil)
AscendC: [_ZN7AscendC21scatter_vnchwconv_b16E10ub_addr8_tS0_m] -> (nil)
AscendC: [_ZN7AscendC21scatter_vnchwconv_b16E10ub_addr8_tS0_htt] -> 0xe7fff2caf010
AscendC: [_ZN7AscendC21scatter_vnchwconv_b32E10ub_addr8_tPim] -> (nil)
AscendC: [_ZN7AscendC21scatter_vnchwconv_b32E10ub_addr8_tPihtt] -> (nil)
AscendC: [_ZN7AscendC21scatter_vnchwconv_b32E10ub_addr8_tPjm] -> (nil)
AscendC: [_ZN7AscendC21scatter_vnchwconv_b32E10ub_addr8_tPjhtt] -> (nil)
AscendC: [_ZN7AscendC21scatter_vnchwconv_b32EPi10ub_addr8_tm] -> (nil)
AscendC: [_ZN7AscendC21scatter_vnchwconv_b32EPi10ub_addr8_thtt] -> (nil)
AscendC: [_ZN7AscendC21scatter_vnchwconv_b32EPj10ub_addr8_tm] -> (nil)
AscendC: [_ZN7AscendC21scatter_vnchwconv_b32EPj10ub_addr8_thtt] -> (nil)
AscendC: [_ZN7AscendC21scatter_vnchwconv_b32E10ub_addr8_tS0_m] -> (nil)
AscendC: [_ZN7AscendC21scatter_vnchwconv_b32E10ub_addr8_tS0_htt] -> 0xe7fff2caf000
AscendC: [_ZN7AscendC20scatter_vnchwconv_b8E10ub_addr8_tPambb] -> (nil)
AscendC: [_ZN7AscendC20scatter_vnchwconv_b8E10ub_addr8_tPahttbb] -> (nil)
AscendC: [_ZN7AscendC20scatter_vnchwconv_b8E10ub_addr8_tPhmbb] -> (nil)
AscendC: [_ZN7AscendC20scatter_vnchwconv_b8E10ub_addr8_tPhhttbb] -> (nil)
AscendC: [_ZN7AscendC20scatter_vnchwconv_b8EPa10ub_addr8_tmbb] -> (nil)
AscendC: [_ZN7AscendC20scatter_vnchwconv_b8EPa10ub_addr8_thttbb] -> (nil)
AscendC: [_ZN7AscendC20scatter_vnchwconv_b8EPh10ub_addr8_tmbb] -> (nil)
AscendC: [_ZN7AscendC20scatter_vnchwconv_b8EPh10ub_addr8_thttbb] -> (nil)
AscendC: [_ZN7AscendC20scatter_vnchwconv_b8E10ub_addr8_tS0_mbb] -> (nil)
AscendC: [_ZN7AscendC20scatter_vnchwconv_b8E10ub_addr8_tS0_httbb] -> 0xe7fff2caf020
AscendC: [_ZN7AscendC12scatter_vrecE7vtype_t10ub_addr8_tS1_m] -> (nil)
AscendC: [_ZN7AscendC12scatter_vrecE7vtype_t10ub_addr8_tS1_htt] -> (nil)
AscendC: [_ZN7AscendC16scatter_vrec_f16E10ub_addr8_tS0_m] -> (nil)
AscendC: [_ZN7AscendC16scatter_vrec_f16E10ub_addr8_tS0_htt] -> (nil)
AscendC: [_ZN7AscendC16scatter_vrec_f32E10ub_addr8_tS0_m] -> (nil)
AscendC: [_ZN7AscendC16scatter_vrec_f32E10ub_addr8_tS0_htt] -> (nil)
AscendC: [_ZN7AscendC13scatter_vreluE7vtype_t10ub_addr8_tS1_m] -> (nil)
AscendC: [_ZN7AscendC13scatter_vreluE7vtype_t10ub_addr8_tS1_htt] -> (nil)
AscendC: [_ZN7AscendC17scatter_vrelu_f16E10ub_addr8_tS0_m] -> (nil)
AscendC: [_ZN7AscendC17scatter_vrelu_f16E10ub_addr8_tS0_htt] -> (nil)
AscendC: [_ZN7AscendC17scatter_vrelu_f32E10ub_addr8_tS0_m] -> (nil)
AscendC: [_ZN7AscendC17scatter_vrelu_f32E10ub_addr8_tS0_htt] -> (nil)
AscendC: [_ZN7AscendC17scatter_vrelu_s32E10ub_addr8_tS0_m] -> (nil)
AscendC: [_ZN7AscendC17scatter_vrelu_s32E10ub_addr8_tS0_htt] -> (nil)
AscendC: [_ZN7AscendC14scatter_vrsqrtE7vtype_t10ub_addr8_tS1_m] -> (nil)
AscendC: [_ZN7AscendC14scatter_vrsqrtE7vtype_t10ub_addr8_tS1_htt] -> (nil)
AscendC: [_ZN7AscendC18scatter_vrsqrt_f16E10ub_addr8_tS0_m] -> (nil)
AscendC: [_ZN7AscendC18scatter_vrsqrt_f16E10ub_addr8_tS0_htt] -> (nil)
AscendC: [_ZN7AscendC18scatter_vrsqrt_f32E10ub_addr8_tS0_m] -> (nil)
AscendC: [_ZN7AscendC18scatter_vrsqrt_f32E10ub_addr8_tS0_htt] -> (nil)
AscendC: [_ZN7AscendC16scatter_vscmergeEPt10ub_addr8_tm] -> (nil)
AscendC: [_ZN7AscendC16scatter_vscmergeEPt10ub_addr8_tth] -> (nil)
AscendC: [_ZN7AscendC16scatter_vscmergeEPh10ub_addr8_tm] -> (nil)
AscendC: [_ZN7AscendC16scatter_vscmergeEPh10ub_addr8_tth] -> (nil)
AscendC: [_ZN7AscendC16scatter_vscmergeEPN7float165Fp16TE10ub_addr8_tm] -> (nil)
AscendC: [_ZN7AscendC16scatter_vscmergeEPN7float165Fp16TE10ub_addr8_tth] -> (nil)
AscendC: [_ZN7AscendC20scatter_vscmerge_b16EPt10ub_addr8_tm] -> (nil)
AscendC: [_ZN7AscendC20scatter_vscmerge_b16EPt10ub_addr8_tth] -> (nil)
AscendC: [_ZN7AscendC19scatter_vscmerge_b8EPh10ub_addr8_tm] -> (nil)
AscendC: [_ZN7AscendC19scatter_vscmerge_b8EPh10ub_addr8_tth] -> (nil)
AscendC: [_ZN7AscendC20scatter_vscmerge_f16EPN7float165Fp16TE10ub_addr8_tm] -> (nil)
AscendC: [_ZN7AscendC20scatter_vscmerge_f16EPN7float165Fp16TE10ub_addr8_tth] -> (nil)
AscendC: [_ZN7AscendC16scatter_vscsplitE10ub_addr8_tPtm] -> (nil)
AscendC: [_ZN7AscendC16scatter_vscsplitE10ub_addr8_tPtth] -> (nil)
AscendC: [_ZN7AscendC16scatter_vscsplitE10ub_addr8_tPhm] -> (nil)
AscendC: [_ZN7AscendC16scatter_vscsplitE10ub_addr8_tPhth] -> (nil)
AscendC: [_ZN7AscendC16scatter_vscsplitE10ub_addr8_tPN7float165Fp16TEm] -> (nil)
AscendC: [_ZN7AscendC16scatter_vscsplitE10ub_addr8_tPN7float165Fp16TEth] -> (nil)
AscendC: [_ZN7AscendC20scatter_vscsplit_b16E10ub_addr8_tPtm] -> (nil)
AscendC: [_ZN7AscendC20scatter_vscsplit_b16E10ub_addr8_tPtth] -> (nil)
AscendC: [_ZN7AscendC20scatter_vscsplit_b16E10ub_addr8_tPsm] -> (nil)
AscendC: [_ZN7AscendC20scatter_vscsplit_b16E10ub_addr8_tPsth] -> (nil)
AscendC: [_ZN7AscendC19scatter_vscsplit_b8E10ub_addr8_tPhm] -> (nil)
AscendC: [_ZN7AscendC19scatter_vscsplit_b8E10ub_addr8_tPhth] -> (nil)
AscendC: [_ZN7AscendC19scatter_vscsplit_b8E10ub_addr8_tPam] -> (nil)
AscendC: [_ZN7AscendC19scatter_vscsplit_b8E10ub_addr8_tPath] -> (nil)
AscendC: [_ZN7AscendC20scatter_vscsplit_f16E10ub_addr8_tPN7float165Fp16TEm] -> (nil)
AscendC: [_ZN7AscendC20scatter_vscsplit_f16E10ub_addr8_tPN7float165Fp16TEth] -> (nil)
AscendC: [_ZN7AscendC12scatter_vselE7vtype_t10ub_addr8_tS1_S1_m] -> (nil)
AscendC: [_ZN7AscendC12scatter_vselE7vtype_t10ub_addr8_tS1_S1_httt] -> (nil)
AscendC: [_ZN7AscendC16scatter_vsel_f16E10ub_addr8_tS0_S0_m] -> (nil)
AscendC: [_ZN7AscendC16scatter_vsel_f16E10ub_addr8_tS0_S0_httth] -> (nil)
AscendC: [_ZN7AscendC16scatter_vsel_f32E10ub_addr8_tS0_S0_m] -> (nil)
AscendC: [_ZN7AscendC16scatter_vsel_f32E10ub_addr8_tS0_S0_httth] -> (nil)
AscendC: [_ZN7AscendC13scatter_vsqrtE7vtype_t10ub_addr8_tS1_m] -> (nil)
AscendC: [_ZN7AscendC13scatter_vsqrtE7vtype_t10ub_addr8_tS1_htt] -> (nil)
AscendC: [_ZN7AscendC17scatter_vsqrt_f16E10ub_addr8_tS0_m] -> (nil)
AscendC: [_ZN7AscendC17scatter_vsqrt_f16E10ub_addr8_tS0_htt] -> (nil)
AscendC: [_ZN7AscendC17scatter_vsqrt_f32E10ub_addr8_tS0_m] -> (nil)
AscendC: [_ZN7AscendC17scatter_vsqrt_f32E10ub_addr8_tS0_htt] -> (nil)
AscendC: [_ZN7AscendC12scatter_vsubE7vtype_t10ub_addr8_tS1_S1_m] -> (nil)
AscendC: [_ZN7AscendC12scatter_vsubE7vtype_t10ub_addr8_tS1_S1_httt] -> (nil)
AscendC: [_ZN7AscendC16scatter_vsub_f16E10ub_addr8_tS0_S0_m] -> (nil)
AscendC: [_ZN7AscendC16scatter_vsub_f16E10ub_addr8_tS0_S0_httt] -> (nil)
AscendC: [_ZN7AscendC16scatter_vsub_f32E10ub_addr8_tS0_S0_m] -> (nil)
AscendC: [_ZN7AscendC16scatter_vsub_f32E10ub_addr8_tS0_S0_httt] -> (nil)
AscendC: [_ZN7AscendC16scatter_vsub_s16E10ub_addr8_tS0_S0_m] -> (nil)
AscendC: [_ZN7AscendC16scatter_vsub_s16E10ub_addr8_tS0_S0_httt] -> (nil)
AscendC: [_ZN7AscendC16scatter_vsub_s32E10ub_addr8_tS0_S0_m] -> (nil)
AscendC: [_ZN7AscendC16scatter_vsub_s32E10ub_addr8_tS0_S0_httt] -> (nil)
AscendC: [_ZN7AscendC14set_aipp_spr_0Em] -> 0xe7fff2c64418
AscendC: [_ZN7AscendC14set_aipp_spr_1Em] -> 0xe7fff2c64590
AscendC: [_ZN7AscendC15set_aipp_spr_10Em] -> (nil)
AscendC: [_ZN7AscendC15set_aipp_spr_11Em] -> (nil)
AscendC: [_ZN7AscendC15set_aipp_spr_12Em] -> (nil)
AscendC: [_ZN7AscendC15set_aipp_spr_13Em] -> (nil)
AscendC: [_ZN7AscendC15set_aipp_spr_14Em] -> (nil)
AscendC: [_ZN7AscendC15set_aipp_spr_15Em] -> (nil)
AscendC: [_ZN7AscendC15set_aipp_spr_16Em] -> (nil)
AscendC: [_ZN7AscendC15set_aipp_spr_17Em] -> (nil)
AscendC: [_ZN7AscendC15set_aipp_spr_18Em] -> 0xe7fff2c652c8
AscendC: [_ZN7AscendC15set_aipp_spr_19Em] -> 0xe7fff2c65440
AscendC: [_ZN7AscendC14set_aipp_spr_2Em] -> 0xe7fff2c64708
AscendC: [_ZN7AscendC15set_aipp_spr_20Em] -> 0xe7fff2c655b8
AscendC: [_ZN7AscendC15set_aipp_spr_21Em] -> 0xe7fff2c65730
AscendC: [_ZN7AscendC15set_aipp_spr_22Em] -> (nil)
AscendC: [_ZN7AscendC15set_aipp_spr_23Em] -> (nil)
AscendC: [_ZN7AscendC15set_aipp_spr_24Em] -> (nil)
AscendC: [_ZN7AscendC15set_aipp_spr_25Em] -> (nil)
AscendC: [_ZN7AscendC15set_aipp_spr_26Em] -> (nil)
AscendC: [_ZN7AscendC15set_aipp_spr_27Em] -> (nil)
AscendC: [_ZN7AscendC15set_aipp_spr_28Em] -> (nil)
AscendC: [_ZN7AscendC15set_aipp_spr_29Em] -> (nil)
AscendC: [_ZN7AscendC14set_aipp_spr_3Em] -> 0xe7fff2c64880
AscendC: [_ZN7AscendC15set_aipp_spr_30Em] -> (nil)
AscendC: [_ZN7AscendC15set_aipp_spr_31Em] -> (nil)
AscendC: [_ZN7AscendC14set_aipp_spr_4Em] -> 0xe7fff2c649f8
AscendC: [_ZN7AscendC14set_aipp_spr_5Em] -> 0xe7fff2c64b70
AscendC: [_ZN7AscendC14set_aipp_spr_6Em] -> 0xe7fff2c64ce8
AscendC: [_ZN7AscendC14set_aipp_spr_7Em] -> 0xe7fff2c64e60
AscendC: [_ZN7AscendC14set_aipp_spr_8Em] -> 0xe7fff2c64fd8
AscendC: [_ZN7AscendC14set_aipp_spr_9Em] -> 0xe7fff2c65150
AscendC: [_ZN7AscendC14set_atomic_addEv] -> 0xe7fff2c53ac8
AscendC: [_ZN7AscendC15set_atomic_bf16Ev] -> 0xe7fff2c66928
AscendC: [_ZN7AscendC14set_atomic_f16Ev] -> 0xe7fff2c66658
AscendC: [_ZN7AscendC14set_atomic_f32Ev] -> 0xe7fff2c664f0
AscendC: [_ZN7AscendC14set_atomic_maxEv] -> 0xe7fff2c53ae8
AscendC: [_ZN7AscendC14set_atomic_minEv] -> 0xe7fff2c53b10
AscendC: [_ZN7AscendC15set_atomic_noneEv] -> 0xe7fff2c66388
AscendC: [_ZN7AscendC14set_atomic_s16Ev] -> 0xe7fff2c667c0
AscendC: [_ZN7AscendC14set_atomic_s32Ev] -> 0xe7fff2c66bf8
AscendC: [_ZN7AscendC13set_atomic_s8Ev] -> 0xe7fff2c66a90
AscendC: [_ZN7AscendC18set_cache_normreadEv] -> (nil)
AscendC: [_ZN7AscendC22set_cache_notwritebackEv] -> (nil)
AscendC: [_ZN7AscendC17set_cache_readinvEv] -> (nil)
AscendC: [_ZN7AscendC18set_cache_readlastEv] -> (nil)
AscendC: [_ZN7AscendC16set_channel_paraEm] -> (nil)
AscendC: [_ZN7AscendC11set_cmpmaskEPv] -> 0xe7fff2c69fe0
AscendC: [_ZN7AscendC8set_condEm] -> 0xe7fff2c6d5a0
AscendC: [_ZN7AscendC18set_condition_flagEm] -> 0xe7fff2c6d988
AscendC: [_ZN7AscendC8set_ctrlEm] -> 0xe7fff2c694b8
AscendC: [_ZN7AscendC14set_data_exp_0Em] -> 0xe7fff2c6ac00
AscendC: [_ZN7AscendC14set_data_exp_1Em] -> 0xe7fff2c6ad30
AscendC: [_ZN7AscendC14set_data_exp_2Em] -> 0xe7fff2c6ae60
AscendC: [_ZN7AscendC14set_data_exp_3Em] -> 0xe7fff2c6af90
AscendC: [_ZN7AscendC12set_deqscaleEN7float165Fp16TE] -> 0xe7fff2c680b8
AscendC: [_ZN7AscendC12set_deqscaleEm] -> 0xe7fff2c68220
AscendC: [_ZN7AscendC18set_elt_antiq_paraEm] -> (nil)
AscendC: [_ZN7AscendC16set_elt_src_paraEm] -> (nil)
AscendC: [_ZN7AscendC12set_fcol2imgEm] -> (nil)
AscendC: [_ZN7AscendC18set_ffts_base_addrEm] -> 0xe7fff2c68af8
AscendC: [_ZN7AscendC17set_fix_clip_reluEm] -> 0xe7fff2c68810
AscendC: [_ZN7AscendC13set_fixp_addrEm] -> 0xe7fff2c68940
AscendC: [_ZN7AscendC8set_flagE6pipe_tS0_7event_t] -> 0xe7fff2c6b400
AscendC: [_ZN7AscendC8set_flagE6pipe_t7event_t] -> (nil)
AscendC: [_ZN7AscendC8set_flagE6pipe_tS0_m] -> 0xe7fff2c6ba18
AscendC: [_ZN7AscendC8set_flagE6pipe_tm] -> (nil)
AscendC: [_ZN7AscendC11set_fmatrixEm] -> 0xe7fff2c67f88
AscendC: [_ZN7AscendC13set_fmatrix_bEm] -> 0xe7fff2c68350
AscendC: [_ZN7AscendC18set_fmatrix_dual_0Em] -> (nil)
AscendC: [_ZN7AscendC18set_fmatrix_dual_1Em] -> (nil)
AscendC: [_ZN7AscendC7set_fpcEm] -> 0xe7fff2c685b0
AscendC: [_ZN7AscendC9set_fpdeqEm] -> (nil)
AscendC: [_ZN7AscendC16set_l0_set_valueEN7float165Fp16TE] -> (nil)
AscendC: [_ZN7AscendC16set_l0_set_valueEj] -> (nil)
AscendC: [_ZN7AscendC10set_l0a_2dEPvl] -> (nil)
AscendC: [_ZN7AscendC10set_l0a_2dEPN7float165Fp16TEl] -> (nil)
AscendC: [_ZN7AscendC10set_l0a_2dEPfl] -> (nil)
AscendC: [_ZN7AscendC10set_l0a_2dEPsl] -> (nil)
AscendC: [_ZN7AscendC10set_l0a_2dEPil] -> (nil)
AscendC: [_ZN7AscendC10set_l0a_2dEPtl] -> (nil)
AscendC: [_ZN7AscendC10set_l0a_2dEPjl] -> (nil)
AscendC: [_ZN7AscendC10set_l0b_2dEPvl] -> (nil)
AscendC: [_ZN7AscendC10set_l0b_2dEPN7float165Fp16TEl] -> (nil)
AscendC: [_ZN7AscendC10set_l0b_2dEPfl] -> (nil)
AscendC: [_ZN7AscendC10set_l0b_2dEPsl] -> (nil)
AscendC: [_ZN7AscendC10set_l0b_2dEPil] -> (nil)
AscendC: [_ZN7AscendC10set_l0b_2dEPtl] -> (nil)
AscendC: [_ZN7AscendC10set_l0b_2dEPjl] -> (nil)
AscendC: [_ZN7AscendC9set_l1_2dEPvl] -> (nil)
AscendC: [_ZN7AscendC9set_l1_2dEPN7float165Fp16TEl] -> (nil)
AscendC: [_ZN7AscendC9set_l1_2dEPfl] -> (nil)
AscendC: [_ZN7AscendC9set_l1_2dEPsl] -> (nil)
AscendC: [_ZN7AscendC9set_l1_2dEPil] -> (nil)
AscendC: [_ZN7AscendC9set_l1_2dEPtl] -> (nil)
AscendC: [_ZN7AscendC9set_l1_2dEPjl] -> (nil)
AscendC: [_ZN7AscendC14set_l1_3d_sizeEm] -> (nil)
AscendC: [_ZN7AscendC11set_l3d_rptEm] -> 0xe7fff2cbe638
AscendC: [_ZN7AscendC14set_loop3_paraEm] -> 0xe7fff2caf178
AscendC: [_ZN7AscendC15set_low_pre_tblEm] -> (nil)
AscendC: [_ZN7AscendC9set_lpcntEm] -> (nil)
AscendC: [_ZN7AscendC15set_lrelu_alphaEm] -> (nil)
AscendC: [_ZN7AscendC15set_lrelu_alphaEN7float165Fp16TE] -> (nil)
AscendC: [_ZN7AscendC15set_lrelu_alphaEf] -> (nil)
AscendC: [_ZN7AscendC14set_mask_countEv] -> 0xe7fff2c68ce0
AscendC: [_ZN7AscendC13set_mask_normEv] -> 0xe7fff2c68df8
AscendC: [_ZN7AscendC15set_mov_pad_valEm] -> 0xe7fff2c53c40
AscendC: [_ZN7AscendC19set_pad_val_outtoubEm] -> (nil)
AscendC: [_ZN7AscendC19set_pad_val_outtol1Em] -> (nil)
AscendC: [_ZN7AscendC11set_nd_paraEm] -> 0xe7fff2c686e0
AscendC: [_ZN7AscendC11set_paddingEm] -> 0xe7fff2cbe478
AscendC: [_ZN7AscendC11set_paddingEN7float165Fp16TE] -> 0xe7fff2cbe768
AscendC: [_ZN7AscendC11set_paddingEs] -> 0xe7fff2cbe2b8
AscendC: [_ZN7AscendC11set_paddingEt] -> 0xe7fff2cbe0c0
AscendC: [_ZN7AscendC16set_pcie_rd_ctrlEm] -> (nil)
AscendC: [_ZN7AscendC16set_pcie_wr_ctrlEm] -> (nil)
AscendC: [_ZN7AscendC11set_pnt_coeEm] -> (nil)
AscendC: [_ZN7AscendC14set_quant_postEm] -> (nil)
AscendC: [_ZN7AscendC13set_quant_preEm] -> 0xe7fff2c68480
AscendC: [_ZN7AscendC19set_rawheader_to_gmEPvm] -> (nil)
AscendC: [_ZN7AscendC19set_rawheader_to_gmEPvtbh] -> (nil)
AscendC: [_ZN7AscendC14set_relu_alphaEm] -> (nil)
AscendC: [_ZN7AscendC12set_reqscaleEm] -> (nil)
AscendC: [_ZN7AscendC14set_rpn_cor_irEm] -> (nil)
AscendC: [_ZN7AscendC14set_rpn_offsetEN7float165Fp16TE] -> (nil)
AscendC: [_ZN7AscendC17set_safety_crc_enEm] -> (nil)
AscendC: [_ZN7AscendC19set_safety_crc_excpEm] -> (nil)
AscendC: [_ZN7AscendC15set_smask_indexEm] -> (nil)
AscendC: [_ZN7AscendC17set_st_atomic_cfgEm] -> (nil)
AscendC: [_ZN7AscendC17set_st_atomic_cfgE13atomic_type_t11atomic_op_t] -> 0xe7fff2c6dd70
AscendC: [_ZN7AscendC13set_va_reg_sbE10ub_addr8_tPm] -> 0xe7fff2cae550
AscendC: [_ZN7AscendC15set_vector_maskEmm] -> 0xe7fff2c68b18
AscendC: [_ZN7AscendC19set_vector_mask_dupEm] -> (nil)
AscendC: [_ZN7AscendC9set_vpipeEm] -> (nil)
AscendC: [_ZN7AscendC7set_vspEm] -> (nil)
AscendC: [_ZN7AscendC4sff0Em] -> 0xe7fff2c68f30
AscendC: [_ZN7AscendC4sff1Em] -> 0xe7fff2c68f60
AscendC: [_ZN7AscendC7sflbitsEl] -> 0xe7fff2c69010
AscendC: [_ZN7AscendC6st_devEtPts] -> (nil)
AscendC: [_ZN7AscendC6st_devEjPjs] -> (nil)
AscendC: [_ZN7AscendC6st_devEmPms] -> (nil)
AscendC: [_ZN7AscendC6st_devEhPhs] -> (nil)
AscendC: [_ZN7AscendC21store_l1_to_out_imageEPN7float165Fp16TES2_mm] -> (nil)
AscendC: [_ZN7AscendC21store_l1_to_out_imageEPN7float165Fp16TES2_thththbhm] -> (nil)
AscendC: [_ZN7AscendC21store_l1_to_out_imageEPsS0_mm] -> (nil)
AscendC: [_ZN7AscendC21store_l1_to_out_imageEPsS0_thththbhm] -> (nil)
AscendC: [_ZN7AscendC4trapEm] -> (nil)
AscendC: [_ZN7AscendC6plt_b8ERj7Literal] -> 0xe7fff2d037b0
AscendC: [_ZN7AscendC7plt_b16ERj7Literal] -> 0xe7fff2d03910
AscendC: [_ZN7AscendC7plt_b32ERj7Literal] -> 0xe7fff2d03a70
AscendC: [_ZN7AscendC7pltm_b8Etj] -> (nil)
AscendC: [_ZN7AscendC8pltm_b16Etj] -> (nil)
AscendC: [_ZN7AscendC8pltm_b32Etj] -> (nil)
AscendC: [_ZN7AscendC7vag_b32Et] -> (nil)
AscendC: [_ZN7AscendC7vag_b32Ett] -> (nil)
AscendC: [_ZN7AscendC7vag_b32Ettt] -> (nil)
AscendC: [_ZN7AscendC7vag_b32Etttt] -> (nil)
AscendC: [_ZN7AscendC7vag_b16Et] -> (nil)
AscendC: [_ZN7AscendC7vag_b16Ett] -> (nil)
AscendC: [_ZN7AscendC7vag_b16Ettt] -> (nil)
AscendC: [_ZN7AscendC7vag_b16Etttt] -> (nil)
AscendC: [_ZN7AscendC4trapEv] -> 0xe7fff2c6a270
AscendC: [_ZN7AscendC7mem_barE7Literal] -> 0xe7fff2cff170
AscendC: [_ZN7AscendC8vgather2ERA128_sPaPth] -> 0xe7fff2d066a8
AscendC: [_ZN7AscendC8vgather2ERA128_tPhPth] -> 0xe7fff2d04ef8
AscendC: [_ZN7AscendC8vgather2ERA128_sPsPth] -> 0xe7fff2d05e90
AscendC: [_ZN7AscendC8vgather2ERA128_tPtS2_h] -> 0xe7fff2d06370
AscendC: [_ZN7AscendC8vgather2ERA64_iPiPjh] -> 0xe7fff2d059b8
AscendC: [_ZN7AscendC8vgather2ERA64_jPjS2_h] -> 0xe7fff2d05b58
AscendC: [_ZN7AscendC8vgather2ERA128_N7float165Fp16TEPS1_Pth] -> 0xe7fff2d06508
AscendC: [_ZN7AscendC8vgather2ERA64_fPfPjh] -> 0xe7fff2d05cf0
AscendC: [_ZN7AscendC8vgather2ERA128_N8bfloat165Bf16TEPS1_Pth] -> 0xe7fff2d06030
AscendC: [_ZN7AscendC8vgatherbERA256_aPaPjh] -> (nil)
AscendC: [_ZN7AscendC8vgatherbERA256_hPhPjh] -> (nil)
AscendC: [_ZN7AscendC8vgatherbERA128_sPsPjh] -> (nil)
AscendC: [_ZN7AscendC8vgatherbERA128_tPtPjh] -> (nil)
AscendC: [_ZN7AscendC8vgatherbERA64_iPiPjh] -> (nil)
AscendC: [_ZN7AscendC8vgatherbERA64_jPjS2_h] -> (nil)
AscendC: [_ZN7AscendC8vgatherbERA128_N8bfloat165Bf16TEPS1_Pjh] -> (nil)
AscendC: [_ZN7AscendC8vgatherbERA128_N7float165Fp16TEPS1_Pjh] -> (nil)
AscendC: [_ZN7AscendC8vgatherbERA64_fPfPjh] -> (nil)
AscendC: [_ZN7AscendC8vgatherbERA32_lPlPjh] -> (nil)
AscendC: [_ZN7AscendC8vgatherbERA256_aPaPj] -> 0xe7fff2d02478
AscendC: [_ZN7AscendC8vgatherbERA256_hPhPj] -> 0xe7fff2d02608
AscendC: [_ZN7AscendC8vgatherbERA128_sPsPj] -> 0xe7fff2d02798
AscendC: [_ZN7AscendC8vgatherbERA128_tPtPj] -> 0xe7fff2d02928
AscendC: [_ZN7AscendC8vgatherbERA64_iPiPj] -> 0xe7fff2d02ab8
AscendC: [_ZN7AscendC8vgatherbERA64_jPjS2_] -> 0xe7fff2d02c48
AscendC: [_ZN7AscendC8vgatherbERA128_N8bfloat165Bf16TEPS1_Pj] -> 0xe7fff2d030f0
AscendC: [_ZN7AscendC8vgatherbERA128_N7float165Fp16TEPS1_Pj] -> 0xe7fff2d02dd0
AscendC: [_ZN7AscendC8vgatherbERA64_fPfPj] -> 0xe7fff2d02f60
AscendC: [_ZN7AscendC8vgatherbERA32_lPlPj] -> 0xe7fff2d03280
AscendC: [_ZN7AscendC8vscatterERA256_aPaPth] -> 0xe7fff2d07e38
AscendC: [_ZN7AscendC8vscatterERA256_hPhPth] -> 0xe7fff2d05090
AscendC: [_ZN7AscendC8vscatterERA128_sPsPth] -> 0xe7fff2d06d20
AscendC: [_ZN7AscendC8vscatterERA128_tPtS2_h] -> 0xe7fff2d07060
AscendC: [_ZN7AscendC8vscatterERA64_iPiPjh] -> 0xe7fff2d069e8
AscendC: [_ZN7AscendC8vscatterERA64_jPjS2_h] -> 0xe7fff2d06b88
AscendC: [_ZN7AscendC8vscatterERA128_N8bfloat165Bf16TEPS1_Pth] -> 0xe7fff2d061d0
AscendC: [_ZN7AscendC8vscatterERA128_N7float165Fp16TEPS1_Pth] -> 0xe7fff2d06ec0
AscendC: [_ZN7AscendC8vscatterERA64_fPfPjh] -> 0xe7fff2d06848
AscendC: [_ZN7AscendC4vaddERA64_iPiS2_h7Literal] -> 0xe7fff2cd8a78
AscendC: [_ZN7AscendC4vaddERA64_jPjS2_h7Literal] -> (nil)
AscendC: [_ZN7AscendC4vaddERA128_sPsS2_h7Literal] -> 0xe7fff2cd78b8
AscendC: [_ZN7AscendC4vaddERA128_tPtS2_h7Literal] -> (nil)
AscendC: [_ZN7AscendC4vaddERA256_aPaS2_h7Literal] -> (nil)
AscendC: [_ZN7AscendC4vaddERA256_hPhS2_h7Literal] -> (nil)
AscendC: [_ZN7AscendC4vaddERA64_fPfS2_h7Literal] -> 0xe7fff2cd66f8
AscendC: [_ZN7AscendC4vaddERA128_N7float165Fp16TEPS1_S4_h7Literal] -> 0xe7fff2cd5538
AscendC: [_ZN7AscendC3vciERA64_iii] -> (nil)
AscendC: [_ZN7AscendC3vciERA128_ssi] -> (nil)
AscendC: [_ZN7AscendC3vciERA256_aai] -> (nil)
AscendC: [_ZN7AscendC3vciERA128_N7float165Fp16TES1_i] -> (nil)
AscendC: [_ZN7AscendC3vciERA64_ffi] -> (nil)
AscendC: [_ZN7AscendC3vciERA64_ii7Literal] -> 0xe7fff2cf4068
AscendC: [_ZN7AscendC3vciERA128_ss7Literal] -> 0xe7fff2cf3a20
AscendC: [_ZN7AscendC3vciERA256_aa7Literal] -> 0xe7fff2cf3e50
AscendC: [_ZN7AscendC3vciERA128_N7float165Fp16TES1_7Literal] -> 0xe7fff2ceea60
AscendC: [_ZN7AscendC3vciERA64_ff7Literal] -> 0xe7fff2cf3c38
AscendC: [_ZN7AscendC4vabsERA64_fPfh7Literal] -> 0xe7fff2d2cc18
AscendC: [_ZN7AscendC4vabsERA128_N7float165Fp16TEPS1_h7Literal] -> 0xe7fff2d2b238
AscendC: [_ZN7AscendC4vabsERA256_aPah7Literal] -> 0xe7fff2d2dd58
AscendC: [_ZN7AscendC4vabsERA128_sPsh7Literal] -> 0xe7fff2d2abc0
AscendC: [_ZN7AscendC4vabsERA64_iPih7Literal] -> 0xe7fff2d2c378
AscendC: [_ZN7AscendC4vrecERA64_fPfh7Literal] -> 0xe7fff2d2ce40
AscendC: [_ZN7AscendC4vrecERA128_N7float165Fp16TEPS1_h7Literal] -> 0xe7fff2d2b460
AscendC: [_ZN7AscendC6vrsqrtERA64_fPfh7Literal] -> 0xe7fff2d2d068
AscendC: [_ZN7AscendC6vrsqrtERA128_N7float165Fp16TEPS1_h7Literal] -> 0xe7fff2d2b688
AscendC: [_ZN7AscendC5vreluERA64_fPfh7Literal] -> 0xe7fff2d2d290
AscendC: [_ZN7AscendC5vreluERA128_N7float165Fp16TEPS1_h7Literal] -> 0xe7fff2d2b8b0
AscendC: [_ZN7AscendC5vreluERA64_iPih7Literal] -> 0xe7fff2d2c5a0
AscendC: [_ZN7AscendC5vsqrtERA64_fPfh7Literal] -> 0xe7fff2d2d4b8
AscendC: [_ZN7AscendC5vsqrtERA128_N7float165Fp16TEPS1_h7Literal] -> 0xe7fff2d2bad8
AscendC: [_ZN7AscendC3vlnERA64_fPfh7Literal] -> 0xe7fff2d2d6e0
AscendC: [_ZN7AscendC3vlnERA128_N7float165Fp16TEPS1_h7Literal] -> 0xe7fff2d2bd00
AscendC: [_ZN7AscendC4vexpERA64_fPfh7Literal] -> 0xe7fff2d2d908
AscendC: [_ZN7AscendC4vexpERA128_N7float165Fp16TEPS1_h7Literal] -> 0xe7fff2d2bf28
AscendC: [_ZN7AscendC4vnotERA256_hPhh7Literal] -> 0xe7fff2d2c9f0
AscendC: [_ZN7AscendC4vnotERA256_aPah7Literal] -> 0xe7fff2d2df80
AscendC: [_ZN7AscendC4vnotERA128_tPth7Literal] -> 0xe7fff2d2b010
AscendC: [_ZN7AscendC4vnotERA128_sPsh7Literal] -> 0xe7fff2d2ade8
AscendC: [_ZN7AscendC4vnotERA128_N7float165Fp16TEPS1_h7Literal] -> 0xe7fff2d2c150
AscendC: [_ZN7AscendC4vnotERA64_iPih7Literal] -> 0xe7fff2d2c7c8
AscendC: [_ZN7AscendC4vnotERA64_jPjh7Literal] -> 0xe7fff2d2e1a8
AscendC: [_ZN7AscendC4vnotERA64_fPfh7Literal] -> 0xe7fff2d2db30
AscendC: [_ZN7AscendC4pldsERhPji7Literal] -> 0xe7fff2d03bd0
AscendC: [_ZN7AscendC4pldsERhRPji7LiteralS3_] -> (nil)
AscendC: [_ZN7AscendC8movp_b16Ev] -> 0xe7fff2d04188
AscendC: [_ZN7AscendC8movp_b32Ev] -> 0xe7fff2d042d0
AscendC: [_ZN7AscendC4pstsEhPji7Literal] -> 0xe7fff2cff178
AscendC: [_ZN7AscendC5ppackERhh7Literal] -> 0xe7fff2d22c28
AscendC: [_ZN7AscendC7punpackERhh7Literal] -> 0xe7fff2d22db8
AscendC: [_ZN7AscendC6vintlvERA256_hS1_PhS2_] -> 0xe7fff2d1e620
AscendC: [_ZN7AscendC6vintlvERA256_aS1_PaS2_] -> 0xe7fff2d1ea60
AscendC: [_ZN7AscendC6vintlvERA128_N7float165Fp16TES3_PS1_S4_] -> 0xe7fff2d1eea0
AscendC: [_ZN7AscendC6vintlvERA128_sS1_PsS2_] -> 0xe7fff2d1f2e0
AscendC: [_ZN7AscendC6vintlvERA128_tS1_PtS2_] -> 0xe7fff2d1f720
AscendC: [_ZN7AscendC6vintlvERA64_fS1_PfS2_] -> 0xe7fff2d1fb60
AscendC: [_ZN7AscendC6vintlvERA64_iS1_PiS2_] -> 0xe7fff2d1ffa0
AscendC: [_ZN7AscendC6vintlvERA64_jS1_PjS2_] -> 0xe7fff2d203e0
AscendC: [_ZN7AscendC7vdintlvERA256_hS1_PhS2_] -> 0xe7fff2d1e840
AscendC: [_ZN7AscendC7vdintlvERA256_aS1_PaS2_] -> 0xe7fff2d1ec80
AscendC: [_ZN7AscendC7vdintlvERA128_N7float165Fp16TES3_PS1_S4_] -> 0xe7fff2d1f0c0
AscendC: [_ZN7AscendC7vdintlvERA128_sS1_PsS2_] -> 0xe7fff2d1f500
AscendC: [_ZN7AscendC7vdintlvERA128_tS1_PtS2_] -> 0xe7fff2d1f940
AscendC: [_ZN7AscendC7vdintlvERA64_fS1_PfS2_] -> 0xe7fff2d1fd80
AscendC: [_ZN7AscendC7vdintlvERA64_iS1_PiS2_] -> 0xe7fff2d201c0
AscendC: [_ZN7AscendC7vdintlvERA64_jS1_PjS2_] -> 0xe7fff2d20600
AscendC: [_ZN7AscendC5vpackERA256_hPt7LiteralS3_] -> 0xe7fff2d21648
AscendC: [_ZN7AscendC5vpackERA256_hPs7LiteralS3_] -> 0xe7fff2d21868
AscendC: [_ZN7AscendC5vpackERA128_tPj7LiteralS3_] -> 0xe7fff2d21a88
AscendC: [_ZN7AscendC5vpackERA128_tPi7LiteralS3_] -> 0xe7fff2d21ca8
AscendC: [_ZN7AscendC9pintlv_b8ERhS0_hh] -> 0xe7fff2d20cb8
AscendC: [_ZN7AscendC10pintlv_b16ERhS0_hh] -> 0xe7fff2d20e50
AscendC: [_ZN7AscendC10pintlv_b32ERhS0_hh] -> 0xe7fff2d20fe8
AscendC: [_ZN7AscendC10pdintlv_b8ERhS0_hh] -> 0xe7fff2d21180
AscendC: [_ZN7AscendC11pdintlv_b16ERhS0_hh] -> 0xe7fff2d21318
AscendC: [_ZN7AscendC11pdintlv_b32ERhS0_hh] -> 0xe7fff2d214b0
AscendC: [_ZN7AscendC5vsstbEPaS0_ih] -> 0xe7fff2d071f8
AscendC: [_ZN7AscendC5vsstbEPhS0_ih] -> 0xe7fff2d07508
AscendC: [_ZN7AscendC5vsstbEPsS0_ih] -> 0xe7fff2d07818
AscendC: [_ZN7AscendC5vsstbEPtS0_ih] -> 0xe7fff2d07380
AscendC: [_ZN7AscendC5vsstbEPiS0_ih] -> 0xe7fff2d07cb0
AscendC: [_ZN7AscendC5vsstbEPjS0_ih] -> 0xe7fff2d079a0
AscendC: [_ZN7AscendC5vsstbEPN8bfloat165Bf16TES2_ih] -> 0xe7fff2d07690
AscendC: [_ZN7AscendC5vsstbEPN7float165Fp16TES2_ih] -> 0xe7fff2d07b28
AscendC: [_ZN7AscendC5vsstbEPfS0_ih] -> 0xe7fff2d04d70
AscendC: [_ZN7AscendC5vsstbEPaRS0_ih7Literal] -> (nil)
AscendC: [_ZN7AscendC5vsstbEPhRS0_ih7Literal] -> (nil)
AscendC: [_ZN7AscendC5vsstbEPsRS0_ih7Literal] -> (nil)
AscendC: [_ZN7AscendC5vsstbEPtRS0_ih7Literal] -> (nil)
AscendC: [_ZN7AscendC5vsstbEPiRS0_ih7Literal] -> (nil)
AscendC: [_ZN7AscendC5vsstbEPjRS0_ih7Literal] -> (nil)
AscendC: [_ZN7AscendC5vsstbEPN8bfloat165Bf16TERS2_ih7Literal] -> (nil)
AscendC: [_ZN7AscendC5vsstbEPN7float165Fp16TERS2_ih7Literal] -> (nil)
AscendC: [_ZN7AscendC5vsstbEPfRS0_ih7Literal] -> (nil)
AscendC: [_ZN7AscendC5vsldbERA256_aPaih] -> 0xe7fff2cff340
AscendC: [_ZN7AscendC5vsldbERA256_hPhih] -> 0xe7fff2cff420
AscendC: [_ZN7AscendC5vsldbERA128_sPsih] -> 0xe7fff2cff500
AscendC: [_ZN7AscendC5vsldbERA128_tPtih] -> 0xe7fff2cff5e0
AscendC: [_ZN7AscendC5vsldbERA64_iPiih] -> 0xe7fff2cff6c0
AscendC: [_ZN7AscendC5vsldbERA64_jPjih] -> 0xe7fff2cff7a0
AscendC: [_ZN7AscendC5vsldbERA32_lPlih] -> 0xe7fff2cff880
AscendC: [_ZN7AscendC5vsldbERA128_N8bfloat165Bf16TEPS1_ih] -> 0xe7fff2cff960
AscendC: [_ZN7AscendC5vsldbERA128_N7float165Fp16TEPS1_ih] -> 0xe7fff2cffa40
AscendC: [_ZN7AscendC5vsldbERA64_fPfih] -> 0xe7fff2cffb20
AscendC: [_ZN7AscendC5vsldbERA256_aRPaih7Literal] -> (nil)
AscendC: [_ZN7AscendC5vsldbERA256_hRPhih7Literal] -> (nil)
AscendC: [_ZN7AscendC5vsldbERA128_sRPsih7Literal] -> (nil)
AscendC: [_ZN7AscendC5vsldbERA128_tRPtih7Literal] -> (nil)
AscendC: [_ZN7AscendC5vsldbERA64_iRPiih7Literal] -> (nil)
AscendC: [_ZN7AscendC5vsldbERA64_jRPjih7Literal] -> (nil)
AscendC: [_ZN7AscendC5vsldbERA32_lRPlih7Literal] -> (nil)
AscendC: [_ZN7AscendC5vsldbERA128_N8bfloat165Bf16TERPS1_ih7Literal] -> (nil)
AscendC: [_ZN7AscendC5vsldbERA128_N7float165Fp16TERPS1_ih7Literal] -> (nil)
AscendC: [_ZN7AscendC5vsldbERA64_fRPfih7Literal] -> (nil)
AscendC: [_ZN7AscendC3vstEPaS0_i7Literalh] -> (nil)
AscendC: [_ZN7AscendC3vstEPhS0_i7Literalh] -> (nil)
AscendC: [_ZN7AscendC3vstEPsS0_i7Literalh] -> (nil)
AscendC: [_ZN7AscendC3vstEPtS0_i7Literalh] -> (nil)
AscendC: [_ZN7AscendC3vstEPiS0_i7Literalh] -> (nil)
AscendC: [_ZN7AscendC3vstEPjS0_i7Literalh] -> (nil)
AscendC: [_ZN7AscendC3vstEPmS0_i7Literalh] -> (nil)
AscendC: [_ZN7AscendC3vstEPlS0_i7Literalh] -> (nil)
AscendC: [_ZN7AscendC3vstEPN8bfloat165Bf16TES2_i7Literalh] -> (nil)
AscendC: [_ZN7AscendC3vstEPN7float165Fp16TES2_i7Literalh] -> (nil)
AscendC: [_ZN7AscendC3vstEPfS0_i7Literalh] -> (nil)
AscendC: [_ZN7AscendC3vstEPaS0_S0_i7Literalh] -> (nil)
AscendC: [_ZN7AscendC3vstEPhS0_S0_i7Literalh] -> (nil)
AscendC: [_ZN7AscendC3vstEPsS0_S0_i7Literalh] -> (nil)
AscendC: [_ZN7AscendC3vstEPtS0_S0_i7Literalh] -> (nil)
AscendC: [_ZN7AscendC3vstEPN8bfloat165Bf16TES2_S2_i7Literalh] -> (nil)
AscendC: [_ZN7AscendC3vstEPN7float165Fp16TES2_S2_i7Literalh] -> (nil)
AscendC: [_ZN7AscendC4vstsEPaS0_i7Literalh] -> 0xe7fff2d080c8
AscendC: [_ZN7AscendC4vstsEPhS0_i7Literalh] -> 0xe7fff2d07fd8
AscendC: [_ZN7AscendC4vstsEPsS0_i7Literalh] -> 0xe7fff2d082a8
AscendC: [_ZN7AscendC4vstsEPtS0_i7Literalh] -> 0xe7fff2d08758
AscendC: [_ZN7AscendC4vstsEPiS0_i7Literalh] -> 0xe7fff2d08578
AscendC: [_ZN7AscendC4vstsEPjS0_i7Literalh] -> 0xe7fff2d04c80
AscendC: [_ZN7AscendC4vstsEPmS0_i7Literalh] -> 0xe7fff2d08848
AscendC: [_ZN7AscendC4vstsEPlS0_i7Literalh] -> 0xe7fff2d08488
AscendC: [_ZN7AscendC4vstsEPN8bfloat165Bf16TES2_i7Literalh] -> 0xe7fff2d08668
AscendC: [_ZN7AscendC4vstsEPN7float165Fp16TES2_i7Literalh] -> 0xe7fff2d081b8
AscendC: [_ZN7AscendC4vstsEPfS0_i7Literalh] -> 0xe7fff2d08398
AscendC: [_ZN7AscendC5vstuiERA32_ajPN7float165Fp16TERS4_] -> (nil)
AscendC: [_ZN7AscendC5vstuiERA32_ajPN7float165Fp16TERS4_7Literal] -> (nil)
AscendC: [_ZN7AscendC5vstuiERA32_ajPfRS2_] -> (nil)
AscendC: [_ZN7AscendC5vstuiERA32_ajPfRS2_7Literal] -> (nil)
AscendC: [_ZN7AscendC5vstusERA32_ajPN7float165Fp16TERS4_] -> (nil)
AscendC: [_ZN7AscendC5vstusERA32_ajPN7float165Fp16TERS4_7Literal] -> 0xe7fff2cffc00
AscendC: [_ZN7AscendC5vstusERA32_ajPfRS2_] -> (nil)
AscendC: [_ZN7AscendC5vstusERA32_ajPfRS2_7Literal] -> 0xe7fff2cffd90
AscendC: [_ZN7AscendC5vstaiEPaPN7float165Fp16TEi] -> (nil)
AscendC: [_ZN7AscendC5vstaiEPaRPN7float165Fp16TEi7Literal] -> (nil)
AscendC: [_ZN7AscendC5vstaiEPaPfi] -> (nil)
AscendC: [_ZN7AscendC5vstaiEPaRPfi7Literal] -> (nil)
AscendC: [_ZN7AscendC5vstasEPaPN7float165Fp16TEi] -> (nil)
AscendC: [_ZN7AscendC5vstasEPaRPN7float165Fp16TEi7Literal] -> 0xe7fff2cfff20
AscendC: [_ZN7AscendC5vstasEPaPfi] -> (nil)
AscendC: [_ZN7AscendC5vstasEPaRPfi7Literal] -> 0xe7fff2d000a0
AscendC: [_ZN7AscendC3vorERA256_hPhS2_h7Literal] -> (nil)
AscendC: [_ZN7AscendC3vorERA256_aPaS2_h7Literal] -> (nil)
AscendC: [_ZN7AscendC3vorERA128_tPtS2_h7Literal] -> 0xe7fff2cd9a00
AscendC: [_ZN7AscendC3vorERA128_sPsS2_h7Literal] -> 0xe7fff2cd83d0
AscendC: [_ZN7AscendC3vorERA64_iPiS2_h7Literal] -> (nil)
AscendC: [_ZN7AscendC3vorERA64_jPjS2_h7Literal] -> (nil)
AscendC: [_ZN7AscendC3vorERA64_fPfS2_h7Literal] -> (nil)
AscendC: [_ZN7AscendC3vorERA128_N7float165Fp16TEPS1_S4_h7Literal] -> (nil)
AscendC: [_ZN7AscendC4vandERA256_hPhS2_h7Literal] -> (nil)
AscendC: [_ZN7AscendC4vandERA256_aPaS2_h7Literal] -> (nil)
AscendC: [_ZN7AscendC4vandERA128_tPtS2_h7Literal] -> 0xe7fff2cd97c8
AscendC: [_ZN7AscendC4vandERA128_sPsS2_h7Literal] -> 0xe7fff2cd8198
AscendC: [_ZN7AscendC4vandERA64_iPiS2_h7Literal] -> (nil)
AscendC: [_ZN7AscendC4vandERA64_jPjS2_h7Literal] -> (nil)
AscendC: [_ZN7AscendC4vandERA64_fPfS2_h7Literal] -> (nil)
AscendC: [_ZN7AscendC4vandERA128_N7float165Fp16TEPS1_S4_h7Literal] -> (nil)
AscendC: [_ZN7AscendC4vmaxERA256_hPhS2_h7Literal] -> (nil)
AscendC: [_ZN7AscendC4vmaxERA256_aPaS2_h7Literal] -> (nil)
AscendC: [_ZN7AscendC4vmaxERA128_tPtS2_h7Literal] -> (nil)
AscendC: [_ZN7AscendC4vmaxERA128_sPsS2_h7Literal] -> 0xe7fff2cd7d28
AscendC: [_ZN7AscendC4vmaxERA64_iPiS2_h7Literal] -> 0xe7fff2cd8ee8
AscendC: [_ZN7AscendC4vmaxERA64_jPjS2_h7Literal] -> (nil)
AscendC: [_ZN7AscendC4vmaxERA64_fPfS2_h7Literal] -> 0xe7fff2cd6b68
AscendC: [_ZN7AscendC4vmaxERA128_N7float165Fp16TEPS1_S4_h7Literal] -> 0xe7fff2cd59a8
AscendC: [_ZN7AscendC4vminERA256_hPhS2_h7Literal] -> (nil)
AscendC: [_ZN7AscendC4vminERA256_aPaS2_h7Literal] -> (nil)
AscendC: [_ZN7AscendC4vminERA128_tPtS2_h7Literal] -> (nil)
AscendC: [_ZN7AscendC4vminERA128_sPsS2_h7Literal] -> 0xe7fff2cd7f60
AscendC: [_ZN7AscendC4vminERA64_iPiS2_h7Literal] -> 0xe7fff2cd9120
AscendC: [_ZN7AscendC4vminERA64_jPjS2_h7Literal] -> (nil)
AscendC: [_ZN7AscendC4vminERA64_fPfS2_h7Literal] -> 0xe7fff2cd6da0
AscendC: [_ZN7AscendC4vminERA128_N7float165Fp16TEPS1_S4_h7Literal] -> 0xe7fff2cd5be0
AscendC: [_ZN7AscendC4vsubERA256_hPhS2_h7Literal] -> (nil)
AscendC: [_ZN7AscendC4vsubERA256_aPaS2_h7Literal] -> (nil)
AscendC: [_ZN7AscendC4vsubERA128_tPtS2_h7Literal] -> (nil)
AscendC: [_ZN7AscendC4vsubERA128_sPsS2_h7Literal] -> 0xe7fff2cd7af0
AscendC: [_ZN7AscendC4vsubERA64_iPiS2_h7Literal] -> 0xe7fff2cd8cb0
AscendC: [_ZN7AscendC4vsubERA64_jPjS2_h7Literal] -> (nil)
AscendC: [_ZN7AscendC4vsubERA64_fPfS2_h7Literal] -> 0xe7fff2cd6930
AscendC: [_ZN7AscendC4vsubERA128_N7float165Fp16TEPS1_S4_h7Literal] -> 0xe7fff2cd5770
AscendC: [_ZN7AscendC4vmulERA256_hPhS2_h7Literal] -> (nil)
AscendC: [_ZN7AscendC4vmulERA256_aPaS2_h7Literal] -> (nil)
AscendC: [_ZN7AscendC4vmulERA128_tPtS2_h7Literal] -> (nil)
AscendC: [_ZN7AscendC4vmulERA128_sPsS2_h7Literal] -> 0xe7fff2cd8608
AscendC: [_ZN7AscendC4vmulERA64_iPiS2_h7Literal] -> 0xe7fff2cd9358
AscendC: [_ZN7AscendC4vmulERA64_jPjS2_h7Literal] -> (nil)
AscendC: [_ZN7AscendC4vmulERA64_fPfS2_h7Literal] -> 0xe7fff2cd7210
AscendC: [_ZN7AscendC4vmulERA128_N7float165Fp16TEPS1_S4_h7Literal] -> 0xe7fff2cd6050
AscendC: [_ZN7AscendC4vdivERA256_hPhS2_h7Literal] -> (nil)
AscendC: [_ZN7AscendC4vdivERA256_aPaS2_h7Literal] -> (nil)
AscendC: [_ZN7AscendC4vdivERA128_tPtS2_h7Literal] -> (nil)
AscendC: [_ZN7AscendC4vdivERA128_sPsS2_h7Literal] -> (nil)
AscendC: [_ZN7AscendC4vdivERA64_iPiS2_h7Literal] -> (nil)
AscendC: [_ZN7AscendC4vdivERA64_jPjS2_h7Literal] -> (nil)
AscendC: [_ZN7AscendC4vdivERA64_fPfS2_h7Literal] -> 0xe7fff2cd6fd8
AscendC: [_ZN7AscendC4vdivERA128_N7float165Fp16TEPS1_S4_h7Literal] -> 0xe7fff2cd5e18
AscendC: [_ZN7AscendC7vcmp_eqERhPN7float165Fp16TES3_h] -> 0xe7fff2ced000
AscendC: [_ZN7AscendC7vcmp_neERhPN7float165Fp16TES3_h] -> 0xe7fff2ced228
AscendC: [_ZN7AscendC7vcmp_gtERhPN7float165Fp16TES3_h] -> 0xe7fff2ced3b8
AscendC: [_ZN7AscendC7vcmp_geERhPN7float165Fp16TES3_h] -> 0xe7fff2ced598
AscendC: [_ZN7AscendC7vcmp_ltERhPN7float165Fp16TES3_h] -> 0xe7fff2ced7c0
AscendC: [_ZN7AscendC7vcmp_leERhPN7float165Fp16TES3_h] -> 0xe7fff2ced9e8
AscendC: [_ZN7AscendC7vcmp_eqERhPfS1_h] -> 0xe7fff2cef250
AscendC: [_ZN7AscendC7vcmp_neERhPfS1_h] -> 0xe7fff2cef478
AscendC: [_ZN7AscendC7vcmp_gtERhPfS1_h] -> 0xe7fff2cef6a0
AscendC: [_ZN7AscendC7vcmp_geERhPfS1_h] -> 0xe7fff2cef8c8
AscendC: [_ZN7AscendC7vcmp_ltERhPfS1_h] -> 0xe7fff2cefaf0
AscendC: [_ZN7AscendC7vcmp_leERhPfS1_h] -> 0xe7fff2cefd18
AscendC: [_ZN7AscendC4vselERA128_N7float165Fp16TEPS1_S4_h] -> 0xe7fff2ceec80
AscendC: [_ZN7AscendC4vselERA64_fPfS2_h] -> 0xe7fff2ceee60
AscendC: [_ZN7AscendC3vbrERA128_N7float165Fp16TES1_] -> 0xe7fff2cee850
AscendC: [_ZN7AscendC3vbrERA128_tt] -> (nil)
AscendC: [_ZN7AscendC3vbrERA128_ss] -> (nil)
AscendC: [_ZN7AscendC3vbrERA64_ff] -> 0xe7fff2cef040
AscendC: [_ZN7AscendC3vbrERA64_jj] -> (nil)
AscendC: [_ZN7AscendC3vbrERA64_ii] -> (nil)
AscendC: [_ZN7AscendC6sprclrE7Literal] -> 0xe7fff2cfb780
AscendC: [_ZN7AscendC4pmovERhhh] -> 0xe7fff2d1e490
AscendC: [_ZN7AscendC4vsqzERA128_N7float165Fp16TEPS1_h7Literal] -> 0xe7fff2cfb9a8
AscendC: [_ZN7AscendC4vsqzERA128_tPth7Literal] -> 0xe7fff2cfbde8
AscendC: [_ZN7AscendC4vsqzERA128_sPsh7Literal] -> 0xe7fff2cfc228
AscendC: [_ZN7AscendC4vsqzERA64_fPfh7Literal] -> 0xe7fff2cfc008
AscendC: [_ZN7AscendC4vsqzERA64_jPjh7Literal] -> 0xe7fff2cfb788
AscendC: [_ZN7AscendC4vsqzERA64_iPih7Literal] -> 0xe7fff2cfbbc8
AscendC: [_ZN7AscendC5vsturERA32_aPN7float165Fp16TES4_7Literal] -> 0xe7fff2d00220
AscendC: [_ZN7AscendC5vsturERA32_aPtS2_7Literal] -> 0xe7fff2d003a8
AscendC: [_ZN7AscendC5vsturERA32_aPsS2_7Literal] -> 0xe7fff2d00530
AscendC: [_ZN7AscendC5vsturERA32_aPfS2_7Literal] -> 0xe7fff2d006b8
AscendC: [_ZN7AscendC5vsturERA32_aPjS2_7Literal] -> 0xe7fff2d00840
AscendC: [_ZN7AscendC5vsturERA32_aPiS2_7Literal] -> 0xe7fff2d009c8
AscendC: [_ZN7AscendC5vstarEPaPN7float165Fp16TE] -> 0xe7fff2d00b50
AscendC: [_ZN7AscendC5vstarEPaPs] -> 0xe7fff2d00e20
AscendC: [_ZN7AscendC5vstarEPaPt] -> 0xe7fff2d00cb8
AscendC: [_ZN7AscendC5vstarEPaPf] -> 0xe7fff2d00f88
AscendC: [_ZN7AscendC5vstarEPaPi] -> 0xe7fff2d01258
AscendC: [_ZN7AscendC5vstarEPaPj] -> 0xe7fff2d010f0
AscendC: [_ZN7AscendC6pge_b8E7Literal] -> 0xe7fff2d055b0
AscendC: [_ZN7AscendC7pge_b16E7Literal] -> 0xe7fff2d05708
AscendC: [_ZN7AscendC7pge_b32E7Literal] -> 0xe7fff2d05860
AscendC: [_ZN7AscendC7pset_b8E7Literal] -> 0xe7fff2d04798
AscendC: [_ZN7AscendC8pset_b16E7Literal] -> 0xe7fff2d048f0
AscendC: [_ZN7AscendC8pset_b32E7Literal] -> 0xe7fff2d04a48
AscendC: [_ZN7AscendC5vldasERA32_aPh] -> 0xe7fff2d013c0
AscendC: [_ZN7AscendC5vldasERA32_aPN7float165Fp16TE] -> 0xe7fff2d01528
AscendC: [_ZN7AscendC5vldasERA32_aPt] -> (nil)
AscendC: [_ZN7AscendC5vldasERA32_aPs] -> (nil)
AscendC: [_ZN7AscendC5vldasERA32_aPf] -> 0xe7fff2d01690
AscendC: [_ZN7AscendC5vldasERA32_aPj] -> (nil)
AscendC: [_ZN7AscendC5vldasERA32_aPi] -> (nil)
AscendC: [_ZN7AscendC5vldusERA256_hRA32_aRPhj7Literal] -> 0xe7fff2d017f8
AscendC: [_ZN7AscendC5vldusERA128_N7float165Fp16TERA32_aRPS1_j7Literal] -> 0xe7fff2d01b18
AscendC: [_ZN7AscendC5vldusERA128_tRA32_aRPtj7Literal] -> 0xe7fff2d01ca8
AscendC: [_ZN7AscendC5vldusERA128_sRA32_aRPsj7Literal] -> 0xe7fff2d01e38
AscendC: [_ZN7AscendC5vldusERA64_fRA32_aRPfj7Literal] -> 0xe7fff2d01fc8
AscendC: [_ZN7AscendC5vldusERA64_jRA32_aRPjj7Literal] -> 0xe7fff2d022e8
AscendC: [_ZN7AscendC5vldusERA64_iRA32_aRPij7Literal] -> 0xe7fff2d02158
AscendC: [_ZN7AscendC4vdupERA256_hhh7Literal] -> (nil)
AscendC: [_ZN7AscendC4vdupERA256_aah7Literal] -> (nil)
AscendC: [_ZN7AscendC4vdupERA128_tth7Literal] -> 0xe7fff2cf86b8
AscendC: [_ZN7AscendC4vdupERA128_ssh7Literal] -> 0xe7fff2cf8488
AscendC: [_ZN7AscendC4vdupERA64_iih7Literal] -> 0xe7fff2cf8258
AscendC: [_ZN7AscendC4vdupERA64_jjh7Literal] -> 0xe7fff2cf88e8
AscendC: [_ZN7AscendC4vdupERA64_ffh7Literal] -> 0xe7fff2cf8b18
AscendC: [_ZN7AscendC4vdupERA128_N7float165Fp16TES1_h7Literal] -> 0xe7fff2cf8d50
AscendC: [_ZN7AscendC3vldERA256_aPai7Literal] -> (nil)
AscendC: [_ZN7AscendC3vldERA256_hPhi7Literal] -> (nil)
AscendC: [_ZN7AscendC3vldERA128_sPsi7Literal] -> (nil)
AscendC: [_ZN7AscendC3vldERA128_tPti7Literal] -> (nil)
AscendC: [_ZN7AscendC3vldERA64_iPii7Literal] -> (nil)
AscendC: [_ZN7AscendC3vldERA64_jPji7Literal] -> (nil)
AscendC: [_ZN7AscendC3vldERA32_lPli7Literal] -> (nil)
AscendC: [_ZN7AscendC3vldERA32_mPmi7Literal] -> (nil)
AscendC: [_ZN7AscendC3vldERA128_N8bfloat165Bf16TEPS1_i7Literal] -> (nil)
AscendC: [_ZN7AscendC3vldERA128_N7float165Fp16TEPS1_i7Literal] -> (nil)
AscendC: [_ZN7AscendC3vldERA64_fPfi7Literal] -> (nil)
AscendC: [_ZN7AscendC3vldERA256_aPa7Literal] -> (nil)
AscendC: [_ZN7AscendC3vldERA256_hPh7Literal] -> (nil)
AscendC: [_ZN7AscendC3vldERA128_sPs7Literal] -> (nil)
AscendC: [_ZN7AscendC3vldERA128_tPt7Literal] -> (nil)
AscendC: [_ZN7AscendC3vldERA64_iPi7Literal] -> (nil)
AscendC: [_ZN7AscendC3vldERA64_jPj7Literal] -> (nil)
AscendC: [_ZN7AscendC3vldERA32_lPl7Literal] -> (nil)
AscendC: [_ZN7AscendC3vldERA32_mPm7Literal] -> (nil)
AscendC: [_ZN7AscendC3vldERA128_N8bfloat165Bf16TEPS1_7Literal] -> (nil)
AscendC: [_ZN7AscendC3vldERA128_N7float165Fp16TEPS1_7Literal] -> (nil)
AscendC: [_ZN7AscendC3vldERA64_fPf7Literal] -> (nil)
AscendC: [_ZN7AscendC3vldERA256_aS1_Pai7Literal] -> (nil)
AscendC: [_ZN7AscendC3vldERA256_hS1_Phi7Literal] -> (nil)
AscendC: [_ZN7AscendC3vldERA128_sS1_Psi7Literal] -> (nil)
AscendC: [_ZN7AscendC3vldERA128_tS1_Pti7Literal] -> (nil)
AscendC: [_ZN7AscendC3vldERA64_iS1_Pii7Literal] -> (nil)
AscendC: [_ZN7AscendC3vldERA64_jS1_Pji7Literal] -> (nil)
AscendC: [_ZN7AscendC3vldERA32_mS1_Pmi7Literal] -> (nil)
AscendC: [_ZN7AscendC3vldERA32_lS1_Pli7Literal] -> (nil)
AscendC: [_ZN7AscendC3vldERA128_N8bfloat165Bf16TES3_PS1_i7Literal] -> (nil)
AscendC: [_ZN7AscendC3vldERA128_N7float165Fp16TES3_PS1_i7Literal] -> (nil)
AscendC: [_ZN7AscendC3vldERA64_fS1_Pfi7Literal] -> (nil)
AscendC: [_ZN7AscendC3vldERA256_aS1_Pa7Literal] -> (nil)
AscendC: [_ZN7AscendC3vldERA256_hS1_Ph7Literal] -> (nil)
AscendC: [_ZN7AscendC3vldERA128_sS1_Ps7Literal] -> (nil)
AscendC: [_ZN7AscendC3vldERA128_tS1_Pt7Literal] -> (nil)
AscendC: [_ZN7AscendC3vldERA64_iS1_Pi7Literal] -> (nil)
AscendC: [_ZN7AscendC3vldERA64_jS1_Pj7Literal] -> (nil)
AscendC: [_ZN7AscendC3vldERA32_mS1_Pm7Literal] -> (nil)
AscendC: [_ZN7AscendC3vldERA32_lS1_Pl7Literal] -> (nil)
AscendC: [_ZN7AscendC3vldERA128_N8bfloat165Bf16TES3_PS1_7Literal] -> (nil)
AscendC: [_ZN7AscendC3vldERA128_N7float165Fp16TES3_PS1_7Literal] -> (nil)
AscendC: [_ZN7AscendC3vldERA64_fS1_Pf7Literal] -> (nil)
AscendC: [_ZN7AscendC4vldsERA256_aPai7Literal] -> 0xe7fff2d08a18
AscendC: [_ZN7AscendC4vldsERA256_hPhi7Literal] -> 0xe7fff2d08938
AscendC: [_ZN7AscendC4vldsERA128_sPsi7Literal] -> 0xe7fff2d08cb8
AscendC: [_ZN7AscendC4vldsERA128_tPti7Literal] -> 0xe7fff2d08e78
AscendC: [_ZN7AscendC4vldsERA64_iPii7Literal] -> 0xe7fff2d09038
AscendC: [_ZN7AscendC4vldsERA64_jPji7Literal] -> 0xe7fff2d08bd8
AscendC: [_ZN7AscendC4vldsERA32_mPmi7Literal] -> 0xe7fff2d08f58
AscendC: [_ZN7AscendC4vldsERA32_lPli7Literal] -> 0xe7fff2d04ba0
AscendC: [_ZN7AscendC4vldsERA128_N8bfloat165Bf16TEPS1_i7Literal] -> 0xe7fff2d08af8
AscendC: [_ZN7AscendC4vldsERA128_N7float165Fp16TEPS1_i7Literal] -> 0xe7fff2d08d98
AscendC: [_ZN7AscendC4vldsERA64_fPfi7Literal] -> 0xe7fff2d09118
AscendC: [_ZN7AscendC5vaddsERA64_iPiih7Literal] -> 0xe7fff2cdec50
AscendC: [_ZN7AscendC5vaddsERA64_jPjjh7Literal] -> (nil)
AscendC: [_ZN7AscendC5vaddsERA128_sPssh7Literal] -> 0xe7fff2cde350
AscendC: [_ZN7AscendC5vaddsERA128_tPtth7Literal] -> (nil)
AscendC: [_ZN7AscendC5vaddsERA256_aPaah7Literal] -> (nil)
AscendC: [_ZN7AscendC5vaddsERA256_hPhhh7Literal] -> (nil)
AscendC: [_ZN7AscendC5vaddsERA64_fPffh7Literal] -> 0xe7fff2cdd5d0
AscendC: [_ZN7AscendC5vaddsERA128_N7float165Fp16TEPS1_S1_h7Literal] -> 0xe7fff2cdca78
AscendC: [_ZN7AscendC5vmulsERA64_iPiih7Literal] -> 0xe7fff2cdea10
AscendC: [_ZN7AscendC5vmulsERA64_jPjjh7Literal] -> (nil)
AscendC: [_ZN7AscendC5vmulsERA128_sPssh7Literal] -> 0xe7fff2cddc90
AscendC: [_ZN7AscendC5vmulsERA128_tPtth7Literal] -> (nil)
AscendC: [_ZN7AscendC5vmulsERA256_aPaah7Literal] -> (nil)
AscendC: [_ZN7AscendC5vmulsERA256_hPhhh7Literal] -> (nil)
AscendC: [_ZN7AscendC5vmulsERA64_fPffh7Literal] -> 0xe7fff2cdd150
AscendC: [_ZN7AscendC5vmulsERA128_N7float165Fp16TEPS1_S1_h7Literal] -> 0xe7fff2cdc5e8
AscendC: [_ZN7AscendC5vmaxsERA64_iPiih7Literal] -> 0xe7fff2cdee90
AscendC: [_ZN7AscendC5vmaxsERA64_jPjjh7Literal] -> (nil)
AscendC: [_ZN7AscendC5vmaxsERA128_sPssh7Literal] -> 0xe7fff2cde590
AscendC: [_ZN7AscendC5vmaxsERA128_tPtth7Literal] -> (nil)
AscendC: [_ZN7AscendC5vmaxsERA256_aPaah7Literal] -> (nil)
AscendC: [_ZN7AscendC5vmaxsERA256_hPhhh7Literal] -> (nil)
AscendC: [_ZN7AscendC5vmaxsERA64_fPffh7Literal] -> 0xe7fff2cdd810
AscendC: [_ZN7AscendC5vmaxsERA128_N7float165Fp16TEPS1_S1_h7Literal] -> 0xe7fff2cdccc0
AscendC: [_ZN7AscendC5vminsERA64_iPiih7Literal] -> 0xe7fff2cdf0d0
AscendC: [_ZN7AscendC5vminsERA64_jPjjh7Literal] -> (nil)
AscendC: [_ZN7AscendC5vminsERA128_sPssh7Literal] -> 0xe7fff2cde7d0
AscendC: [_ZN7AscendC5vminsERA128_tPtth7Literal] -> (nil)
AscendC: [_ZN7AscendC5vminsERA256_aPaah7Literal] -> (nil)
AscendC: [_ZN7AscendC5vminsERA256_hPhhh7Literal] -> (nil)
AscendC: [_ZN7AscendC5vminsERA64_fPffh7Literal] -> 0xe7fff2cdda50
AscendC: [_ZN7AscendC5vminsERA128_N7float165Fp16TEPS1_S1_h7Literal] -> 0xe7fff2cdcf08
AscendC: [_ZN7AscendC5vshlsERA64_iPish7Literal] -> 0xe7fff2cdf310
AscendC: [_ZN7AscendC5vshlsERA64_jPjsh7Literal] -> 0xe7fff2cdfc10
AscendC: [_ZN7AscendC5vshlsERA128_sPssh7Literal] -> 0xe7fff2cdded0
AscendC: [_ZN7AscendC5vshlsERA128_tPtsh7Literal] -> 0xe7fff2cdf790
AscendC: [_ZN7AscendC5vshlsERA256_aPash7Literal] -> (nil)
AscendC: [_ZN7AscendC5vshlsERA256_hPhsh7Literal] -> (nil)
AscendC: [_ZN7AscendC5vshrsERA64_iPish7Literal] -> 0xe7fff2cdf550
AscendC: [_ZN7AscendC5vshrsERA64_jPjsh7Literal] -> 0xe7fff2cdfe50
AscendC: [_ZN7AscendC5vshrsERA128_sPssh7Literal] -> 0xe7fff2cde110
AscendC: [_ZN7AscendC5vshrsERA128_tPtsh7Literal] -> 0xe7fff2cdf9d0
AscendC: [_ZN7AscendC5vshrsERA256_aPash7Literal] -> (nil)
AscendC: [_ZN7AscendC5vshrsERA256_hPhsh7Literal] -> (nil)
AscendC: [_ZN7AscendC6vlreluERA64_fPffh7Literal] -> 0xe7fff2cdd390
AscendC: [_ZN7AscendC6vlreluERA128_N7float165Fp16TEPS1_S1_h7Literal] -> 0xe7fff2cdc830
AscendC: [_ZN7AscendC10use_pipe_vEv] -> (nil)
AscendC: [_ZN7AscendC11use_pipe_v2Ev] -> (nil)
AscendC: [_ZN7AscendC8v4dtransEPtS0_m] -> (nil)
AscendC: [_ZN7AscendC8v4dtransEPtS0_ttb] -> (nil)
AscendC: [_ZN7AscendC8v4dtransEPjS0_m] -> (nil)
AscendC: [_ZN7AscendC8v4dtransEPjS0_ttb] -> (nil)
AscendC: [_ZN7AscendC8v4dtransEPhS0_m] -> (nil)
AscendC: [_ZN7AscendC8v4dtransEPhS0_ttb] -> (nil)
AscendC: [_ZN7AscendC5vaaddEPN7float165Fp16TES2_S2_m] -> (nil)
AscendC: [_ZN7AscendC5vaaddEPN7float165Fp16TES2_S2_hhhhhhh] -> (nil)
AscendC: [_ZN7AscendC5vaaddEPN7float165Fp16TES2_S2_hhhhhhhbb] -> (nil)
AscendC: [_ZN7AscendC5vaaddEPfS0_S0_m] -> (nil)
AscendC: [_ZN7AscendC5vaaddEPfS0_S0_hhhhhhh] -> (nil)
AscendC: [_ZN7AscendC5vaaddEPfS0_S0_hhhhhhhbb] -> (nil)
AscendC: [_ZN7AscendC4vabsEPN7float165Fp16TES2_m] -> (nil)
AscendC: [_ZN7AscendC4vabsEPN7float165Fp16TES2_htthh] -> (nil)
AscendC: [_ZN7AscendC4vabsEPN7float165Fp16TES2_htthhbb] -> (nil)
AscendC: [_ZN7AscendC4vabsEPN7float165Fp16TES2_htttt] -> (nil)
AscendC: [_ZN7AscendC4vabsEPfS0_m] -> (nil)
AscendC: [_ZN7AscendC4vabsEPfS0_htthh] -> (nil)
AscendC: [_ZN7AscendC4vabsEPfS0_htthhbb] -> (nil)
AscendC: [_ZN7AscendC4vabsEPfS0_htttt] -> (nil)
AscendC: [_ZN7AscendC4vabsEPsS0_m] -> (nil)
AscendC: [_ZN7AscendC4vabsEPsS0_htthh] -> (nil)
AscendC: [_ZN7AscendC4vabsEPsS0_htthhbb] -> (nil)
AscendC: [_ZN7AscendC4vabsEPsS0_htttt] -> (nil)
AscendC: [_ZN7AscendC4vaddEPN7float165Fp16TES2_S2_m] -> (nil)
AscendC: [_ZN7AscendC4vaddEPN7float165Fp16TES2_S2_hhhhhhh] -> (nil)
AscendC: [_ZN7AscendC4vaddEPN7float165Fp16TES2_S2_hhhhhhhbb] -> (nil)
AscendC: [_ZN7AscendC4vaddEPfS0_S0_hhhhhhh] -> (nil)
AscendC: [_ZN7AscendC4vaddEPfS0_S0_hhhhhhhbb] -> (nil)
AscendC: [_ZN7AscendC4vaddEPsS0_S0_m] -> (nil)
AscendC: [_ZN7AscendC4vaddEPsS0_S0_hhhhhhh] -> (nil)
AscendC: [_ZN7AscendC4vaddEPsS0_S0_hhhhhhhbb] -> (nil)
AscendC: [_ZN7AscendC4vaddEPiS0_S0_m] -> (nil)
AscendC: [_ZN7AscendC4vaddEPiS0_S0_hhhhhhh] -> (nil)
AscendC: [_ZN7AscendC4vaddEPiS0_S0_hhhhhhhbb] -> (nil)
AscendC: [_ZN7AscendC11vadddeqreluEPN7float165Fp16TEPiS3_m] -> (nil)
AscendC: [_ZN7AscendC11vadddeqreluEPN7float165Fp16TEPiS3_hhhhhhh] -> (nil)
AscendC: [_ZN7AscendC11vadddeqreluEPN7float165Fp16TEPiS3_hhhhhhhbb] -> (nil)
AscendC: [_ZN7AscendC8vaddreluEPN7float165Fp16TES2_S2_m] -> (nil)
AscendC: [_ZN7AscendC8vaddreluEPN7float165Fp16TES2_S2_hhhhhhhbb] -> (nil)
AscendC: [_ZN7AscendC8vaddreluEPN7float165Fp16TES2_S2_hhhhhhh] -> (nil)
AscendC: [_ZN7AscendC8vaddreluEPfS0_S0_m] -> (nil)
AscendC: [_ZN7AscendC8vaddreluEPfS0_S0_hhhhhhhbb] -> (nil)
AscendC: [_ZN7AscendC8vaddreluEPfS0_S0_hhhhhhh] -> (nil)
AscendC: [_ZN7AscendC8vaddreluEPsS0_S0_m] -> (nil)
AscendC: [_ZN7AscendC8vaddreluEPsS0_S0_hhhhhhhbb] -> (nil)
AscendC: [_ZN7AscendC8vaddreluEPsS0_S0_hhhhhhh] -> (nil)
AscendC: [_ZN7AscendC19vaddreluconv_f162s8EPaPN7float165Fp16TES3_mb] -> (nil)
AscendC: [_ZN7AscendC19vaddreluconv_f162s8EPaPN7float165Fp16TES3_hhhhhhhbbb] -> (nil)
AscendC: [_ZN7AscendC19vaddreluconv_f162s8EPaPN7float165Fp16TES3_hhhhhhhb] -> (nil)
AscendC: [_ZN7AscendC20vaddreluconv_f322f16EPN7float165Fp16TEPfS3_mb] -> (nil)
AscendC: [_ZN7AscendC20vaddreluconv_f322f16EPN7float165Fp16TEPfS3_hhhhhhhbbb] -> (nil)
AscendC: [_ZN7AscendC20vaddreluconv_f322f16EPN7float165Fp16TEPfS3_hhhhhhhb] -> (nil)
AscendC: [_ZN7AscendC19vaddreluconv_s162s8EPaPsS1_mb] -> (nil)
AscendC: [_ZN7AscendC19vaddreluconv_s162s8EPaPsS1_hhhhhhhbbb] -> (nil)
AscendC: [_ZN7AscendC19vaddreluconv_s162s8EPaPsS1_hhhhhhhb] -> (nil)
AscendC: [_ZN7AscendC23vaddreluconv_vdeqs162b8EPaPsS1_mb] -> (nil)
AscendC: [_ZN7AscendC23vaddreluconv_vdeqs162b8EPhPsS1_mb] -> (nil)
AscendC: [_ZN7AscendC23vaddreluconv_vdeqs162b8EPhPsS1_hhhhhhhbbb] -> (nil)
AscendC: [_ZN7AscendC23vaddreluconv_vdeqs162b8EPhPsS1_hhhhhhhb] -> (nil)
AscendC: [_ZN7AscendC23vaddreluconv_vdeqs162b8EPaPsS1_hhhhhhhbbb] -> (nil)
AscendC: [_ZN7AscendC23vaddreluconv_vdeqs162b8EPaPsS1_hhhhhhhb] -> (nil)
AscendC: [_ZN7AscendC5vaddsEPN7float165Fp16TES2_S1_m] -> (nil)
AscendC: [_ZN7AscendC5vaddsEPN7float165Fp16TES2_S1_htthh] -> (nil)
AscendC: [_ZN7AscendC5vaddsEPN7float165Fp16TES2_S1_htthhbb] -> (nil)
AscendC: [_ZN7AscendC5vaddsEPN7float165Fp16TES2_S1_htttt] -> (nil)
AscendC: [_ZN7AscendC5vaddsEPfS0_fm] -> (nil)
AscendC: [_ZN7AscendC5vaddsEPfS0_fhtthh] -> (nil)
AscendC: [_ZN7AscendC5vaddsEPfS0_fhtthhbb] -> (nil)
AscendC: [_ZN7AscendC5vaddsEPfS0_fhtttt] -> (nil)
AscendC: [_ZN7AscendC5vaddsEPsS0_sm] -> (nil)
AscendC: [_ZN7AscendC5vaddsEPsS0_shtthh] -> (nil)
AscendC: [_ZN7AscendC5vaddsEPsS0_shtthhbb] -> (nil)
AscendC: [_ZN7AscendC5vaddsEPsS0_shtttt] -> (nil)
AscendC: [_ZN7AscendC5vaddsEPiS0_im] -> (nil)
AscendC: [_ZN7AscendC5vaddsEPiS0_ihtthh] -> (nil)
AscendC: [_ZN7AscendC5vaddsEPiS0_ihtthhbb] -> (nil)
AscendC: [_ZN7AscendC5vaddsEPiS0_ihtttt] -> (nil)
AscendC: [_ZN7AscendC4vandEPsS0_S0_m] -> (nil)
AscendC: [_ZN7AscendC4vandEPsS0_S0_hhhhhhh] -> (nil)
AscendC: [_ZN7AscendC4vandEPsS0_S0_hhhhhhhbb] -> (nil)
AscendC: [_ZN7AscendC4vandEPtS0_S0_m] -> (nil)
AscendC: [_ZN7AscendC4vandEPtS0_S0_hhhhhhh] -> (nil)
AscendC: [_ZN7AscendC4vandEPtS0_S0_hhhhhhhbb] -> (nil)
AscendC: [_ZN7AscendC5vaxpyEPN7float165Fp16TES2_S1_m] -> (nil)
AscendC: [_ZN7AscendC5vaxpyEPN7float165Fp16TES2_S1_htthh] -> (nil)
AscendC: [_ZN7AscendC5vaxpyEPN7float165Fp16TES2_S1_htthhbb] -> (nil)
AscendC: [_ZN7AscendC5vaxpyEPN7float165Fp16TES2_S1_htttt] -> (nil)
AscendC: [_ZN7AscendC5vaxpyEPfS0_fm] -> (nil)
AscendC: [_ZN7AscendC5vaxpyEPfS0_fhtthh] -> (nil)
AscendC: [_ZN7AscendC5vaxpyEPfS0_fhtthhbb] -> (nil)
AscendC: [_ZN7AscendC5vaxpyEPfS0_fhtttt] -> (nil)
AscendC: [_ZN7AscendC5vaxpyEPfPN7float165Fp16TES2_m] -> (nil)
AscendC: [_ZN7AscendC5vaxpyEPfPN7float165Fp16TES2_htthh] -> (nil)
AscendC: [_ZN7AscendC5vaxpyEPfPN7float165Fp16TES2_htthhbb] -> (nil)
AscendC: [_ZN7AscendC5vaxpyEPfPN7float165Fp16TES2_htttt] -> (nil)
AscendC: [_ZN7AscendC3vbiEPN7float165Fp16TEPtS2_m] -> (nil)
AscendC: [_ZN7AscendC3vbiEPN7float165Fp16TEPtS2_hbtth] -> (nil)
AscendC: [_ZN7AscendC8vbitsortEPN7float165Fp16TES2_m] -> 0xe7fff2cab340
AscendC: [_ZN7AscendC8vbitsortEPN7float165Fp16TES2_htthh] -> (nil)
AscendC: [_ZN7AscendC8vbitsortEPN7float165Fp16TES2_htthhbb] -> (nil)
AscendC: [_ZN7AscendC8vbitsortEPfS0_m] -> 0xe7fff2cab7e8
AscendC: [_ZN7AscendC8vbitsortEPfS0_htthh] -> (nil)
AscendC: [_ZN7AscendC8vbitsortEPfS0_htthhbb] -> (nil)
AscendC: [_ZN7AscendC8vbitsortEPN7float165Fp16TES2_Pjm] -> 0xe7fff2cab970
AscendC: [_ZN7AscendC8vbitsortEPN7float165Fp16TES2_Pjhhhhhhhbb] -> (nil)
AscendC: [_ZN7AscendC8vbitsortEPfS0_Pjm] -> 0xe7fff2cabb00
AscendC: [_ZN7AscendC8vbitsortEPfS0_Pjhhhhhhhbb] -> (nil)
AscendC: [_ZN7AscendC8vbitsortEPN7float165Fp16TES2_Pjhhhhhhh] -> (nil)
AscendC: [_ZN7AscendC8vbitsortEPfS0_Pjhhhhhhh] -> (nil)
AscendC: [_ZN7AscendC5vbrcbEPtS0_m] -> (nil)
AscendC: [_ZN7AscendC5vbrcbEPtS0_tth] -> (nil)
AscendC: [_ZN7AscendC5vbrcbEPjS0_m] -> (nil)
AscendC: [_ZN7AscendC5vbrcbEPjS0_tth] -> (nil)
AscendC: [_ZN7AscendC5vcaddEPN7float165Fp16TES2_m] -> (nil)
AscendC: [_ZN7AscendC5vcaddEPN7float165Fp16TES2_httt] -> (nil)
AscendC: [_ZN7AscendC5vcaddEPN7float165Fp16TES2_htttbb] -> (nil)
AscendC: [_ZN7AscendC5vcaddEPN7float165Fp16TES2_mb] -> (nil)
AscendC: [_ZN7AscendC5vcaddEPN7float165Fp16TES2_htttb] -> (nil)
AscendC: [_ZN7AscendC5vcaddEPfS0_m] -> (nil)
AscendC: [_ZN7AscendC5vcaddEPfS0_httt] -> (nil)
AscendC: [_ZN7AscendC5vcaddEPfS0_htttbb] -> (nil)
AscendC: [_ZN7AscendC5vcaddEPfS0_mb] -> (nil)
AscendC: [_ZN7AscendC5vcaddEPfS0_htttb] -> (nil)
AscendC: [_ZN7AscendC5vcaddERA128_N7float165Fp16TEPS1_h7Literal] -> 0xe7fff2d27c58
AscendC: [_ZN7AscendC5vcaddERA64_fPfh7Literal] -> 0xe7fff2d28b70
AscendC: [_ZN7AscendC5vcmaxERA128_N7float165Fp16TEPS1_h7Literal] -> 0xe7fff2d27e80
AscendC: [_ZN7AscendC5vcmaxERA64_fPfh7Literal] -> 0xe7fff2d28d98
AscendC: [_ZN7AscendC5vcminERA128_N7float165Fp16TEPS1_h7Literal] -> 0xe7fff2d280a8
AscendC: [_ZN7AscendC5vcminERA64_fPfh7Literal] -> 0xe7fff2d28fc0
AscendC: [_ZN7AscendC12vcbd_s162s32EPiPsm] -> (nil)
AscendC: [_ZN7AscendC12vcbd_s162s32EPiPshtthhbb] -> (nil)
AscendC: [_ZN7AscendC12vcbd_s162u32EPjPsm] -> (nil)
AscendC: [_ZN7AscendC12vcbd_s162u32EPjPshtthhbb] -> (nil)
AscendC: [_ZN7AscendC11vcbd_s162u8EPhPsm] -> (nil)
AscendC: [_ZN7AscendC11vcbd_s162u8EPhPshtthhbb] -> (nil)
AscendC: [_ZN7AscendC12vcbd_s322s16EPsPim] -> (nil)
AscendC: [_ZN7AscendC12vcbd_s322s16EPsPihtthhbb] -> (nil)
AscendC: [_ZN7AscendC12vcbd_s322u16EPtPim] -> (nil)
AscendC: [_ZN7AscendC12vcbd_s322u16EPtPihtthhbb] -> (nil)
AscendC: [_ZN7AscendC11vcbd_s322u8EPhPim] -> (nil)
AscendC: [_ZN7AscendC11vcbd_s322u8EPhPihtthhbb] -> (nil)
AscendC: [_ZN7AscendC12vcbd_u162s32EPiPtm] -> (nil)
AscendC: [_ZN7AscendC12vcbd_u162s32EPiPthtthhbb] -> (nil)
AscendC: [_ZN7AscendC12vcbd_u162u32EPjPtm] -> (nil)
AscendC: [_ZN7AscendC12vcbd_u162u32EPjPthtthhbb] -> (nil)
AscendC: [_ZN7AscendC11vcbd_u162u8EPhPtm] -> (nil)
AscendC: [_ZN7AscendC11vcbd_u162u8EPhPthtthhbb] -> (nil)
AscendC: [_ZN7AscendC12vcbd_u322s16EPsPjm] -> (nil)
AscendC: [_ZN7AscendC12vcbd_u322s16EPsPjhtthhbb] -> (nil)
AscendC: [_ZN7AscendC12vcbd_u322u16EPtPjm] -> (nil)
AscendC: [_ZN7AscendC12vcbd_u322u16EPtPjhtthhbb] -> (nil)
AscendC: [_ZN7AscendC11vcbd_u322u8EPhPjm] -> (nil)
AscendC: [_ZN7AscendC11vcbd_u322u8EPhPjhtthhbb] -> (nil)
AscendC: [_ZN7AscendC11vcbd_u82s16EPsPhm] -> (nil)
AscendC: [_ZN7AscendC11vcbd_u82s16EPsPhhtthhbb] -> (nil)
AscendC: [_ZN7AscendC11vcbd_u82s32EPiPhm] -> (nil)
AscendC: [_ZN7AscendC11vcbd_u82s32EPiPhhtthhbb] -> (nil)
AscendC: [_ZN7AscendC11vcbd_u82u16EPtPhm] -> (nil)
AscendC: [_ZN7AscendC11vcbd_u82u16EPtPhhtthhbb] -> (nil)
AscendC: [_ZN7AscendC11vcbd_u82u32EPjPhm] -> (nil)
AscendC: [_ZN7AscendC11vcbd_u82u32EPjPhhtthhbb] -> (nil)
AscendC: [_ZN7AscendC6vcgaddEPN7float165Fp16TES2_m] -> (nil)
AscendC: [_ZN7AscendC6vcgaddEPN7float165Fp16TES2_httt] -> (nil)
AscendC: [_ZN7AscendC6vcgaddEPN7float165Fp16TES2_htttbb] -> (nil)
AscendC: [_ZN7AscendC6vcgaddEPfS0_m] -> (nil)
AscendC: [_ZN7AscendC6vcgaddEPfS0_httt] -> (nil)
AscendC: [_ZN7AscendC6vcgaddEPfS0_htttbb] -> (nil)
AscendC: [_ZN7AscendC6vcgaddERA128_N7float165Fp16TEPS1_h7Literal] -> 0xe7fff2d282d0
AscendC: [_ZN7AscendC6vcgaddERA64_fPfh7Literal] -> 0xe7fff2d291e8
AscendC: [_ZN7AscendC6vcgmaxERA128_N7float165Fp16TEPS1_h7Literal] -> 0xe7fff2d284f8
AscendC: [_ZN7AscendC6vcgmaxERA64_fPfh7Literal] -> 0xe7fff2d29410
AscendC: [_ZN7AscendC6vcgminERA128_N7float165Fp16TEPS1_h7Literal] -> 0xe7fff2d28720
AscendC: [_ZN7AscendC6vcgminERA64_fPfh7Literal] -> 0xe7fff2d29638
AscendC: [_ZN7AscendC6vcpaddERA128_N7float165Fp16TEPS1_h7Literal] -> 0xe7fff2d28948
AscendC: [_ZN7AscendC6vcpaddERA64_fPfh7Literal] -> 0xe7fff2d29860
AscendC: [_ZN7AscendC6vcgmaxEPN7float165Fp16TES2_m] -> (nil)
AscendC: [_ZN7AscendC6vcgmaxEPN7float165Fp16TES2_httt] -> (nil)
AscendC: [_ZN7AscendC6vcgmaxEPN7float165Fp16TES2_htttbb] -> (nil)
AscendC: [_ZN7AscendC6vcgmaxEPfS0_m] -> (nil)
AscendC: [_ZN7AscendC6vcgmaxEPfS0_httt] -> (nil)
AscendC: [_ZN7AscendC6vcgmaxEPfS0_htttbb] -> (nil)
AscendC: [_ZN7AscendC6vcgminEPN7float165Fp16TES2_m] -> (nil)
AscendC: [_ZN7AscendC6vcgminEPN7float165Fp16TES2_httt] -> (nil)
AscendC: [_ZN7AscendC6vcgminEPN7float165Fp16TES2_htttbb] -> (nil)
AscendC: [_ZN7AscendC6vcgminEPfS0_m] -> (nil)
AscendC: [_ZN7AscendC6vcgminEPfS0_httt] -> (nil)
AscendC: [_ZN7AscendC6vcgminEPfS0_htttbb] -> (nil)
AscendC: [_ZN7AscendC3vciEPN7float165Fp16TES1_m] -> (nil)
AscendC: [_ZN7AscendC3vciEPN7float165Fp16TES1_hthbb] -> (nil)
AscendC: [_ZN7AscendC3vciEPffm] -> (nil)
AscendC: [_ZN7AscendC3vciEPffhthbb] -> (nil)
AscendC: [_ZN7AscendC3vciEPssm] -> (nil)
AscendC: [_ZN7AscendC3vciEPsshthbb] -> (nil)
AscendC: [_ZN7AscendC3vciEPiim] -> (nil)
AscendC: [_ZN7AscendC3vciEPiihthbb] -> (nil)
AscendC: [_ZN7AscendC5vcmaxEPN7float165Fp16TES2_m] -> (nil)
AscendC: [_ZN7AscendC5vcmaxEPN7float165Fp16TES2_httt] -> (nil)
AscendC: [_ZN7AscendC5vcmaxEPN7float165Fp16TES2_htttbb] -> (nil)
AscendC: [_ZN7AscendC5vcmaxEPN7float165Fp16TES2_mb] -> (nil)
AscendC: [_ZN7AscendC5vcmaxEPN7float165Fp16TES2_htttbbb] -> (nil)
AscendC: [_ZN7AscendC5vcmaxEPN7float165Fp16TES2_m7Order_t] -> (nil)
AscendC: [_ZN7AscendC5vcmaxEPN7float165Fp16TES2_httt7Order_t] -> (nil)
AscendC: [_ZN7AscendC5vcmaxEPfS0_mb] -> (nil)
AscendC: [_ZN7AscendC5vcmaxEPfS0_htttbbb] -> (nil)
AscendC: [_ZN7AscendC5vcmaxEPfS0_m7Order_t] -> (nil)
AscendC: [_ZN7AscendC5vcmaxEPfS0_httt7Order_t] -> (nil)
AscendC: [_ZN7AscendC5vcmaxEPtS0_mb] -> (nil)
AscendC: [_ZN7AscendC5vcmaxEPtS0_htttbbb] -> (nil)
AscendC: [_ZN7AscendC5vcminEPN7float165Fp16TES2_m] -> (nil)
AscendC: [_ZN7AscendC5vcminEPN7float165Fp16TES2_httt] -> (nil)
AscendC: [_ZN7AscendC5vcminEPN7float165Fp16TES2_htttbb] -> (nil)
AscendC: [_ZN7AscendC5vcminEPN7float165Fp16TES2_mb] -> (nil)
AscendC: [_ZN7AscendC5vcminEPN7float165Fp16TES2_htttbbb] -> (nil)
AscendC: [_ZN7AscendC5vcminEPN7float165Fp16TES2_m7Order_t] -> (nil)
AscendC: [_ZN7AscendC5vcminEPN7float165Fp16TES2_httt7Order_t] -> (nil)
AscendC: [_ZN7AscendC5vcminEPfS0_mb] -> (nil)
AscendC: [_ZN7AscendC5vcminEPfS0_htttbbb] -> (nil)
AscendC: [_ZN7AscendC5vcminEPfS0_m7Order_t] -> (nil)
AscendC: [_ZN7AscendC5vcminEPfS0_httt7Order_t] -> (nil)
AscendC: [_ZN7AscendC5vcminEPtS0_mb] -> (nil)
AscendC: [_ZN7AscendC5vcminEPtS0_htttbbb] -> (nil)
AscendC: [_ZN7AscendC7vcmp_eqEPN7float165Fp16TES2_m] -> (nil)
AscendC: [_ZN7AscendC7vcmp_eqEPN7float165Fp16TES2_hhhhhhh] -> (nil)
AscendC: [_ZN7AscendC7vcmp_eqEPN7float165Fp16TES2_hhhhhhhbb] -> (nil)
AscendC: [_ZN7AscendC7vcmp_eqEPfS0_m] -> (nil)
AscendC: [_ZN7AscendC7vcmp_eqEPfS0_hhhhhhh] -> (nil)
AscendC: [_ZN7AscendC7vcmp_eqEPfS0_hhhhhhhbb] -> (nil)
AscendC: [_ZN7AscendC7vcmp_eqEPtS0_m] -> (nil)
AscendC: [_ZN7AscendC7vcmp_eqEPtS0_hhhhhhh] -> (nil)
AscendC: [_ZN7AscendC7vcmp_eqEPtS0_hhhhhhhbb] -> (nil)
AscendC: [_ZN7AscendC7vcmp_geEPN7float165Fp16TES2_m] -> (nil)
AscendC: [_ZN7AscendC7vcmp_geEPN7float165Fp16TES2_hhhhhhh] -> (nil)
AscendC: [_ZN7AscendC7vcmp_geEPN7float165Fp16TES2_hhhhhhhbb] -> (nil)
AscendC: [_ZN7AscendC7vcmp_geEPfS0_m] -> (nil)
AscendC: [_ZN7AscendC7vcmp_geEPfS0_hhhhhhh] -> (nil)
AscendC: [_ZN7AscendC7vcmp_geEPfS0_hhhhhhhbb] -> (nil)
AscendC: [_ZN7AscendC7vcmp_geEPtS0_m] -> (nil)
AscendC: [_ZN7AscendC7vcmp_geEPtS0_hhhhhhh] -> (nil)
AscendC: [_ZN7AscendC7vcmp_geEPtS0_hhhhhhhbb] -> (nil)
AscendC: [_ZN7AscendC7vcmp_gtEPN7float165Fp16TES2_m] -> (nil)
AscendC: [_ZN7AscendC7vcmp_gtEPN7float165Fp16TES2_hhhhhhh] -> (nil)
AscendC: [_ZN7AscendC7vcmp_gtEPN7float165Fp16TES2_hhhhhhhbb] -> (nil)
AscendC: [_ZN7AscendC7vcmp_gtEPfS0_m] -> (nil)
AscendC: [_ZN7AscendC7vcmp_gtEPfS0_hhhhhhh] -> (nil)
AscendC: [_ZN7AscendC7vcmp_gtEPfS0_hhhhhhhbb] -> (nil)
AscendC: [_ZN7AscendC7vcmp_gtEPtS0_m] -> (nil)
AscendC: [_ZN7AscendC7vcmp_gtEPtS0_hhhhhhh] -> (nil)
AscendC: [_ZN7AscendC7vcmp_gtEPtS0_hhhhhhhbb] -> (nil)
AscendC: [_ZN7AscendC7vcmp_leEPN7float165Fp16TES2_m] -> (nil)
AscendC: [_ZN7AscendC7vcmp_leEPN7float165Fp16TES2_hhhhhhh] -> (nil)
AscendC: [_ZN7AscendC7vcmp_leEPN7float165Fp16TES2_hhhhhhhbb] -> (nil)
AscendC: [_ZN7AscendC7vcmp_leEPfS0_m] -> (nil)
AscendC: [_ZN7AscendC7vcmp_leEPfS0_hhhhhhh] -> (nil)
AscendC: [_ZN7AscendC7vcmp_leEPfS0_hhhhhhhbb] -> (nil)
AscendC: [_ZN7AscendC7vcmp_leEPtS0_m] -> (nil)
AscendC: [_ZN7AscendC7vcmp_leEPtS0_hhhhhhh] -> (nil)
AscendC: [_ZN7AscendC7vcmp_leEPtS0_hhhhhhhbb] -> (nil)
AscendC: [_ZN7AscendC7vcmp_ltEPN7float165Fp16TES2_m] -> (nil)
AscendC: [_ZN7AscendC7vcmp_ltEPN7float165Fp16TES2_hhhhhhh] -> (nil)
AscendC: [_ZN7AscendC7vcmp_ltEPN7float165Fp16TES2_hhhhhhhbb] -> (nil)
AscendC: [_ZN7AscendC7vcmp_ltEPfS0_m] -> (nil)
AscendC: [_ZN7AscendC7vcmp_ltEPfS0_hhhhhhh] -> (nil)
AscendC: [_ZN7AscendC7vcmp_ltEPfS0_hhhhhhhbb] -> (nil)
AscendC: [_ZN7AscendC7vcmp_ltEPtS0_m] -> (nil)
AscendC: [_ZN7AscendC7vcmp_ltEPtS0_hhhhhhh] -> (nil)
AscendC: [_ZN7AscendC7vcmp_ltEPtS0_hhhhhhhbb] -> (nil)
AscendC: [_ZN7AscendC7vcmp_neEPN7float165Fp16TES2_m] -> (nil)
AscendC: [_ZN7AscendC7vcmp_neEPN7float165Fp16TES2_hhhhhhh] -> (nil)
AscendC: [_ZN7AscendC7vcmp_neEPN7float165Fp16TES2_hhhhhhhbb] -> (nil)
AscendC: [_ZN7AscendC7vcmp_neEPfS0_m] -> (nil)
AscendC: [_ZN7AscendC7vcmp_neEPfS0_hhhhhhh] -> (nil)
AscendC: [_ZN7AscendC7vcmp_neEPfS0_hhhhhhhbb] -> (nil)
AscendC: [_ZN7AscendC7vcmp_neEPtS0_m] -> (nil)
AscendC: [_ZN7AscendC7vcmp_neEPtS0_hhhhhhh] -> (nil)
AscendC: [_ZN7AscendC7vcmp_neEPtS0_hhhhhhhbb] -> (nil)
AscendC: [_ZN7AscendC8vcmpv_eqEPhPN7float165Fp16TES3_m] -> (nil)
AscendC: [_ZN7AscendC8vcmpv_eqEPhPN7float165Fp16TES3_hhhhhhh] -> (nil)
AscendC: [_ZN7AscendC8vcmpv_eqEPhPfS1_m] -> (nil)
AscendC: [_ZN7AscendC8vcmpv_eqEPhPfS1_hhhhhhh] -> (nil)
AscendC: [_ZN7AscendC8vcmpv_eqEPhPiS1_m] -> (nil)
AscendC: [_ZN7AscendC8vcmpv_eqEPhPiS1_hhhhhhh] -> (nil)
AscendC: [_ZN7AscendC8vcmpv_geEPhPN7float165Fp16TES3_m] -> (nil)
AscendC: [_ZN7AscendC8vcmpv_geEPhPN7float165Fp16TES3_hhhhhhh] -> (nil)
AscendC: [_ZN7AscendC8vcmpv_geEPhPfS1_m] -> (nil)
AscendC: [_ZN7AscendC8vcmpv_geEPhPfS1_hhhhhhh] -> (nil)
AscendC: [_ZN7AscendC8vcmpv_gtEPhPN7float165Fp16TES3_m] -> (nil)
AscendC: [_ZN7AscendC8vcmpv_gtEPhPN7float165Fp16TES3_hhhhhhh] -> (nil)
AscendC: [_ZN7AscendC8vcmpv_gtEPhPfS1_m] -> (nil)
AscendC: [_ZN7AscendC8vcmpv_gtEPhPfS1_hhhhhhh] -> (nil)
AscendC: [_ZN7AscendC8vcmpv_leEPhPN7float165Fp16TES3_m] -> (nil)
AscendC: [_ZN7AscendC8vcmpv_leEPhPN7float165Fp16TES3_hhhhhhh] -> (nil)
AscendC: [_ZN7AscendC8vcmpv_leEPhPfS1_m] -> (nil)
AscendC: [_ZN7AscendC8vcmpv_leEPhPfS1_hhhhhhh] -> (nil)
AscendC: [_ZN7AscendC8vcmpv_ltEPhPN7float165Fp16TES3_m] -> (nil)
AscendC: [_ZN7AscendC8vcmpv_ltEPhPN7float165Fp16TES3_hhhhhhh] -> (nil)
AscendC: [_ZN7AscendC8vcmpv_ltEPhPfS1_m] -> (nil)
AscendC: [_ZN7AscendC8vcmpv_ltEPhPfS1_hhhhhhh] -> (nil)
AscendC: [_ZN7AscendC8vcmpv_neEPhPN7float165Fp16TES3_m] -> (nil)
AscendC: [_ZN7AscendC8vcmpv_neEPhPN7float165Fp16TES3_hhhhhhh] -> (nil)
AscendC: [_ZN7AscendC8vcmpv_neEPhPfS1_m] -> (nil)
AscendC: [_ZN7AscendC8vcmpv_neEPhPfS1_hhhhhhh] -> (nil)
AscendC: [_ZN7AscendC9vcmpvs_eqEPhPN7float165Fp16TES2_m] -> (nil)
AscendC: [_ZN7AscendC9vcmpvs_eqEPhPN7float165Fp16TES2_htthh] -> (nil)
AscendC: [_ZN7AscendC9vcmpvs_eqEPhPN7float165Fp16TES2_htttt] -> (nil)
AscendC: [_ZN7AscendC9vcmpvs_eqEPhPffm] -> (nil)
AscendC: [_ZN7AscendC9vcmpvs_eqEPhPffhtthh] -> (nil)
AscendC: [_ZN7AscendC9vcmpvs_eqEPhPffhtttt] -> (nil)
AscendC: [_ZN7AscendC9vcmpvs_eqEPhPiim] -> (nil)
AscendC: [_ZN7AscendC9vcmpvs_eqEPhPiihtttt] -> (nil)
AscendC: [_ZN7AscendC9vcmpvs_geEPhPN7float165Fp16TES2_m] -> (nil)
AscendC: [_ZN7AscendC9vcmpvs_geEPhPN7float165Fp16TES2_htthh] -> (nil)
AscendC: [_ZN7AscendC9vcmpvs_geEPhPN7float165Fp16TES2_htttt] -> (nil)
AscendC: [_ZN7AscendC9vcmpvs_geEPhPffm] -> (nil)
AscendC: [_ZN7AscendC9vcmpvs_geEPhPffhtthh] -> (nil)
AscendC: [_ZN7AscendC9vcmpvs_geEPhPffhtttt] -> (nil)
AscendC: [_ZN7AscendC9vcmpvs_gtEPhPN7float165Fp16TES2_m] -> (nil)
AscendC: [_ZN7AscendC9vcmpvs_gtEPhPN7float165Fp16TES2_htthh] -> (nil)
AscendC: [_ZN7AscendC9vcmpvs_gtEPhPN7float165Fp16TES2_htttt] -> (nil)
AscendC: [_ZN7AscendC9vcmpvs_gtEPhPffm] -> (nil)
AscendC: [_ZN7AscendC9vcmpvs_gtEPhPffhtthh] -> (nil)
AscendC: [_ZN7AscendC9vcmpvs_gtEPhPffhtttt] -> (nil)
AscendC: [_ZN7AscendC9vcmpvs_leEPhPN7float165Fp16TES2_m] -> (nil)
AscendC: [_ZN7AscendC9vcmpvs_leEPhPN7float165Fp16TES2_htthh] -> (nil)
AscendC: [_ZN7AscendC9vcmpvs_leEPhPN7float165Fp16TES2_htttt] -> (nil)
AscendC: [_ZN7AscendC9vcmpvs_leEPhPffm] -> (nil)
AscendC: [_ZN7AscendC9vcmpvs_leEPhPffhtthh] -> (nil)
AscendC: [_ZN7AscendC9vcmpvs_leEPhPffhtttt] -> (nil)
AscendC: [_ZN7AscendC9vcmpvs_ltEPhPN7float165Fp16TES2_m] -> (nil)
AscendC: [_ZN7AscendC9vcmpvs_ltEPhPN7float165Fp16TES2_htthh] -> (nil)
AscendC: [_ZN7AscendC9vcmpvs_ltEPhPN7float165Fp16TES2_htttt] -> (nil)
AscendC: [_ZN7AscendC9vcmpvs_ltEPhPffm] -> (nil)
AscendC: [_ZN7AscendC9vcmpvs_ltEPhPffhtthh] -> (nil)
AscendC: [_ZN7AscendC9vcmpvs_ltEPhPffhtttt] -> (nil)
AscendC: [_ZN7AscendC9vcmpvs_neEPhPN7float165Fp16TES2_m] -> (nil)
AscendC: [_ZN7AscendC9vcmpvs_neEPhPN7float165Fp16TES2_htthh] -> (nil)
AscendC: [_ZN7AscendC9vcmpvs_neEPhPN7float165Fp16TES2_htttt] -> (nil)
AscendC: [_ZN7AscendC9vcmpvs_neEPhPffm] -> (nil)
AscendC: [_ZN7AscendC9vcmpvs_neEPhPffhtthh] -> (nil)
AscendC: [_ZN7AscendC9vcmpvs_neEPhPffhtttt] -> (nil)
AscendC: [_ZN7AscendC7vconcatEPN7float165Fp16TES2_m] -> (nil)
AscendC: [_ZN7AscendC7vconcatEPN7float165Fp16TES2_hh] -> 0xe7fff2cab020
AscendC: [_ZN7AscendC7vconcatEPN7float165Fp16TES2_htthh] -> (nil)
AscendC: [_ZN7AscendC7vconcatEPN7float165Fp16TES2_htthhbb] -> (nil)
AscendC: [_ZN7AscendC7vconcatEPfS0_m] -> (nil)
AscendC: [_ZN7AscendC7vconcatEPfS0_hh] -> 0xe7fff2cab4c8
AscendC: [_ZN7AscendC7vconcatEPfS0_htthh] -> (nil)
AscendC: [_ZN7AscendC7vconcatEPfS0_htthhbb] -> (nil)
AscendC: [_ZN7AscendC14vconv_bf162f32EPfPN8bfloat165Bf16TEhtttt] -> (nil)
AscendC: [_ZN7AscendC14vconv_bf162f32EPfPN8bfloat165Bf16TEm] -> (nil)
AscendC: [_ZN7AscendC15vconv_bf162s32aEPiPN8bfloat165Bf16TEhtttt] -> (nil)
AscendC: [_ZN7AscendC15vconv_bf162s32aEPiPN8bfloat165Bf16TEm] -> (nil)
AscendC: [_ZN7AscendC15vconv_bf162s32cEPiPN8bfloat165Bf16TEhtttt] -> (nil)
AscendC: [_ZN7AscendC15vconv_bf162s32cEPiPN8bfloat165Bf16TEm] -> (nil)
AscendC: [_ZN7AscendC15vconv_bf162s32fEPiPN8bfloat165Bf16TEhtttt] -> (nil)
AscendC: [_ZN7AscendC15vconv_bf162s32fEPiPN8bfloat165Bf16TEm] -> (nil)
AscendC: [_ZN7AscendC15vconv_bf162s32rEPiPN8bfloat165Bf16TEhtttt] -> (nil)
AscendC: [_ZN7AscendC15vconv_bf162s32rEPiPN8bfloat165Bf16TEm] -> (nil)
AscendC: [_ZN7AscendC15vconv_bf162s32zEPiPN8bfloat165Bf16TEhtttt] -> (nil)
AscendC: [_ZN7AscendC15vconv_bf162s32zEPiPN8bfloat165Bf16TEm] -> (nil)
AscendC: [_ZN7AscendC9vconv_deqEPN7float165Fp16TEPim] -> (nil)
AscendC: [_ZN7AscendC9vconv_deqEPN7float165Fp16TEPihtthh] -> (nil)
AscendC: [_ZN7AscendC9vconv_deqEPN7float165Fp16TEPihtthhbb] -> (nil)
AscendC: [_ZN7AscendC15vconv_deqs162b8EPaPsmb] -> (nil)
AscendC: [_ZN7AscendC15vconv_deqs162b8EPaPshtthhbbb] -> (nil)
AscendC: [_ZN7AscendC15vconv_deqs162b8EPhPsmb] -> (nil)
AscendC: [_ZN7AscendC15vconv_deqs162b8EPhPshtthhbbb] -> (nil)
AscendC: [_ZN7AscendC16vconv_deqs162b8hEPaPshtthh] -> (nil)
AscendC: [_ZN7AscendC16vconv_deqs162b8hEPaPsm] -> (nil)
AscendC: [_ZN7AscendC16vconv_deqs162b8hEPhPshtthh] -> (nil)
AscendC: [_ZN7AscendC16vconv_deqs162b8hEPhPsm] -> (nil)
AscendC: [_ZN7AscendC16vconv_deqs162b8lEPaPshtthh] -> (nil)
AscendC: [_ZN7AscendC16vconv_deqs162b8lEPaPsm] -> (nil)
AscendC: [_ZN7AscendC16vconv_deqs162b8lEPhPshtthh] -> (nil)
AscendC: [_ZN7AscendC16vconv_deqs162b8lEPhPsm] -> (nil)
AscendC: [_ZN7AscendC13vconv_f162f32EPfPN7float165Fp16TEm] -> (nil)
AscendC: [_ZN7AscendC13vconv_f162f32EPfPN7float165Fp16TEhtthh] -> (nil)
AscendC: [_ZN7AscendC13vconv_f162f32EPfPN7float165Fp16TEhtthhbb] -> (nil)
AscendC: [_ZN7AscendC13vconv_f162f32EPfPN7float165Fp16TEhtttt] -> (nil)
AscendC: [_ZN7AscendC14vconv_f162s16aEPsPN7float165Fp16TEhtttt] -> (nil)
AscendC: [_ZN7AscendC14vconv_f162s16aEPsPN7float165Fp16TEm] -> (nil)
AscendC: [_ZN7AscendC14vconv_f162s16cEPsPN7float165Fp16TEhtttt] -> (nil)
AscendC: [_ZN7AscendC14vconv_f162s16cEPsPN7float165Fp16TEm] -> (nil)
AscendC: [_ZN7AscendC14vconv_f162s16fEPsPN7float165Fp16TEhtttt] -> (nil)
AscendC: [_ZN7AscendC14vconv_f162s16fEPsPN7float165Fp16TEm] -> (nil)
AscendC: [_ZN7AscendC14vconv_f162s16rEPsPN7float165Fp16TEm] -> (nil)
AscendC: [_ZN7AscendC14vconv_f162s16rEPsPN7float165Fp16TEhtthhbb] -> (nil)
AscendC: [_ZN7AscendC14vconv_f162s16rEPsPN7float165Fp16TEhtttt] -> (nil)
AscendC: [_ZN7AscendC14vconv_f162s16zEPsPN7float165Fp16TEhtttt] -> (nil)
AscendC: [_ZN7AscendC14vconv_f162s16zEPsPN7float165Fp16TEm] -> (nil)
AscendC: [_ZN7AscendC14vconv_f162s32aEPiPN7float165Fp16TEm] -> (nil)
AscendC: [_ZN7AscendC14vconv_f162s32aEPiPN7float165Fp16TEhtthh] -> (nil)
AscendC: [_ZN7AscendC14vconv_f162s32aEPiPN7float165Fp16TEhtthhbb] -> (nil)
AscendC: [_ZN7AscendC14vconv_f162s32aEPiPN7float165Fp16TEhtttt] -> (nil)
AscendC: [_ZN7AscendC14vconv_f162s32cEPiPN7float165Fp16TEm] -> (nil)
AscendC: [_ZN7AscendC14vconv_f162s32cEPiPN7float165Fp16TEhtthh] -> (nil)
AscendC: [_ZN7AscendC14vconv_f162s32cEPiPN7float165Fp16TEhtthhbb] -> (nil)
AscendC: [_ZN7AscendC14vconv_f162s32cEPiPN7float165Fp16TEhtttt] -> (nil)
AscendC: [_ZN7AscendC14vconv_f162s32fEPiPN7float165Fp16TEm] -> (nil)
AscendC: [_ZN7AscendC14vconv_f162s32fEPiPN7float165Fp16TEhtthh] -> (nil)
AscendC: [_ZN7AscendC14vconv_f162s32fEPiPN7float165Fp16TEhtthhbb] -> (nil)
AscendC: [_ZN7AscendC14vconv_f162s32fEPiPN7float165Fp16TEhtttt] -> (nil)
AscendC: [_ZN7AscendC14vconv_f162s32rEPiPN7float165Fp16TEm] -> (nil)
AscendC: [_ZN7AscendC14vconv_f162s32rEPiPN7float165Fp16TEhtthh] -> (nil)
AscendC: [_ZN7AscendC14vconv_f162s32rEPiPN7float165Fp16TEhtthhbb] -> (nil)
AscendC: [_ZN7AscendC14vconv_f162s32rEPiPN7float165Fp16TEhtttt] -> (nil)
AscendC: [_ZN7AscendC14vconv_f162s32zEPiPN7float165Fp16TEm] -> (nil)
AscendC: [_ZN7AscendC14vconv_f162s32zEPiPN7float165Fp16TEhtthh] -> (nil)
AscendC: [_ZN7AscendC14vconv_f162s32zEPiPN7float165Fp16TEhtthhbb] -> (nil)
AscendC: [_ZN7AscendC14vconv_f162s32zEPiPN7float165Fp16TEhtttt] -> (nil)
AscendC: [_ZN7AscendC12vconv_f162s4EPvPN7float165Fp16TEm] -> (nil)
AscendC: [_ZN7AscendC12vconv_f162s4EPvPN7float165Fp16TEhtthhbb] -> (nil)
AscendC: [_ZN7AscendC12vconv_f162s4EPvPN7float165Fp16TEhtttt] -> (nil)
AscendC: [_ZN7AscendC13vconv_f162s4aEPvPN7float165Fp16TEhtttt] -> (nil)
AscendC: [_ZN7AscendC13vconv_f162s4aEPvPN7float165Fp16TEm] -> (nil)
AscendC: [_ZN7AscendC13vconv_f162s4cEPvPN7float165Fp16TEhtttt] -> (nil)
AscendC: [_ZN7AscendC13vconv_f162s4cEPvPN7float165Fp16TEm] -> (nil)
AscendC: [_ZN7AscendC13vconv_f162s4fEPvPN7float165Fp16TEhtttt] -> (nil)
AscendC: [_ZN7AscendC13vconv_f162s4fEPvPN7float165Fp16TEm] -> (nil)
AscendC: [_ZN7AscendC13vconv_f162s4rEPvPN7float165Fp16TEhtttt] -> (nil)
AscendC: [_ZN7AscendC13vconv_f162s4rEPvPN7float165Fp16TEm] -> (nil)
AscendC: [_ZN7AscendC13vconv_f162s4zEPvPN7float165Fp16TEhtttt] -> (nil)
AscendC: [_ZN7AscendC13vconv_f162s4zEPvPN7float165Fp16TEm] -> (nil)
AscendC: [_ZN7AscendC12vconv_f162s8EPaPN7float165Fp16TEm] -> (nil)
AscendC: [_ZN7AscendC12vconv_f162s8EPaPN7float165Fp16TEhtthh] -> (nil)
AscendC: [_ZN7AscendC12vconv_f162s8EPaPN7float165Fp16TEhtthhbb] -> (nil)
AscendC: [_ZN7AscendC12vconv_f162s8EPaPN7float165Fp16TEhtttt] -> (nil)
AscendC: [_ZN7AscendC13vconv_f162s8aEPaPN7float165Fp16TEm] -> (nil)
AscendC: [_ZN7AscendC13vconv_f162s8aEPaPN7float165Fp16TEhtthh] -> (nil)
AscendC: [_ZN7AscendC13vconv_f162s8aEPaPN7float165Fp16TEhtthhbb] -> (nil)
AscendC: [_ZN7AscendC13vconv_f162s8aEPaPN7float165Fp16TEhtttt] -> (nil)
AscendC: [_ZN7AscendC13vconv_f162s8cEPaPN7float165Fp16TEm] -> (nil)
AscendC: [_ZN7AscendC13vconv_f162s8cEPaPN7float165Fp16TEhtthh] -> (nil)
AscendC: [_ZN7AscendC13vconv_f162s8cEPaPN7float165Fp16TEhtthhbb] -> (nil)
AscendC: [_ZN7AscendC13vconv_f162s8cEPaPN7float165Fp16TEhtttt] -> (nil)
AscendC: [_ZN7AscendC13vconv_f162s8fEPaPN7float165Fp16TEm] -> (nil)
AscendC: [_ZN7AscendC13vconv_f162s8fEPaPN7float165Fp16TEhtthh] -> (nil)
AscendC: [_ZN7AscendC13vconv_f162s8fEPaPN7float165Fp16TEhtthhbb] -> (nil)
AscendC: [_ZN7AscendC13vconv_f162s8fEPaPN7float165Fp16TEhtttt] -> (nil)
AscendC: [_ZN7AscendC13vconv_f162s8rEPaPN7float165Fp16TEhtttt] -> (nil)
AscendC: [_ZN7AscendC13vconv_f162s8rEPaPN7float165Fp16TEm] -> (nil)
AscendC: [_ZN7AscendC13vconv_f162s8zEPaPN7float165Fp16TEm] -> (nil)
AscendC: [_ZN7AscendC13vconv_f162s8zEPaPN7float165Fp16TEhtthh] -> (nil)
AscendC: [_ZN7AscendC13vconv_f162s8zEPaPN7float165Fp16TEhtthhbb] -> (nil)
AscendC: [_ZN7AscendC13vconv_f162s8zEPaPN7float165Fp16TEhtttt] -> (nil)
AscendC: [_ZN7AscendC12vconv_f162u8EPhPN7float165Fp16TEm] -> (nil)
AscendC: [_ZN7AscendC12vconv_f162u8EPhPN7float165Fp16TEhtthh] -> (nil)
AscendC: [_ZN7AscendC12vconv_f162u8EPhPN7float165Fp16TEhtthhbb] -> (nil)
AscendC: [_ZN7AscendC12vconv_f162u8EPhPN7float165Fp16TEhtttt] -> (nil)
AscendC: [_ZN7AscendC13vconv_f162u8aEPhPN7float165Fp16TEm] -> (nil)
AscendC: [_ZN7AscendC13vconv_f162u8aEPhPN7float165Fp16TEhtthh] -> (nil)
AscendC: [_ZN7AscendC13vconv_f162u8aEPhPN7float165Fp16TEhtthhbb] -> (nil)
AscendC: [_ZN7AscendC13vconv_f162u8aEPhPN7float165Fp16TEhtttt] -> (nil)
AscendC: [_ZN7AscendC13vconv_f162u8cEPhPN7float165Fp16TEm] -> (nil)
AscendC: [_ZN7AscendC13vconv_f162u8cEPhPN7float165Fp16TEhtthh] -> (nil)
AscendC: [_ZN7AscendC13vconv_f162u8cEPhPN7float165Fp16TEhtthhbb] -> (nil)
AscendC: [_ZN7AscendC13vconv_f162u8cEPhPN7float165Fp16TEhtttt] -> (nil)
AscendC: [_ZN7AscendC13vconv_f162u8fEPhPN7float165Fp16TEm] -> (nil)
AscendC: [_ZN7AscendC13vconv_f162u8fEPhPN7float165Fp16TEhtthh] -> (nil)
AscendC: [_ZN7AscendC13vconv_f162u8fEPhPN7float165Fp16TEhtthhbb] -> (nil)
AscendC: [_ZN7AscendC13vconv_f162u8fEPhPN7float165Fp16TEhtttt] -> (nil)
AscendC: [_ZN7AscendC13vconv_f162u8rEPhPN7float165Fp16TEhtttt] -> (nil)
AscendC: [_ZN7AscendC13vconv_f162u8rEPhPN7float165Fp16TEm] -> (nil)
AscendC: [_ZN7AscendC13vconv_f162u8zEPhPN7float165Fp16TEm] -> (nil)
AscendC: [_ZN7AscendC13vconv_f162u8zEPhPN7float165Fp16TEhtthh] -> (nil)
AscendC: [_ZN7AscendC13vconv_f162u8zEPhPN7float165Fp16TEhtthhbb] -> (nil)
AscendC: [_ZN7AscendC13vconv_f162u8zEPhPN7float165Fp16TEhtttt] -> (nil)
AscendC: [_ZN7AscendC15vconv_f322bf16aEPN8bfloat165Bf16TEPfhtttt] -> (nil)
AscendC: [_ZN7AscendC15vconv_f322bf16aEPN8bfloat165Bf16TEPfm] -> (nil)
AscendC: [_ZN7AscendC15vconv_f322bf16cEPN8bfloat165Bf16TEPfhtttt] -> (nil)
AscendC: [_ZN7AscendC15vconv_f322bf16cEPN8bfloat165Bf16TEPfm] -> (nil)
AscendC: [_ZN7AscendC15vconv_f322bf16fEPN8bfloat165Bf16TEPfhtttt] -> (nil)
AscendC: [_ZN7AscendC15vconv_f322bf16fEPN8bfloat165Bf16TEPfm] -> (nil)
AscendC: [_ZN7AscendC15vconv_f322bf16rEPN8bfloat165Bf16TEPfhtttt] -> (nil)
AscendC: [_ZN7AscendC15vconv_f322bf16rEPN8bfloat165Bf16TEPfm] -> (nil)
AscendC: [_ZN7AscendC15vconv_f322bf16zEPN8bfloat165Bf16TEPfhtttt] -> (nil)
AscendC: [_ZN7AscendC15vconv_f322bf16zEPN8bfloat165Bf16TEPfm] -> (nil)
AscendC: [_ZN7AscendC13vconv_f322f16EPN7float165Fp16TEPfm] -> (nil)
AscendC: [_ZN7AscendC13vconv_f322f16EPN7float165Fp16TEPfhtthh] -> (nil)
AscendC: [_ZN7AscendC13vconv_f322f16EPN7float165Fp16TEPfhtthhbb] -> (nil)
AscendC: [_ZN7AscendC13vconv_f322f16EPN7float165Fp16TEPfhtttt] -> (nil)
AscendC: [_ZN7AscendC14vconv_f322f16aEPN7float165Fp16TEPfhtttt] -> (nil)
AscendC: [_ZN7AscendC14vconv_f322f16aEPN7float165Fp16TEPfm] -> (nil)
AscendC: [_ZN7AscendC14vconv_f322f16cEPN7float165Fp16TEPfhtttt] -> (nil)
AscendC: [_ZN7AscendC14vconv_f322f16cEPN7float165Fp16TEPfm] -> (nil)
AscendC: [_ZN7AscendC14vconv_f322f16fEPN7float165Fp16TEPfhtttt] -> (nil)
AscendC: [_ZN7AscendC14vconv_f322f16fEPN7float165Fp16TEPfm] -> (nil)
AscendC: [_ZN7AscendC14vconv_f322f16oEPN7float165Fp16TEPfm] -> (nil)
AscendC: [_ZN7AscendC14vconv_f322f16oEPN7float165Fp16TEPfhtthh] -> (nil)
AscendC: [_ZN7AscendC14vconv_f322f16oEPN7float165Fp16TEPfhtthhbb] -> (nil)
AscendC: [_ZN7AscendC14vconv_f322f16oEPN7float165Fp16TEPfhtttt] -> (nil)
AscendC: [_ZN7AscendC14vconv_f322f16rEPN7float165Fp16TEPfhtttt] -> (nil)
AscendC: [_ZN7AscendC14vconv_f322f16rEPN7float165Fp16TEPfm] -> (nil)
AscendC: [_ZN7AscendC14vconv_f322f16zEPN7float165Fp16TEPfhtttt] -> (nil)
AscendC: [_ZN7AscendC14vconv_f322f16zEPN7float165Fp16TEPfm] -> (nil)
AscendC: [_ZN7AscendC14vconv_f322f32aEPfS0_htttt] -> (nil)
AscendC: [_ZN7AscendC14vconv_f322f32aEPfS0_m] -> (nil)
AscendC: [_ZN7AscendC14vconv_f322f32cEPfS0_htttt] -> (nil)
AscendC: [_ZN7AscendC14vconv_f322f32cEPfS0_m] -> (nil)
AscendC: [_ZN7AscendC14vconv_f322f32fEPfS0_htttt] -> (nil)
AscendC: [_ZN7AscendC14vconv_f322f32fEPfS0_m] -> (nil)
AscendC: [_ZN7AscendC14vconv_f322f32rEPfS0_htttt] -> (nil)
AscendC: [_ZN7AscendC14vconv_f322f32rEPfS0_m] -> (nil)
AscendC: [_ZN7AscendC14vconv_f322f32zEPfS0_htttt] -> (nil)
AscendC: [_ZN7AscendC14vconv_f322f32zEPfS0_m] -> (nil)
AscendC: [_ZN7AscendC14vconv_f322s16aEPsPfhtttt] -> (nil)
AscendC: [_ZN7AscendC14vconv_f322s16aEPsPfm] -> (nil)
AscendC: [_ZN7AscendC14vconv_f322s16cEPsPfhtttt] -> (nil)
AscendC: [_ZN7AscendC14vconv_f322s16cEPsPfm] -> (nil)
AscendC: [_ZN7AscendC14vconv_f322s16fEPsPfhtttt] -> (nil)
AscendC: [_ZN7AscendC14vconv_f322s16fEPsPfm] -> (nil)
AscendC: [_ZN7AscendC14vconv_f322s16rEPsPfm] -> (nil)
AscendC: [_ZN7AscendC14vconv_f322s16rEPsPfhtthh] -> (nil)
AscendC: [_ZN7AscendC14vconv_f322s16rEPsPfhtthhbb] -> (nil)
AscendC: [_ZN7AscendC14vconv_f322s16rEPsPfhtttt] -> (nil)
AscendC: [_ZN7AscendC14vconv_f322s16zEPsPfm] -> (nil)
AscendC: [_ZN7AscendC14vconv_f322s16zEPsPfhtthh] -> (nil)
AscendC: [_ZN7AscendC14vconv_f322s16zEPsPfhtthhbb] -> (nil)
AscendC: [_ZN7AscendC14vconv_f322s16zEPsPfhtttt] -> (nil)
AscendC: [_ZN7AscendC14vconv_f322s32aEPiPfm] -> (nil)
AscendC: [_ZN7AscendC14vconv_f322s32aEPiPfhtthh] -> (nil)
AscendC: [_ZN7AscendC14vconv_f322s32aEPiPfhtthhbb] -> (nil)
AscendC: [_ZN7AscendC14vconv_f322s32aEPiPfhtttt] -> (nil)
AscendC: [_ZN7AscendC14vconv_f322s32cEPiPfm] -> (nil)
AscendC: [_ZN7AscendC14vconv_f322s32cEPiPfhtthh] -> (nil)
AscendC: [_ZN7AscendC14vconv_f322s32cEPiPfhtthhbb] -> (nil)
AscendC: [_ZN7AscendC14vconv_f322s32cEPiPfhtttt] -> (nil)
AscendC: [_ZN7AscendC14vconv_f322s32fEPiPfm] -> (nil)
AscendC: [_ZN7AscendC14vconv_f322s32fEPiPfhtthh] -> (nil)
AscendC: [_ZN7AscendC14vconv_f322s32fEPiPfhtthhbb] -> (nil)
AscendC: [_ZN7AscendC14vconv_f322s32fEPiPfhtttt] -> (nil)
AscendC: [_ZN7AscendC14vconv_f322s32rEPiPfm] -> (nil)
AscendC: [_ZN7AscendC14vconv_f322s32rEPiPfhtthh] -> (nil)
AscendC: [_ZN7AscendC14vconv_f322s32rEPiPfhtthhbb] -> (nil)
AscendC: [_ZN7AscendC14vconv_f322s32rEPiPfhtttt] -> (nil)
AscendC: [_ZN7AscendC14vconv_f322s32zEPiPfm] -> (nil)
AscendC: [_ZN7AscendC14vconv_f322s32zEPiPfhtthh] -> (nil)
AscendC: [_ZN7AscendC14vconv_f322s32zEPiPfhtthhbb] -> (nil)
AscendC: [_ZN7AscendC14vconv_f322s32zEPiPfhtttt] -> (nil)
AscendC: [_ZN7AscendC14vconv_f322s64aEPlPfhtttt] -> (nil)
AscendC: [_ZN7AscendC14vconv_f322s64aEPlPfm] -> (nil)
AscendC: [_ZN7AscendC14vconv_f322s64cEPlPfhtttt] -> (nil)
AscendC: [_ZN7AscendC14vconv_f322s64cEPlPfm] -> (nil)
AscendC: [_ZN7AscendC14vconv_f322s64fEPlPfhtttt] -> (nil)
AscendC: [_ZN7AscendC14vconv_f322s64fEPlPfm] -> (nil)
AscendC: [_ZN7AscendC14vconv_f322s64rEPlPfhtttt] -> (nil)
AscendC: [_ZN7AscendC14vconv_f322s64rEPlPfm] -> (nil)
AscendC: [_ZN7AscendC14vconv_f322s64zEPlPfhtttt] -> (nil)
AscendC: [_ZN7AscendC14vconv_f322s64zEPlPfm] -> (nil)
AscendC: [_ZN7AscendC13vconv_s162f16EPN7float165Fp16TEPsm] -> (nil)
AscendC: [_ZN7AscendC13vconv_s162f16EPN7float165Fp16TEPshtthhbb] -> (nil)
AscendC: [_ZN7AscendC13vconv_s162f16EPN7float165Fp16TEPshtttt] -> (nil)
AscendC: [_ZN7AscendC14vconv_s162f16aEPN7float165Fp16TEPshtttt] -> (nil)
AscendC: [_ZN7AscendC14vconv_s162f16aEPN7float165Fp16TEPsm] -> (nil)
AscendC: [_ZN7AscendC14vconv_s162f16cEPN7float165Fp16TEPshtttt] -> (nil)
AscendC: [_ZN7AscendC14vconv_s162f16cEPN7float165Fp16TEPsm] -> (nil)
AscendC: [_ZN7AscendC14vconv_s162f16fEPN7float165Fp16TEPshtttt] -> (nil)
AscendC: [_ZN7AscendC14vconv_s162f16fEPN7float165Fp16TEPsm] -> (nil)
AscendC: [_ZN7AscendC14vconv_s162f16rEPN7float165Fp16TEPshtttt] -> (nil)
AscendC: [_ZN7AscendC14vconv_s162f16rEPN7float165Fp16TEPsm] -> (nil)
AscendC: [_ZN7AscendC14vconv_s162f16zEPN7float165Fp16TEPshtttt] -> (nil)
AscendC: [_ZN7AscendC14vconv_s162f16zEPN7float165Fp16TEPsm] -> (nil)
AscendC: [_ZN7AscendC13vconv_s162f32EPfPsm] -> (nil)
AscendC: [_ZN7AscendC13vconv_s162f32EPfPshtthhbb] -> (nil)
AscendC: [_ZN7AscendC13vconv_s162f32EPfPshtttt] -> (nil)
AscendC: [_ZN7AscendC13vconv_s322f32EPfPim] -> (nil)
AscendC: [_ZN7AscendC13vconv_s322f32EPfPihtthh] -> (nil)
AscendC: [_ZN7AscendC13vconv_s322f32EPfPihtthhbb] -> (nil)
AscendC: [_ZN7AscendC13vconv_s322f32EPfPihtttt] -> (nil)
AscendC: [_ZN7AscendC14vconv_s322f32aEPfPihtttt] -> (nil)
AscendC: [_ZN7AscendC14vconv_s322f32aEPfPim] -> (nil)
AscendC: [_ZN7AscendC14vconv_s322f32cEPfPihtttt] -> (nil)
AscendC: [_ZN7AscendC14vconv_s322f32cEPfPim] -> (nil)
AscendC: [_ZN7AscendC14vconv_s322f32fEPfPihtttt] -> (nil)
AscendC: [_ZN7AscendC14vconv_s322f32fEPfPim] -> (nil)
AscendC: [_ZN7AscendC14vconv_s322f32rEPfPihtttt] -> (nil)
AscendC: [_ZN7AscendC14vconv_s322f32rEPfPim] -> (nil)
AscendC: [_ZN7AscendC14vconv_s322f32zEPfPihtttt] -> (nil)
AscendC: [_ZN7AscendC14vconv_s322f32zEPfPim] -> (nil)
AscendC: [_ZN7AscendC13vconv_s322s16EPsPihtttt] -> (nil)
AscendC: [_ZN7AscendC13vconv_s322s16EPsPim] -> (nil)
AscendC: [_ZN7AscendC13vconv_s322s64EPlPihtttt] -> (nil)
AscendC: [_ZN7AscendC13vconv_s322s64EPlPim] -> (nil)
AscendC: [_ZN7AscendC12vconv_s42f16EPN7float165Fp16TEPvhtthh] -> (nil)
AscendC: [_ZN7AscendC12vconv_s42f16EPN7float165Fp16TEPvm] -> (nil)
AscendC: [_ZN7AscendC14vconv_s642f32aEPfPlhtttt] -> (nil)
AscendC: [_ZN7AscendC14vconv_s642f32aEPfPlm] -> (nil)
AscendC: [_ZN7AscendC14vconv_s642f32cEPfPlhtttt] -> (nil)
AscendC: [_ZN7AscendC14vconv_s642f32cEPfPlm] -> (nil)
AscendC: [_ZN7AscendC14vconv_s642f32fEPfPlhtttt] -> (nil)
AscendC: [_ZN7AscendC14vconv_s642f32fEPfPlm] -> (nil)
AscendC: [_ZN7AscendC14vconv_s642f32rEPfPlhtttt] -> (nil)
AscendC: [_ZN7AscendC14vconv_s642f32rEPfPlm] -> (nil)
AscendC: [_ZN7AscendC14vconv_s642f32zEPfPlhtttt] -> (nil)
AscendC: [_ZN7AscendC14vconv_s642f32zEPfPlm] -> (nil)
AscendC: [_ZN7AscendC13vconv_s642s32EPiPlhtttt] -> (nil)
AscendC: [_ZN7AscendC13vconv_s642s32EPiPlm] -> (nil)
AscendC: [_ZN7AscendC12vconv_s82f16EPN7float165Fp16TEPam] -> (nil)
AscendC: [_ZN7AscendC12vconv_s82f16EPN7float165Fp16TEPahtthh] -> (nil)
AscendC: [_ZN7AscendC12vconv_s82f16EPN7float165Fp16TEPahtthhbb] -> (nil)
AscendC: [_ZN7AscendC12vconv_s82f16EPN7float165Fp16TEPahtttt] -> (nil)
AscendC: [_ZN7AscendC12vconv_u82f16EPN7float165Fp16TEPhm] -> (nil)
AscendC: [_ZN7AscendC12vconv_u82f16EPN7float165Fp16TEPhhtthh] -> (nil)
AscendC: [_ZN7AscendC12vconv_u82f16EPN7float165Fp16TEPhhtthhbb] -> (nil)
AscendC: [_ZN7AscendC12vconv_u82f16EPN7float165Fp16TEPhhtttt] -> (nil)
AscendC: [_ZN7AscendC16vconv_vdeqs162b8EPaPsmb] -> (nil)
AscendC: [_ZN7AscendC16vconv_vdeqs162b8EPaPshtthhbbb] -> (nil)
AscendC: [_ZN7AscendC16vconv_vdeqs162b8EPhPsmb] -> (nil)
AscendC: [_ZN7AscendC16vconv_vdeqs162b8EPhPshtthhbbb] -> (nil)
AscendC: [_ZN7AscendC17vconv_vdeqs162b8hEPaPshtthh] -> (nil)
AscendC: [_ZN7AscendC17vconv_vdeqs162b8hEPaPsm] -> (nil)
AscendC: [_ZN7AscendC17vconv_vdeqs162b8hEPhPshtthh] -> (nil)
AscendC: [_ZN7AscendC17vconv_vdeqs162b8hEPhPsm] -> (nil)
AscendC: [_ZN7AscendC17vconv_vdeqs162b8lEPaPshtthh] -> (nil)
AscendC: [_ZN7AscendC17vconv_vdeqs162b8lEPaPsm] -> (nil)
AscendC: [_ZN7AscendC17vconv_vdeqs162b8lEPhPshtthh] -> (nil)
AscendC: [_ZN7AscendC17vconv_vdeqs162b8lEPhPsm] -> (nil)
AscendC: [_ZN7AscendC4vcvtERA128_N7float165Fp16TEPhh7Literal] -> 0xe7fff2ce32e0
AscendC: [_ZN7AscendC4vcvtERA128_N7float165Fp16TEPah7Literal] -> 0xe7fff2ce34f8
AscendC: [_ZN7AscendC4vcvtERA64_fPN7float165Fp16TEh7Literal] -> 0xe7fff2ce3718
AscendC: [_ZN7AscendC4vcvtERA64_iPN7float165Fp16TEh7LiteralS5_] -> 0xe7fff2ce3938
AscendC: [_ZN7AscendC4vcvtERA64_fPN8bfloat165Bf16TEh7Literal] -> 0xe7fff2ce3b70
AscendC: [_ZN7AscendC4vcvtERA64_iPN8bfloat165Bf16TEh7LiteralS5_S5_] -> 0xe7fff2ce3d90
AscendC: [_ZN7AscendC4vcvtERA64_fPsh7Literal] -> 0xe7fff2ce3fd0
AscendC: [_ZN7AscendC4vcvtERA32_lPfh7LiteralS3_S3_] -> 0xe7fff2ce41f0
AscendC: [_ZN7AscendC4vcvtERA32_lPih7Literal] -> 0xe7fff2ce4430
AscendC: [_ZN7AscendC4vcvtERA256_hPN7float165Fp16TEh7LiteralS5_S5_] -> 0xe7fff2ce4650
AscendC: [_ZN7AscendC4vcvtERA256_aPN7float165Fp16TEh7LiteralS5_S5_] -> 0xe7fff2ce4890
AscendC: [_ZN7AscendC4vcvtERA128_N7float165Fp16TEPfh7LiteralS5_S5_] -> 0xe7fff2ce4ad0
AscendC: [_ZN7AscendC4vcvtERA128_N8bfloat165Bf16TEPfh7LiteralS5_S5_] -> 0xe7fff2ce4d10
AscendC: [_ZN7AscendC4vcvtERA128_sPfh7LiteralS3_S3_] -> 0xe7fff2ce4f50
AscendC: [_ZN7AscendC4vcvtERA128_sPih7LiteralS3_] -> 0xe7fff2ce5190
AscendC: [_ZN7AscendC4vcvtERA64_iPlh7LiteralS3_] -> 0xe7fff2ce53c8
AscendC: [_ZN7AscendC4vcvtERA64_fPlh7LiteralS3_] -> 0xe7fff2ce5600
AscendC: [_ZN7AscendC4vcvtERA128_sPN7float165Fp16TEh7LiteralS5_] -> 0xe7fff2ce5838
AscendC: [_ZN7AscendC4vcvtERA128_N7float165Fp16TEPsh7Literal] -> 0xe7fff2ce5a70
AscendC: [_ZN7AscendC4vcvtERA64_iPfh7LiteralS3_] -> 0xe7fff2ce5c90
AscendC: [_ZN7AscendC4vcvtERA64_fPih7Literal] -> 0xe7fff2ce5ec8
AscendC: [_ZN7AscendC4vtrcERA64_fPf7Literalh] -> 0xe7fff2ce60e8
AscendC: [_ZN7AscendC5vcopyEPsS0_m] -> (nil)
AscendC: [_ZN7AscendC5vcopyEPsS0_htttt] -> (nil)
AscendC: [_ZN7AscendC5vcopyEPiS0_m] -> (nil)
AscendC: [_ZN7AscendC5vcopyEPiS0_htttt] -> (nil)
AscendC: [_ZN7AscendC5vcopyEPtS0_m] -> (nil)
AscendC: [_ZN7AscendC5vcopyEPtS0_htttt] -> (nil)
AscendC: [_ZN7AscendC5vcopyEPjS0_m] -> (nil)
AscendC: [_ZN7AscendC5vcopyEPjS0_htttt] -> (nil)
AscendC: [_ZN7AscendC6vcpaddEPN7float165Fp16TES2_m] -> (nil)
AscendC: [_ZN7AscendC6vcpaddEPN7float165Fp16TES2_httt] -> (nil)
AscendC: [_ZN7AscendC6vcpaddEPN7float165Fp16TES2_htttbb] -> (nil)
AscendC: [_ZN7AscendC6vcpaddEPfS0_m] -> (nil)
AscendC: [_ZN7AscendC6vcpaddEPfS0_httt] -> (nil)
AscendC: [_ZN7AscendC6vcpaddEPfS0_htttbb] -> (nil)
AscendC: [_ZN7AscendC4vdivEPN7float165Fp16TES2_S2_m] -> (nil)
AscendC: [_ZN7AscendC4vdivEPN7float165Fp16TES2_S2_hhhhhhh] -> (nil)
AscendC: [_ZN7AscendC4vdivEPN7float165Fp16TES2_S2_hhhhhhhbb] -> (nil)
AscendC: [_ZN7AscendC4vdivEPfS0_S0_m] -> (nil)
AscendC: [_ZN7AscendC4vdivEPfS0_S0_hhhhhhh] -> (nil)
AscendC: [_ZN7AscendC4vdivEPfS0_S0_hhhhhhhbb] -> (nil)
AscendC: [_ZN7AscendC3vdpEPsS0_S0_m] -> (nil)
AscendC: [_ZN7AscendC3vdpEPsS0_S0_thttbbb] -> (nil)
AscendC: [_ZN7AscendC10vector_dupEPN7float165Fp16TES1_m] -> (nil)
AscendC: [_ZN7AscendC10vector_dupEPN7float165Fp16TES1_htthh] -> (nil)
AscendC: [_ZN7AscendC10vector_dupEPN7float165Fp16TES1_htthhbb] -> (nil)
AscendC: [_ZN7AscendC10vector_dupEPN7float165Fp16TES1_htttt] -> (nil)
AscendC: [_ZN7AscendC10vector_dupEPffm] -> (nil)
AscendC: [_ZN7AscendC10vector_dupEPffhtthh] -> (nil)
AscendC: [_ZN7AscendC10vector_dupEPffhtthhbb] -> (nil)
AscendC: [_ZN7AscendC10vector_dupEPffhtttt] -> (nil)
AscendC: [_ZN7AscendC10vector_dupEPssm] -> (nil)
AscendC: [_ZN7AscendC10vector_dupEPsshtthh] -> (nil)
AscendC: [_ZN7AscendC10vector_dupEPsshtthhbb] -> (nil)
AscendC: [_ZN7AscendC10vector_dupEPsshtttt] -> (nil)
AscendC: [_ZN7AscendC10vector_dupEPiim] -> (nil)
AscendC: [_ZN7AscendC10vector_dupEPiihtthh] -> (nil)
AscendC: [_ZN7AscendC10vector_dupEPiihtthhbb] -> (nil)
AscendC: [_ZN7AscendC10vector_dupEPiihtttt] -> (nil)
AscendC: [_ZN7AscendC10vector_dupEPttm] -> (nil)
AscendC: [_ZN7AscendC10vector_dupEPtthtthh] -> (nil)
AscendC: [_ZN7AscendC10vector_dupEPtthtthhbb] -> (nil)
AscendC: [_ZN7AscendC10vector_dupEPtthtttt] -> (nil)
AscendC: [_ZN7AscendC10vector_dupEPjjm] -> (nil)
AscendC: [_ZN7AscendC10vector_dupEPjjhtthh] -> (nil)
AscendC: [_ZN7AscendC10vector_dupEPjjhtthhbb] -> (nil)
AscendC: [_ZN7AscendC10vector_dupEPjjhtttt] -> (nil)
AscendC: [_ZN7AscendC10vector_dupEPN8bfloat165Bf16TES1_m] -> (nil)
AscendC: [_ZN7AscendC10vector_dupEPN8bfloat165Bf16TES1_htthh] -> (nil)
AscendC: [_ZN7AscendC4vexpEPN7float165Fp16TES2_m] -> (nil)
AscendC: [_ZN7AscendC4vexpEPN7float165Fp16TES2_htthh] -> (nil)
AscendC: [_ZN7AscendC4vexpEPN7float165Fp16TES2_htthhbb] -> (nil)
AscendC: [_ZN7AscendC4vexpEPN7float165Fp16TES2_htttt] -> (nil)
AscendC: [_ZN7AscendC4vexpEPfS0_m] -> (nil)
AscendC: [_ZN7AscendC4vexpEPfS0_htthh] -> (nil)
AscendC: [_ZN7AscendC4vexpEPfS0_htthhbb] -> (nil)
AscendC: [_ZN7AscendC4vexpEPfS0_htttt] -> (nil)
AscendC: [_ZN7AscendC8vextractEPN7float165Fp16TES2_m] -> (nil)
AscendC: [_ZN7AscendC8vextractEPN7float165Fp16TES2_hh] -> 0xe7fff2cab1b0
AscendC: [_ZN7AscendC8vextractEPN7float165Fp16TES2_htthh] -> (nil)
AscendC: [_ZN7AscendC8vextractEPN7float165Fp16TES2_htthhbb] -> (nil)
AscendC: [_ZN7AscendC8vextractEPfS0_m] -> (nil)
AscendC: [_ZN7AscendC8vextractEPfS0_hh] -> 0xe7fff2cab658
AscendC: [_ZN7AscendC8vextractEPfS0_htthh] -> (nil)
AscendC: [_ZN7AscendC8vextractEPfS0_htthhbb] -> (nil)
AscendC: [_ZN7AscendC7vgatherEPtPjm] -> (nil)
AscendC: [_ZN7AscendC7vgatherEPtPjjb] -> (nil)
AscendC: [_ZN7AscendC7vgatherEPtPjjth] -> (nil)
AscendC: [_ZN7AscendC7vgatherEPjS0_m] -> (nil)
AscendC: [_ZN7AscendC7vgatherEPjS0_jb] -> (nil)
AscendC: [_ZN7AscendC7vgatherEPjS0_jth] -> (nil)
AscendC: [_ZN7AscendC8vgatherbEPtPjm] -> (nil)
AscendC: [_ZN7AscendC8vgatherbEPtPjjthh] -> (nil)
AscendC: [_ZN7AscendC8vgatherbEPjS0_m] -> (nil)
AscendC: [_ZN7AscendC8vgatherbEPjS0_jthh] -> (nil)
AscendC: [_ZN7AscendC4viouEPN7float165Fp16TES2_S2_m] -> (nil)
AscendC: [_ZN7AscendC4viouEPN7float165Fp16TES2_S2_hhhhhhh] -> (nil)
AscendC: [_ZN7AscendC4viouEPN7float165Fp16TES2_S2_hhhhhhhbb] -> (nil)
AscendC: [_ZN7AscendC4viouEPfS0_S0_m] -> (nil)
AscendC: [_ZN7AscendC4viouEPfS0_S0_hhhhhhh] -> (nil)
AscendC: [_ZN7AscendC4viouEPfS0_S0_hhhhhhhbb] -> (nil)
AscendC: [_ZN7AscendC10vld_va_regE10ub_addr8_tPm7vpart_t] -> 0xe7fff2cae5f0
AscendC: [_ZN7AscendC3vlnEPN7float165Fp16TES2_m] -> (nil)
AscendC: [_ZN7AscendC3vlnEPN7float165Fp16TES2_htthh] -> (nil)
AscendC: [_ZN7AscendC3vlnEPN7float165Fp16TES2_htthhbb] -> (nil)
AscendC: [_ZN7AscendC3vlnEPN7float165Fp16TES2_htttt] -> (nil)
AscendC: [_ZN7AscendC3vlnEPfS0_m] -> (nil)
AscendC: [_ZN7AscendC3vlnEPfS0_htthh] -> (nil)
AscendC: [_ZN7AscendC3vlnEPfS0_htthhbb] -> (nil)
AscendC: [_ZN7AscendC3vlnEPfS0_htttt] -> (nil)
AscendC: [_ZN7AscendC6vlreluEPN7float165Fp16TES2_S1_m] -> (nil)
AscendC: [_ZN7AscendC6vlreluEPN7float165Fp16TES2_S1_htthhbb] -> (nil)
AscendC: [_ZN7AscendC6vlreluEPN7float165Fp16TES2_S1_htttt] -> (nil)
AscendC: [_ZN7AscendC6vlreluEPfS0_fm] -> (nil)
AscendC: [_ZN7AscendC6vlreluEPfS0_fhtthhbb] -> (nil)
AscendC: [_ZN7AscendC6vlreluEPfS0_fhtttt] -> (nil)
AscendC: [_ZN7AscendC5vmaddEPN7float165Fp16TES2_S2_m] -> (nil)
AscendC: [_ZN7AscendC5vmaddEPN7float165Fp16TES2_S2_hhhhhhh] -> (nil)
AscendC: [_ZN7AscendC5vmaddEPN7float165Fp16TES2_S2_hhhhhhhbb] -> (nil)
AscendC: [_ZN7AscendC5vmaddEPfS0_S0_m] -> (nil)
AscendC: [_ZN7AscendC5vmaddEPfS0_S0_hhhhhhh] -> (nil)
AscendC: [_ZN7AscendC5vmaddEPfS0_S0_hhhhhhhbb] -> (nil)
AscendC: [_ZN7AscendC5vmaddERA128_N7float165Fp16TEPS1_S4_h7Literal] -> 0xe7fff2cd6288
AscendC: [_ZN7AscendC5vmaddERA64_fPfS2_h7Literal] -> 0xe7fff2cd7448
AscendC: [_ZN7AscendC5vmulaERA64_iPiS2_h7Literal] -> 0xe7fff2cd9590
AscendC: [_ZN7AscendC5vmulaERA64_jPjS2_h7Literal] -> 0xe7fff2cd9e70
AscendC: [_ZN7AscendC5vmulaERA64_fPfS2_h7Literal] -> 0xe7fff2cd7680
AscendC: [_ZN7AscendC5vmulaERA128_sPsS2_h7Literal] -> 0xe7fff2cd8840
AscendC: [_ZN7AscendC5vmulaERA128_tPtS2_h7Literal] -> 0xe7fff2cd9c38
AscendC: [_ZN7AscendC5vmulaERA128_N7float165Fp16TEPS1_S4_h7Literal] -> 0xe7fff2cd64c0
AscendC: [_ZN7AscendC9vmaddreluEPN7float165Fp16TES2_S2_m] -> (nil)
AscendC: [_ZN7AscendC9vmaddreluEPN7float165Fp16TES2_S2_hhhhhhh] -> (nil)
AscendC: [_ZN7AscendC9vmaddreluEPN7float165Fp16TES2_S2_hhhhhhhbb] -> (nil)
AscendC: [_ZN7AscendC9vmaddreluEPfS0_S0_m] -> (nil)
AscendC: [_ZN7AscendC9vmaddreluEPfS0_S0_hhhhhhh] -> (nil)
AscendC: [_ZN7AscendC9vmaddreluEPfS0_S0_hhhhhhhbb] -> (nil)
AscendC: [_ZN7AscendC4vmaxEPN7float165Fp16TES2_S2_m] -> (nil)
AscendC: [_ZN7AscendC4vmaxEPN7float165Fp16TES2_S2_hhhhhhh] -> (nil)
AscendC: [_ZN7AscendC4vmaxEPN7float165Fp16TES2_S2_hhhhhhhbb] -> (nil)
AscendC: [_ZN7AscendC4vmaxEPfS0_S0_m] -> (nil)
AscendC: [_ZN7AscendC4vmaxEPfS0_S0_hhhhhhh] -> (nil)
AscendC: [_ZN7AscendC4vmaxEPfS0_S0_hhhhhhhbb] -> (nil)
AscendC: [_ZN7AscendC4vmaxEPsS0_S0_m] -> (nil)
AscendC: [_ZN7AscendC4vmaxEPsS0_S0_hhhhhhh] -> (nil)
AscendC: [_ZN7AscendC4vmaxEPsS0_S0_hhhhhhhbb] -> (nil)
AscendC: [_ZN7AscendC4vmaxEPiS0_S0_m] -> (nil)
AscendC: [_ZN7AscendC4vmaxEPiS0_S0_hhhhhhh] -> (nil)
AscendC: [_ZN7AscendC4vmaxEPiS0_S0_hhhhhhhbb] -> (nil)
AscendC: [_ZN7AscendC5vmaxsEPN7float165Fp16TES2_S1_m] -> (nil)
AscendC: [_ZN7AscendC5vmaxsEPN7float165Fp16TES2_S1_htthhbb] -> (nil)
AscendC: [_ZN7AscendC5vmaxsEPN7float165Fp16TES2_S1_htttt] -> (nil)
AscendC: [_ZN7AscendC5vmaxsEPfS0_fm] -> (nil)
AscendC: [_ZN7AscendC5vmaxsEPfS0_fhtthhbb] -> (nil)
AscendC: [_ZN7AscendC5vmaxsEPfS0_fhtttt] -> (nil)
AscendC: [_ZN7AscendC5vmaxsEPsS0_sm] -> (nil)
AscendC: [_ZN7AscendC5vmaxsEPsS0_shtthhbb] -> (nil)
AscendC: [_ZN7AscendC5vmaxsEPsS0_shtttt] -> (nil)
AscendC: [_ZN7AscendC5vmaxsEPiS0_im] -> (nil)
AscendC: [_ZN7AscendC5vmaxsEPiS0_ihtthhbb] -> (nil)
AscendC: [_ZN7AscendC5vmaxsEPiS0_ihtttt] -> (nil)
AscendC: [_ZN7AscendC8vmergechEPhS0_m] -> (nil)
AscendC: [_ZN7AscendC8vmergechEPhS0_htthh] -> (nil)
AscendC: [_ZN7AscendC8vmergechEPhS0_htthhbb] -> (nil)
AscendC: [_ZN7AscendC8vmergechEPN7float165Fp16TES2_m] -> (nil)
AscendC: [_ZN7AscendC8vmergechEPN7float165Fp16TES2_htthh] -> (nil)
AscendC: [_ZN7AscendC8vmergechEPN7float165Fp16TES2_htthhbb] -> (nil)
AscendC: [_ZN7AscendC4vminEPN7float165Fp16TES2_S2_m] -> (nil)
AscendC: [_ZN7AscendC4vminEPN7float165Fp16TES2_S2_hhhhhhh] -> (nil)
AscendC: [_ZN7AscendC4vminEPN7float165Fp16TES2_S2_hhhhhhhbb] -> (nil)
AscendC: [_ZN7AscendC4vminEPfS0_S0_m] -> (nil)
AscendC: [_ZN7AscendC4vminEPfS0_S0_hhhhhhh] -> (nil)
AscendC: [_ZN7AscendC4vminEPfS0_S0_hhhhhhhbb] -> (nil)
AscendC: [_ZN7AscendC4vminEPsS0_S0_m] -> (nil)
AscendC: [_ZN7AscendC4vminEPsS0_S0_hhhhhhh] -> (nil)
AscendC: [_ZN7AscendC4vminEPsS0_S0_hhhhhhhbb] -> (nil)
AscendC: [_ZN7AscendC4vminEPiS0_S0_m] -> (nil)
AscendC: [_ZN7AscendC4vminEPiS0_S0_hhhhhhh] -> (nil)
AscendC: [_ZN7AscendC4vminEPiS0_S0_hhhhhhhbb] -> (nil)
AscendC: [_ZN7AscendC5vminsEPN7float165Fp16TES2_S1_m] -> (nil)
AscendC: [_ZN7AscendC5vminsEPN7float165Fp16TES2_S1_htthhbb] -> (nil)
AscendC: [_ZN7AscendC5vminsEPN7float165Fp16TES2_S1_htttt] -> (nil)
AscendC: [_ZN7AscendC5vminsEPfS0_fm] -> (nil)
AscendC: [_ZN7AscendC5vminsEPfS0_fhtthhbb] -> (nil)
AscendC: [_ZN7AscendC5vminsEPfS0_fhtttt] -> (nil)
AscendC: [_ZN7AscendC5vminsEPsS0_sm] -> (nil)
AscendC: [_ZN7AscendC5vminsEPsS0_shtthhbb] -> (nil)
AscendC: [_ZN7AscendC5vminsEPsS0_shtttt] -> (nil)
AscendC: [_ZN7AscendC5vminsEPiS0_im] -> (nil)
AscendC: [_ZN7AscendC5vminsEPiS0_ihtthhbb] -> (nil)
AscendC: [_ZN7AscendC5vminsEPiS0_ihtttt] -> (nil)
AscendC: [_ZN7AscendC4vmlaEPN7float165Fp16TES2_S2_m] -> (nil)
AscendC: [_ZN7AscendC4vmlaEPN7float165Fp16TES2_S2_hhhhhhh] -> (nil)
AscendC: [_ZN7AscendC4vmlaEPN7float165Fp16TES2_S2_hhhhhhhbb] -> (nil)
AscendC: [_ZN7AscendC4vmlaEPfS0_S0_m] -> (nil)
AscendC: [_ZN7AscendC4vmlaEPfS0_S0_hhhhhhh] -> (nil)
AscendC: [_ZN7AscendC4vmlaEPfS0_S0_hhhhhhhbb] -> (nil)
AscendC: [_ZN7AscendC4vmlaEPfPN7float165Fp16TES3_m] -> (nil)
AscendC: [_ZN7AscendC4vmlaEPfPN7float165Fp16TES3_hhhhhhh] -> (nil)
AscendC: [_ZN7AscendC4vmlaEPfPN7float165Fp16TES3_hhhhhhhbb] -> (nil)
AscendC: [_ZN7AscendC9vmrgsort4EPN7float165Fp16TEPS2_m] -> (nil)
AscendC: [_ZN7AscendC9vmrgsort4EPfPS0_m] -> (nil)
AscendC: [_ZN7AscendC9vmrgsort4EPN7float165Fp16TEPS2_mm] -> 0xe7fff2cabc90
AscendC: [_ZN7AscendC9vmrgsort4EPfPS0_mm] -> 0xe7fff2cabd98
AscendC: [_ZN7AscendC4vmulEPN7float165Fp16TES2_S2_m] -> (nil)
AscendC: [_ZN7AscendC4vmulEPN7float165Fp16TES2_S2_hhhhhhh] -> (nil)
AscendC: [_ZN7AscendC4vmulEPN7float165Fp16TES2_S2_hhhhhhhbb] -> (nil)
AscendC: [_ZN7AscendC4vmulEPfS0_S0_m] -> (nil)
AscendC: [_ZN7AscendC4vmulEPfS0_S0_hhhhhhh] -> (nil)
AscendC: [_ZN7AscendC4vmulEPfS0_S0_hhhhhhhbb] -> (nil)
AscendC: [_ZN7AscendC4vmulEPsS0_S0_m] -> (nil)
AscendC: [_ZN7AscendC4vmulEPsS0_S0_hhhhhhh] -> (nil)
AscendC: [_ZN7AscendC4vmulEPsS0_S0_hhhhhhhbb] -> (nil)
AscendC: [_ZN7AscendC4vmulEPiS0_S0_m] -> (nil)
AscendC: [_ZN7AscendC4vmulEPiS0_S0_hhhhhhh] -> (nil)
AscendC: [_ZN7AscendC4vmulEPiS0_S0_hhhhhhhbb] -> (nil)
AscendC: [_ZN7AscendC15vmulconv_f162s8EPaPN7float165Fp16TES3_m] -> (nil)
AscendC: [_ZN7AscendC15vmulconv_f162s8EPaPN7float165Fp16TES3_hhhhhhh] -> (nil)
AscendC: [_ZN7AscendC15vmulconv_f162s8EPaPN7float165Fp16TES3_hhhhhhhbb] -> (nil)
AscendC: [_ZN7AscendC15vmulconv_f162u8EPhPN7float165Fp16TES3_m] -> (nil)
AscendC: [_ZN7AscendC15vmulconv_f162u8EPhPN7float165Fp16TES3_hhhhhhh] -> (nil)
AscendC: [_ZN7AscendC15vmulconv_f162u8EPhPN7float165Fp16TES3_hhhhhhhbb] -> (nil)
AscendC: [_ZN7AscendC5vmulsEPN7float165Fp16TES2_S1_m] -> (nil)
AscendC: [_ZN7AscendC5vmulsEPN7float165Fp16TES2_S1_htthh] -> (nil)
AscendC: [_ZN7AscendC5vmulsEPN7float165Fp16TES2_S1_htthhbb] -> (nil)
AscendC: [_ZN7AscendC5vmulsEPN7float165Fp16TES2_S1_htttt] -> (nil)
AscendC: [_ZN7AscendC5vmulsEPfS0_fm] -> (nil)
AscendC: [_ZN7AscendC5vmulsEPfS0_fhtthh] -> (nil)
AscendC: [_ZN7AscendC5vmulsEPfS0_fhtthhbb] -> (nil)
AscendC: [_ZN7AscendC5vmulsEPfS0_fhtttt] -> (nil)
AscendC: [_ZN7AscendC5vmulsEPsS0_sm] -> (nil)
AscendC: [_ZN7AscendC5vmulsEPsS0_shtthh] -> (nil)
AscendC: [_ZN7AscendC5vmulsEPsS0_shtthhbb] -> (nil)
AscendC: [_ZN7AscendC5vmulsEPsS0_shtttt] -> (nil)
AscendC: [_ZN7AscendC5vmulsEPiS0_im] -> (nil)
AscendC: [_ZN7AscendC5vmulsEPiS0_ihtthh] -> (nil)
AscendC: [_ZN7AscendC5vmulsEPiS0_ihtthhbb] -> (nil)
AscendC: [_ZN7AscendC5vmulsEPiS0_ihtttt] -> (nil)
AscendC: [_ZN7AscendC4vnotEPsS0_m] -> (nil)
AscendC: [_ZN7AscendC4vnotEPsS0_htthh] -> (nil)
AscendC: [_ZN7AscendC4vnotEPsS0_htthhbb] -> (nil)
AscendC: [_ZN7AscendC4vnotEPsS0_htttt] -> (nil)
AscendC: [_ZN7AscendC4vnotEPtS0_m] -> (nil)
AscendC: [_ZN7AscendC4vnotEPtS0_htthh] -> (nil)
AscendC: [_ZN7AscendC4vnotEPtS0_htthhbb] -> (nil)
AscendC: [_ZN7AscendC4vnotEPtS0_htttt] -> (nil)
AscendC: [_ZN7AscendC3vorEPsS0_S0_m] -> (nil)
AscendC: [_ZN7AscendC3vorEPsS0_S0_hhhhhhh] -> (nil)
AscendC: [_ZN7AscendC3vorEPsS0_S0_hhhhhhhbb] -> (nil)
AscendC: [_ZN7AscendC3vorEPtS0_S0_m] -> (nil)
AscendC: [_ZN7AscendC3vorEPtS0_S0_hhhhhhh] -> (nil)
AscendC: [_ZN7AscendC3vorEPtS0_S0_hhhhhhhbb] -> (nil)
AscendC: [_ZN7AscendC8vpaddingEPtS0_m] -> (nil)
AscendC: [_ZN7AscendC8vpaddingEPtS0_htthhbbhb] -> (nil)
AscendC: [_ZN7AscendC8vpaddingEPjS0_m] -> (nil)
AscendC: [_ZN7AscendC8vpaddingEPjS0_htthhbbhb] -> (nil)
AscendC: [_ZN7AscendC4vrecEPN7float165Fp16TES2_m] -> (nil)
AscendC: [_ZN7AscendC4vrecEPN7float165Fp16TES2_htthh] -> (nil)
AscendC: [_ZN7AscendC4vrecEPN7float165Fp16TES2_htthhbb] -> (nil)
AscendC: [_ZN7AscendC4vrecEPN7float165Fp16TES2_htttt] -> (nil)
AscendC: [_ZN7AscendC4vrecEPfS0_m] -> (nil)
AscendC: [_ZN7AscendC4vrecEPfS0_htthh] -> (nil)
AscendC: [_ZN7AscendC4vrecEPfS0_htthhbb] -> (nil)
AscendC: [_ZN7AscendC4vrecEPfS0_htttt] -> (nil)
AscendC: [_ZN7AscendC7vreduceEPtS0_S0_m] -> (nil)
AscendC: [_ZN7AscendC7vreduceEPtS0_S0_hhhhhhh] -> (nil)
AscendC: [_ZN7AscendC7vreduceEPtS0_S0_hhhhh] -> (nil)
AscendC: [_ZN7AscendC7vreduceEPjS0_S0_m] -> (nil)
AscendC: [_ZN7AscendC7vreduceEPjS0_S0_hhhhhhh] -> (nil)
AscendC: [_ZN7AscendC7vreduceEPjS0_S0_hhhhh] -> (nil)
AscendC: [_ZN7AscendC9vreducev2EPtS0_S0_m] -> (nil)
AscendC: [_ZN7AscendC9vreducev2EPtS0_S0_thhth] -> (nil)
AscendC: [_ZN7AscendC9vreducev2EPjS0_S0_m] -> (nil)
AscendC: [_ZN7AscendC9vreducev2EPjS0_S0_thhth] -> (nil)
AscendC: [_ZN7AscendC5vreluEPN7float165Fp16TES2_m] -> (nil)
AscendC: [_ZN7AscendC5vreluEPN7float165Fp16TES2_htthh] -> (nil)
AscendC: [_ZN7AscendC5vreluEPN7float165Fp16TES2_htthhbb] -> (nil)
AscendC: [_ZN7AscendC5vreluEPN7float165Fp16TES2_htttt] -> (nil)
AscendC: [_ZN7AscendC5vreluEPfS0_m] -> (nil)
AscendC: [_ZN7AscendC5vreluEPfS0_htthh] -> (nil)
AscendC: [_ZN7AscendC5vreluEPfS0_htthhbb] -> (nil)
AscendC: [_ZN7AscendC5vreluEPfS0_htttt] -> (nil)
AscendC: [_ZN7AscendC5vreluEPiS0_m] -> (nil)
AscendC: [_ZN7AscendC5vreluEPiS0_htthh] -> (nil)
AscendC: [_ZN7AscendC5vreluEPiS0_htthhbb] -> (nil)
AscendC: [_ZN7AscendC5vreluEPiS0_htttt] -> (nil)
AscendC: [_ZN7AscendC5vrpacEPN7float165Fp16TES2_m] -> (nil)
AscendC: [_ZN7AscendC5vrpacEPN7float165Fp16TES2_htthh] -> (nil)
AscendC: [_ZN7AscendC5vrpacEPN7float165Fp16TES2_htthhbb] -> (nil)
AscendC: [_ZN7AscendC5vrpacEPfS0_m] -> (nil)
AscendC: [_ZN7AscendC5vrpacEPfS0_htthh] -> (nil)
AscendC: [_ZN7AscendC5vrpacEPfS0_htthhbb] -> (nil)
AscendC: [_ZN7AscendC6vrsqrtEPN7float165Fp16TES2_m] -> (nil)
AscendC: [_ZN7AscendC6vrsqrtEPN7float165Fp16TES2_htthh] -> (nil)
AscendC: [_ZN7AscendC6vrsqrtEPN7float165Fp16TES2_htthhbb] -> (nil)
AscendC: [_ZN7AscendC6vrsqrtEPN7float165Fp16TES2_htttt] -> (nil)
AscendC: [_ZN7AscendC6vrsqrtEPfS0_m] -> (nil)
AscendC: [_ZN7AscendC6vrsqrtEPfS0_htthh] -> (nil)
AscendC: [_ZN7AscendC6vrsqrtEPfS0_htthhbb] -> (nil)
AscendC: [_ZN7AscendC6vrsqrtEPfS0_htttt] -> (nil)
AscendC: [_ZN7AscendC8vscatterEPjPtm] -> (nil)
AscendC: [_ZN7AscendC8vscatterEPjPtjb] -> (nil)
AscendC: [_ZN7AscendC8vscatterEPjS0_m] -> (nil)
AscendC: [_ZN7AscendC8vscatterEPjS0_jb] -> (nil)
AscendC: [_ZN7AscendC4vselEPN7float165Fp16TES2_S2_m] -> (nil)
AscendC: [_ZN7AscendC4vselEPN7float165Fp16TES2_Pvm] -> (nil)
AscendC: [_ZN7AscendC4vselEPN7float165Fp16TES2_Pvhhhhhhh] -> (nil)
AscendC: [_ZN7AscendC4vselEPN7float165Fp16TES2_Pvhhhhhhhhbb] -> (nil)
AscendC: [_ZN7AscendC4vselEPN7float165Fp16TES2_Pvhhhhhhhh] -> (nil)
AscendC: [_ZN7AscendC4vselEPN7float165Fp16TES2_S2_hhhhhhh] -> (nil)
AscendC: [_ZN7AscendC4vselEPN7float165Fp16TES2_S2_hhhhhhhhbb] -> (nil)
AscendC: [_ZN7AscendC4vselEPN7float165Fp16TES2_S2_hhhhhhhh] -> (nil)
AscendC: [_ZN7AscendC4vselEPfS0_S0_m] -> (nil)
AscendC: [_ZN7AscendC4vselEPfS0_Pvm] -> (nil)
AscendC: [_ZN7AscendC4vselEPfS0_Pvhhhhhhh] -> (nil)
AscendC: [_ZN7AscendC4vselEPfS0_Pvhhhhhhhhbb] -> (nil)
AscendC: [_ZN7AscendC4vselEPfS0_Pvhhhhhhhh] -> (nil)
AscendC: [_ZN7AscendC4vselEPfS0_S0_hhhhhhh] -> (nil)
AscendC: [_ZN7AscendC4vselEPfS0_S0_hhhhhhhhbb] -> (nil)
AscendC: [_ZN7AscendC4vselEPfS0_S0_hhhhhhhh] -> (nil)
AscendC: [_ZN7AscendC4vshlEPsS0_jm] -> (nil)
AscendC: [_ZN7AscendC4vshlEPsS0_jhtthh] -> (nil)
AscendC: [_ZN7AscendC4vshlEPsS0_jhtthhbb] -> (nil)
AscendC: [_ZN7AscendC4vshlEPsS0_jhtttt] -> (nil)
AscendC: [_ZN7AscendC4vshlEPiS0_jm] -> (nil)
AscendC: [_ZN7AscendC4vshlEPiS0_jhtthh] -> (nil)
AscendC: [_ZN7AscendC4vshlEPiS0_jhtthhbb] -> (nil)
AscendC: [_ZN7AscendC4vshlEPiS0_jhtttt] -> (nil)
AscendC: [_ZN7AscendC4vshlEPtS0_jm] -> (nil)
AscendC: [_ZN7AscendC4vshlEPtS0_jhtthh] -> (nil)
AscendC: [_ZN7AscendC4vshlEPtS0_jhtthhbb] -> (nil)
AscendC: [_ZN7AscendC4vshlEPtS0_jhtttt] -> (nil)
AscendC: [_ZN7AscendC4vshlEPjS0_jm] -> (nil)
AscendC: [_ZN7AscendC4vshlEPjS0_jhtthh] -> (nil)
AscendC: [_ZN7AscendC4vshlEPjS0_jhtthhbb] -> (nil)
AscendC: [_ZN7AscendC4vshlEPjS0_jhtttt] -> (nil)
AscendC: [_ZN7AscendC4vshrEPsS0_imb] -> (nil)
AscendC: [_ZN7AscendC4vshrEPsS0_ihtthhbbb] -> (nil)
AscendC: [_ZN7AscendC4vshrEPsS0_ihttttb] -> (nil)
AscendC: [_ZN7AscendC4vshrEPiS0_imb] -> (nil)
AscendC: [_ZN7AscendC4vshrEPiS0_ihtthhbbb] -> (nil)
AscendC: [_ZN7AscendC4vshrEPiS0_ihttttb] -> (nil)
AscendC: [_ZN7AscendC4vshrEPtS0_jmb] -> (nil)
AscendC: [_ZN7AscendC4vshrEPtS0_jhtthhbbb] -> (nil)
AscendC: [_ZN7AscendC4vshrEPtS0_jhttttb] -> (nil)
AscendC: [_ZN7AscendC4vshrEPjS0_jmb] -> (nil)
AscendC: [_ZN7AscendC4vshrEPjS0_jhtthhbbb] -> (nil)
AscendC: [_ZN7AscendC4vshrEPjS0_jhttttb] -> (nil)
AscendC: [_ZN7AscendC5vsortEPN7float165Fp16TES2_m] -> (nil)
AscendC: [_ZN7AscendC5vsortEPN7float165Fp16TES2_h] -> (nil)
AscendC: [_ZN7AscendC5vsortEPfS0_m] -> (nil)
AscendC: [_ZN7AscendC5vsortEPfS0_h] -> (nil)
AscendC: [_ZN7AscendC5vsqrtEPN7float165Fp16TES2_m] -> (nil)
AscendC: [_ZN7AscendC5vsqrtEPN7float165Fp16TES2_htthh] -> (nil)
AscendC: [_ZN7AscendC5vsqrtEPN7float165Fp16TES2_htthhbb] -> (nil)
AscendC: [_ZN7AscendC5vsqrtEPN7float165Fp16TES2_htttt] -> (nil)
AscendC: [_ZN7AscendC5vsqrtEPfS0_m] -> (nil)
AscendC: [_ZN7AscendC5vsqrtEPfS0_htthh] -> (nil)
AscendC: [_ZN7AscendC5vsqrtEPfS0_htthhbb] -> (nil)
AscendC: [_ZN7AscendC5vsqrtEPfS0_htttt] -> (nil)
AscendC: [_ZN7AscendC4vsubEPN7float165Fp16TES2_S2_m] -> (nil)
AscendC: [_ZN7AscendC4vsubEPN7float165Fp16TES2_S2_hhhhhhh] -> (nil)
AscendC: [_ZN7AscendC4vsubEPN7float165Fp16TES2_S2_hhhhhhhbb] -> (nil)
AscendC: [_ZN7AscendC4vsubEPfS0_S0_m] -> (nil)
AscendC: [_ZN7AscendC4vsubEPfS0_S0_hhhhhhh] -> (nil)
AscendC: [_ZN7AscendC4vsubEPfS0_S0_hhhhhhhbb] -> (nil)
AscendC: [_ZN7AscendC4vsubEPsS0_S0_m] -> (nil)
AscendC: [_ZN7AscendC4vsubEPsS0_S0_hhhhhhh] -> (nil)
AscendC: [_ZN7AscendC4vsubEPsS0_S0_hhhhhhhbb] -> (nil)
AscendC: [_ZN7AscendC4vsubEPiS0_S0_m] -> (nil)
AscendC: [_ZN7AscendC4vsubEPiS0_S0_hhhhhhh] -> (nil)
AscendC: [_ZN7AscendC4vsubEPiS0_S0_hhhhhhhbb] -> (nil)
AscendC: [_ZN7AscendC8vsubreluEPN7float165Fp16TES2_S2_m] -> (nil)
AscendC: [_ZN7AscendC8vsubreluEPN7float165Fp16TES2_S2_hhhhhhhbb] -> (nil)
AscendC: [_ZN7AscendC8vsubreluEPN7float165Fp16TES2_S2_hhhhhhh] -> (nil)
AscendC: [_ZN7AscendC8vsubreluEPfS0_S0_m] -> (nil)
AscendC: [_ZN7AscendC8vsubreluEPfS0_S0_hhhhhhhbb] -> (nil)
AscendC: [_ZN7AscendC8vsubreluEPfS0_S0_hhhhhhh] -> (nil)
AscendC: [_ZN7AscendC8vsubreluEPsS0_S0_m] -> (nil)
AscendC: [_ZN7AscendC8vsubreluEPsS0_S0_hhhhhhhbb] -> (nil)
AscendC: [_ZN7AscendC8vsubreluEPsS0_S0_hhhhhhh] -> (nil)
AscendC: [_ZN7AscendC19vsubreluconv_f162s8EPaPN7float165Fp16TES3_mb] -> (nil)
AscendC: [_ZN7AscendC19vsubreluconv_f162s8EPaPN7float165Fp16TES3_hhhhhhhbbb] -> (nil)
AscendC: [_ZN7AscendC19vsubreluconv_f162s8EPaPN7float165Fp16TES3_hhhhhhhb] -> (nil)
AscendC: [_ZN7AscendC20vsubreluconv_f322f16EPN7float165Fp16TEPfS3_mb] -> (nil)
AscendC: [_ZN7AscendC20vsubreluconv_f322f16EPN7float165Fp16TEPfS3_hhhhhhhbbb] -> (nil)
AscendC: [_ZN7AscendC20vsubreluconv_f322f16EPN7float165Fp16TEPfS3_hhhhhhhb] -> (nil)
AscendC: [_ZN7AscendC19vsubreluconv_s162s8EPaPsS1_mb] -> (nil)
AscendC: [_ZN7AscendC19vsubreluconv_s162s8EPaPsS1_hhhhhhhbbb] -> (nil)
AscendC: [_ZN7AscendC19vsubreluconv_s162s8EPaPsS1_hhhhhhhb] -> (nil)
AscendC: [_ZN7AscendC23vsubreluconv_vdeqs162b8EPaPsS1_mb] -> (nil)
AscendC: [_ZN7AscendC23vsubreluconv_vdeqs162b8EPhPsS1_mb] -> (nil)
AscendC: [_ZN7AscendC23vsubreluconv_vdeqs162b8EPhPsS1_hhhhhhhbbb] -> (nil)
AscendC: [_ZN7AscendC23vsubreluconv_vdeqs162b8EPhPsS1_hhhhhhhb] -> (nil)
AscendC: [_ZN7AscendC23vsubreluconv_vdeqs162b8EPaPsS1_hhhhhhhbbb] -> (nil)
AscendC: [_ZN7AscendC23vsubreluconv_vdeqs162b8EPaPsS1_hhhhhhhb] -> (nil)
AscendC: [_ZN7AscendC10vtransposeEPsS0_] -> (nil)
AscendC: [_ZN7AscendC10vtransposeEPtS0_] -> 0xe7fff2cae3b0
AscendC: [_ZN7AscendC9wait_flagE6pipe_tS0_7event_t] -> 0xe7fff2c6b208
AscendC: [_ZN7AscendC9wait_flagE6pipe_t7event_t] -> (nil)
AscendC: [_ZN7AscendC9wait_flagE6pipe_tS0_m] -> 0xe7fff2c6bc08
AscendC: [_ZN7AscendC9wait_flagE6pipe_tm] -> (nil)
AscendC: [_ZN7AscendC13wait_flag_devEl] -> (nil)
AscendC: [_ZN7AscendC13winograd_convEPiPsPam] -> (nil)
AscendC: [_ZN7AscendC13winograd_convEPiPsPattthhhb] -> (nil)
AscendC: [_ZN7AscendC13winograd_convEPiPaS1_m] -> (nil)
AscendC: [_ZN7AscendC13winograd_convEPiPaS1_ttthhhb] -> (nil)
AscendC: [_ZN7AscendC13get_workspaceEi] -> 0xe7fff2c6a6a8
AscendC: [_ZN7AscendC13set_core_typeEi] -> 0xe7fff2c6a730
AscendC: [_ZN7AscendC15get_process_numEv] -> 0xe7fff2c6a740
AscendC: [_ZN7AscendC13set_block_dimEi] -> 0xe7fff2c6a750
AscendC: [_ZN7AscendC18AscendCKernelBeginEPKciPm] -> (nil)
AscendC: [_ZN7AscendC16AscendCKernelEndEPKciPm] -> (nil)
AscendC: [_ZN7AscendC17AscendCBlockBeginEiPKciPKm] -> (nil)
AscendC: [_ZN7AscendC15AscendCBlockEndEiPKciPKm] -> (nil)
AscendC: [_ZN7AscendC22AscendCEnInterruptExitEv] -> (nil)
AscendC: [_ZN7AscendC16AscendCQueCreateEhhh] -> (nil)
AscendC: [_ZN7AscendC14AscendCBufInitEhhhmm] -> (nil)
AscendC: [_ZN7AscendC15AscendCBufAllocEhhmm] -> (nil)
AscendC: [_ZN7AscendC14AscendCBufFreeEhhmm] -> (nil)
AscendC: [_ZN7AscendC15AscendCBufEnqueEhhhm] -> (nil)
AscendC: [_ZN7AscendC15AscendCBufDequeEhhhm] -> (nil)
AscendC: [_ZN7AscendC17AscendCBufAbsAddrEhmm] -> (nil)
AscendC: [_ZN7AscendC13AscendCBufGetEhhmm] -> (nil)
AscendC: [_ZN7AscendC19AscendCTBufPoolInitEhmmm] -> (nil)
AscendC: [_ZN7AscendC27AscendCUpdateTbufPoolStatusEmb] -> (nil)
AscendC: [_ZN7AscendC26AscendCRecordPoolHierarchyEmm] -> (nil)
AscendC: [_ZN7AscendC25AscendCTBufPoolResetCheckEhmmm] -> (nil)
AscendC: [_ZN7AscendC12batch_offsetEmm] -> (nil)
AscendC: [_ZN7AscendC12wait_and_setEPvS0_mm] -> (nil)
AscendC: [_ZN7AscendC9wait_syncEPvS0_S0_] -> (nil)
AscendC: [_ZN7AscendC11set_tensoraEPvS0_] -> (nil)
AscendC: [_ZN7AscendC11set_tensorbEPv] -> (nil)
AscendC: [_ZN7AscendC11get_tensorcEPv] -> (nil)
AscendC: [_ZN7AscendC13__ib_set_stubEiib] -> (nil)
AscendC: [_ZN7AscendC14__ib_wait_stubEiib] -> (nil)
AscendC: [_ZN7AscendC15__sync_all_stubEib] -> (nil)
cceprint: [_ZN8cceprint5bcnt0Em] -> 0xe7fff3dead20
cceprint: [_ZN8cceprint5bcnt1Em] -> 0xe7fff3dead6c
cceprint: [_ZN8cceprint18broadcast_ub_to_ccEPN7float165Fp16TES2_m] -> 0xe7fff3deadb8
cceprint: [_ZN8cceprint18broadcast_ub_to_ccEPN7float165Fp16TES2_hhhh] -> 0xe7fff3deaec0
cceprint: [_ZN8cceprint18broadcast_ub_to_ccEPN7float165Fp16TES2_hhhhb] -> 0xe7fff3deb0a0
cceprint: [_ZN8cceprint18broadcast_ub_to_ccEPfS0_m] -> 0xe7fff3deb2bc
cceprint: [_ZN8cceprint18broadcast_ub_to_ccEPfS0_hhhh] -> 0xe7fff3deb3c4
cceprint: [_ZN8cceprint18broadcast_ub_to_ccEPfS0_hhhhb] -> 0xe7fff3deb5a4
cceprint: [_ZN8cceprint18broadcast_ub_to_ccEPfPN7float165Fp16TEm] -> 0xe7fff3deb7c0
cceprint: [_ZN8cceprint18broadcast_ub_to_ccEPfPN7float165Fp16TEhhhh] -> 0xe7fff3deb8c8
cceprint: [_ZN8cceprint18broadcast_ub_to_ccEPfPN7float165Fp16TEhhhhb] -> 0xe7fff3debaa8
cceprint: [_ZN8cceprint18broadcast_ub_to_ccEPiS0_m] -> 0xe7fff3debcc4
cceprint: [_ZN8cceprint18broadcast_ub_to_ccEPiS0_hhhh] -> 0xe7fff3debdcc
cceprint: [_ZN8cceprint18broadcast_ub_to_ccEPiS0_hhhhb] -> 0xe7fff3debfac
cceprint: [_ZN8cceprint3clzEm] -> 0xe7fff3dec1c8
cceprint: [_ZN8cceprint7col2imgEPN7float165Fp16TES2_mm] -> 0xe7fff3dec214
cceprint: [_ZN8cceprint7col2imgEPN7float165Fp16TES2_shhshhhhhhhb] -> 0xe7fff3dec364
cceprint: [_ZN8cceprint7col2imgEPfS0_mm] -> 0xe7fff3dec748
cceprint: [_ZN8cceprint7col2imgEPfS0_shhshhhhhhhb] -> 0xe7fff3dec898
cceprint: [_ZN8cceprint17compress_ub_to_gmEPhS0_S0_l] -> 0xe7fff3decc7c
cceprint: [_ZN8cceprint17compress_ub_to_gmEPhS0_S0_tbhh] -> 0xe7fff3dece60
cceprint: [_ZN8cceprint17compress_ub_to_gmEPN7float165Fp16TES2_S2_l] -> 0xe7fff3ded110
cceprint: [_ZN8cceprint17compress_ub_to_gmEPN7float165Fp16TES2_S2_tbhh] -> 0xe7fff3ded2f4
cceprint: [_ZN8cceprint13conv_f322f16oEf] -> 0xe7fff3ded5a4
cceprint: [_ZN8cceprint13conv_f322s32aEf] -> 0xe7fff3ded644
cceprint: [_ZN8cceprint13conv_f322s32cEf] -> 0xe7fff3ded690
cceprint: [_ZN8cceprint13conv_f322s32fEf] -> 0xe7fff3ded6dc
cceprint: [_ZN8cceprint13conv_f322s32rEf] -> 0xe7fff3ded728
cceprint: [_ZN8cceprint15copy_cbuf_to_btEmPvm] -> 0xe7fff3ded774
cceprint: [_ZN8cceprint15copy_cbuf_to_btEmPvttttt] -> 0xe7fff3ded888
cceprint: [_ZN8cceprint17copy_cbuf_to_fbufEPvS0_m] -> 0xe7fff3deda80
cceprint: [_ZN8cceprint17copy_cbuf_to_fbufEPvS0_tttt] -> 0xe7fff3dedb88
cceprint: [_ZN8cceprint15copy_cbuf_to_gmEPvS0_m] -> 0xe7fff3dedd38
cceprint: [_ZN8cceprint15copy_cbuf_to_gmEPvS0_htttt] -> 0xe7fff3dedeb8
cceprint: [_ZN8cceprint21copy_cbuf_to_gm_alignEPN7float165Fp16TES2_htjjj] -> 0xe7fff3dee128
cceprint: [_ZN8cceprint21copy_cbuf_to_gm_alignEPfS0_htjjj] -> 0xe7fff3dee398
cceprint: [_ZN8cceprint21copy_cbuf_to_gm_alignEPsS0_htjjj] -> 0xe7fff3dee608
cceprint: [_ZN8cceprint21copy_cbuf_to_gm_alignEPiS0_htjjj] -> 0xe7fff3dee878
cceprint: [_ZN8cceprint21copy_cbuf_to_gm_alignEPaS0_htjjj] -> 0xe7fff3deeae8
cceprint: [_ZN8cceprint21copy_cbuf_to_gm_alignEPtS0_htjjj] -> 0xe7fff3deed58
cceprint: [_ZN8cceprint21copy_cbuf_to_gm_alignEPjS0_htjjj] -> 0xe7fff3deefc8
cceprint: [_ZN8cceprint21copy_cbuf_to_gm_alignEPhS0_htjjj] -> 0xe7fff3def238
cceprint: [_ZN8cceprint17copy_cbuf_to_ubufEPvS0_m] -> 0xe7fff3def4a8
cceprint: [_ZN8cceprint17copy_cbuf_to_ubufEPvS0_htttt] -> 0xe7fff3def5b0
cceprint: [_ZN8cceprint25copy_depthwise_cc_to_ubufEPN7float165Fp16TES2_m10ConvRelu_t] -> 0xe7fff3def7a8
cceprint: [_ZN8cceprint25copy_depthwise_cc_to_ubufEPN7float165Fp16TES2_htttt10ConvRelu_t] -> 0xe7fff3def8f8
cceprint: [_ZN8cceprint25copy_depthwise_cc_to_ubufEPfPN7float165Fp16TEm10ConvRelu_t] -> 0xe7fff3defb38
cceprint: [_ZN8cceprint25copy_depthwise_cc_to_ubufEPfPN7float165Fp16TEhtttt10ConvRelu_t] -> 0xe7fff3defc88
cceprint: [_ZN8cceprint25copy_depthwise_cc_to_ubufEPN7float165Fp16TEPfm10ConvRelu_t] -> 0xe7fff3defec8
cceprint: [_ZN8cceprint25copy_depthwise_cc_to_ubufEPN7float165Fp16TEPfhtttt10ConvRelu_t] -> 0xe7fff3df0018
cceprint: [_ZN8cceprint25copy_depthwise_cc_to_ubufEPfS0_m10ConvRelu_t] -> 0xe7fff3df0258
cceprint: [_ZN8cceprint25copy_depthwise_cc_to_ubufEPfS0_htttt10ConvRelu_t] -> 0xe7fff3df03a8
cceprint: [_ZN8cceprint15copy_gm_to_cbufEPvS0_m5pad_t] -> 0xe7fff3df05e8
cceprint: [_ZN8cceprint15copy_gm_to_cbufEPvS0_htttt5pad_t] -> 0xe7fff3df07b0
cceprint: [_ZN8cceprint31copy_gm_to_cbuf_multi_nd2nz_b16EPN7float165Fp16TES2_mm] -> 0xe7fff3df0a68
cceprint: [_ZN8cceprint31copy_gm_to_cbuf_multi_nd2nz_b16EPN7float165Fp16TES2_htttttttt] -> 0xe7fff3df0c30
cceprint: [_ZN8cceprint31copy_gm_to_cbuf_multi_nd2nz_b16EPN8bfloat165Bf16TES2_mm] -> 0xe7fff3df0f84
cceprint: [_ZN8cceprint31copy_gm_to_cbuf_multi_nd2nz_b16EPN8bfloat165Bf16TES2_htttttttt] -> 0xe7fff3df114c
cceprint: [_ZN8cceprint31copy_gm_to_cbuf_multi_nd2nz_b16EPsS0_mm] -> 0xe7fff3df14a0
cceprint: [_ZN8cceprint31copy_gm_to_cbuf_multi_nd2nz_b16EPsS0_htttttttt] -> 0xe7fff3df1668
cceprint: [_ZN8cceprint31copy_gm_to_cbuf_multi_nd2nz_b16EPtS0_mm] -> 0xe7fff3df19bc
cceprint: [_ZN8cceprint31copy_gm_to_cbuf_multi_nd2nz_b16EPtS0_htttttttt] -> 0xe7fff3df1b84
cceprint: [_ZN8cceprint32copy_gm_to_cbuf_multi_nd2nz_b32sEPfS0_mm] -> 0xe7fff3df1ed8
cceprint: [_ZN8cceprint32copy_gm_to_cbuf_multi_nd2nz_b32sEPfS0_htttttttt] -> 0xe7fff3df20a0
cceprint: [_ZN8cceprint32copy_gm_to_cbuf_multi_nd2nz_b32sEPiS0_mm] -> 0xe7fff3df23f4
cceprint: [_ZN8cceprint32copy_gm_to_cbuf_multi_nd2nz_b32sEPiS0_htttttttt] -> 0xe7fff3df25bc
cceprint: [_ZN8cceprint32copy_gm_to_cbuf_multi_nd2nz_b32sEPjS0_mm] -> 0xe7fff3df2910
cceprint: [_ZN8cceprint32copy_gm_to_cbuf_multi_nd2nz_b32sEPjS0_htttttttt] -> 0xe7fff3df2ad8
cceprint: [_ZN8cceprint30copy_gm_to_cbuf_multi_nd2nz_b8EPaS0_mm] -> 0xe7fff3df2e2c
cceprint: [_ZN8cceprint30copy_gm_to_cbuf_multi_nd2nz_b8EPaS0_htttttttt] -> 0xe7fff3df2ff4
cceprint: [_ZN8cceprint30copy_gm_to_cbuf_multi_nd2nz_b8EPhS0_mm] -> 0xe7fff3df3348
cceprint: [_ZN8cceprint30copy_gm_to_cbuf_multi_nd2nz_b8EPhS0_htttttttt] -> 0xe7fff3df3510
cceprint: [_ZN8cceprint15copy_gm_to_ubufEPvS0_m] -> 0xe7fff3df3864
cceprint: [_ZN8cceprint15copy_gm_to_ubufEPvS0_htttt] -> 0xe7fff3df39e4
cceprint: [_ZN8cceprint25copy_gm_to_ubuf_align_b16EPvS0_mm] -> 0xe7fff3df3c54
cceprint: [_ZN8cceprint25copy_gm_to_ubuf_align_b16EPvS0_htjhhjj] -> 0xe7fff3df3e1c
cceprint: [_ZN8cceprint25copy_gm_to_ubuf_align_b32EPvS0_mm] -> 0xe7fff3df4118
cceprint: [_ZN8cceprint25copy_gm_to_ubuf_align_b32EPvS0_htjhhjj] -> 0xe7fff3df42e0
cceprint: [_ZN8cceprint24copy_gm_to_ubuf_align_b8EPvS0_mm] -> 0xe7fff3df45dc
cceprint: [_ZN8cceprint24copy_gm_to_ubuf_align_b8EPvS0_htjhhjj] -> 0xe7fff3df47a4
cceprint: [_ZN8cceprint21copy_gm_to_ubuf_alignEPaS0_htjhhjj] -> 0xe7fff3df4aa0
cceprint: [_ZN8cceprint21copy_gm_to_ubuf_alignEPhS0_htjhhjj] -> 0xe7fff3df4d9c
cceprint: [_ZN8cceprint21copy_gm_to_ubuf_alignEPsS0_htjhhjj] -> 0xe7fff3df5098
cceprint: [_ZN8cceprint21copy_gm_to_ubuf_alignEPtS0_htjhhjj] -> 0xe7fff3df5394
cceprint: [_ZN8cceprint21copy_gm_to_ubuf_alignEPN7float165Fp16TES2_htjhhjj] -> 0xe7fff3df5690
cceprint: [_ZN8cceprint21copy_gm_to_ubuf_alignEPiS0_htjhhjj] -> 0xe7fff3df598c
cceprint: [_ZN8cceprint21copy_gm_to_ubuf_alignEPjS0_htjhhjj] -> 0xe7fff3df5c88
cceprint: [_ZN8cceprint21copy_gm_to_ubuf_alignEPfS0_htjhhjj] -> 0xe7fff3df5f84
cceprint: [_ZN8cceprint21copy_gm_to_cbuf_alignEPaS0_htjhhjj] -> 0xe7fff3df6280
cceprint: [_ZN8cceprint21copy_gm_to_cbuf_alignEPhS0_htjhhjj] -> 0xe7fff3df657c
cceprint: [_ZN8cceprint21copy_gm_to_cbuf_alignEPsS0_htjhhjj] -> 0xe7fff3df6878
cceprint: [_ZN8cceprint21copy_gm_to_cbuf_alignEPtS0_htjhhjj] -> 0xe7fff3df6b74
cceprint: [_ZN8cceprint21copy_gm_to_cbuf_alignEPN7float165Fp16TES2_htjhhjj] -> 0xe7fff3df6e70
cceprint: [_ZN8cceprint21copy_gm_to_cbuf_alignEPiS0_htjhhjj] -> 0xe7fff3df716c
cceprint: [_ZN8cceprint21copy_gm_to_cbuf_alignEPjS0_htjhhjj] -> 0xe7fff3df7468
cceprint: [_ZN8cceprint21copy_gm_to_cbuf_alignEPfS0_htjhhjj] -> 0xe7fff3df7764
cceprint: [_ZN8cceprint23copy_gm_to_ubuf_pad_b16EPvS0_mm] -> 0xe7fff3df7a60
cceprint: [_ZN8cceprint23copy_gm_to_ubuf_pad_b16EPvS0_htttthh] -> 0xe7fff3df7c28
cceprint: [_ZN8cceprint23copy_gm_to_ubuf_pad_b32EPvS0_mm] -> 0xe7fff3df7f24
cceprint: [_ZN8cceprint23copy_gm_to_ubuf_pad_b32EPvS0_htttthh] -> 0xe7fff3df80ec
cceprint: [_ZN8cceprint22copy_gm_to_ubuf_pad_b8EPvS0_mm] -> 0xe7fff3df83e8
cceprint: [_ZN8cceprint22copy_gm_to_ubuf_pad_b8EPvS0_htttthh] -> 0xe7fff3df85b0
cceprint: [_ZN8cceprint22copy_matrix_cbuf_to_ccEPN7float165Fp16TES2_m] -> 0xe7fff3df88ac
cceprint: [_ZN8cceprint22copy_matrix_cbuf_to_ccEPN7float165Fp16TES2_tttt] -> 0xe7fff3df89b4
cceprint: [_ZN8cceprint22copy_matrix_cbuf_to_ccEPN7float165Fp16TEPfm] -> 0xe7fff3df8b64
cceprint: [_ZN8cceprint22copy_matrix_cbuf_to_ccEPN7float165Fp16TEPftttt] -> 0xe7fff3df8c6c
cceprint: [_ZN8cceprint22copy_matrix_cbuf_to_ccEPN8bfloat165Bf16TES2_m] -> 0xe7fff3df8e1c
cceprint: [_ZN8cceprint22copy_matrix_cbuf_to_ccEPN8bfloat165Bf16TES2_tttt] -> 0xe7fff3df8f24
cceprint: [_ZN8cceprint22copy_matrix_cbuf_to_ccEPN8bfloat165Bf16TEPfm] -> 0xe7fff3df90d4
cceprint: [_ZN8cceprint22copy_matrix_cbuf_to_ccEPN8bfloat165Bf16TEPftttt] -> 0xe7fff3df91dc
cceprint: [_ZN8cceprint22copy_matrix_cbuf_to_ccEPfS0_m] -> 0xe7fff3df938c
cceprint: [_ZN8cceprint22copy_matrix_cbuf_to_ccEPfS0_tttt] -> 0xe7fff3df9494
cceprint: [_ZN8cceprint22copy_matrix_cbuf_to_ccEPiS0_m] -> 0xe7fff3df9644
cceprint: [_ZN8cceprint22copy_matrix_cbuf_to_ccEPiS0_tttt] -> 0xe7fff3df974c
cceprint: [_ZN8cceprint22copy_matrix_cbuf_to_ccEPjS0_m] -> 0xe7fff3df98fc
cceprint: [_ZN8cceprint22copy_matrix_cbuf_to_ccEPjS0_tttt] -> 0xe7fff3df9a04
cceprint: [_ZN8cceprint22copy_matrix_cc_to_cbufEPN7float165Fp16TEPfmm] -> 0xe7fff3df9bb4
cceprint: [_ZN8cceprint22copy_matrix_cc_to_cbufEPN7float165Fp16TEPfhttjthh11QuantMode_thbbb] -> 0xe7fff3df9d04
cceprint: [_ZN8cceprint22copy_matrix_cc_to_cbufEPN7float165Fp16TEPfhttjthh11QuantMode_thbb14QuantMode_posthbhhb] -> 0xe7fff3dfa0b8
cceprint: [_ZN8cceprint22copy_matrix_cc_to_cbufEPN7float165Fp16TEPfhttjth11QuantMode_thbb] -> 0xe7fff3dfa5b4
cceprint: [_ZN8cceprint22copy_matrix_cc_to_cbufEPN8bfloat165Bf16TEPfhttjth11QuantMode_thbb] -> 0xe7fff3dfa8ec
cceprint: [_ZN8cceprint22copy_matrix_cc_to_cbufEPN8bfloat165Bf16TEPfhttjthh11QuantMode_thbbb] -> 0xe7fff3dfac24
cceprint: [_ZN8cceprint22copy_matrix_cc_to_cbufEPfS0_mm] -> 0xe7fff3dfafd8
cceprint: [_ZN8cceprint22copy_matrix_cc_to_cbufEPaPfmm] -> 0xe7fff3dfb128
cceprint: [_ZN8cceprint22copy_matrix_cc_to_cbufEPaPfhttjthh11QuantMode_thbbb] -> 0xe7fff3dfb278
cceprint: [_ZN8cceprint22copy_matrix_cc_to_cbufEPaPfhttjthh11QuantMode_thbb14QuantMode_posthbhhb] -> 0xe7fff3dfb62c
cceprint: [_ZN8cceprint22copy_matrix_cc_to_cbufEPaPfhttjth11QuantMode_thbb] -> 0xe7fff3dfbb28
cceprint: [_ZN8cceprint22copy_matrix_cc_to_cbufEPhPfmm] -> 0xe7fff3dfbe60
cceprint: [_ZN8cceprint22copy_matrix_cc_to_cbufEPhPfhttjthh11QuantMode_thbbb] -> 0xe7fff3dfbfb0
cceprint: [_ZN8cceprint22copy_matrix_cc_to_cbufEPhPfhttjthh11QuantMode_thbb14QuantMode_posthbhhb] -> 0xe7fff3dfc364
cceprint: [_ZN8cceprint22copy_matrix_cc_to_cbufEPfS0_httjthh11QuantMode_thbbb] -> 0xe7fff3dfc860
cceprint: [_ZN8cceprint22copy_matrix_cc_to_cbufEPfS0_httjthh11QuantMode_thbb14QuantMode_posthbhhb] -> 0xe7fff3dfcc14
cceprint: [_ZN8cceprint22copy_matrix_cc_to_cbufEPiS0_mm] -> 0xe7fff3dfd110
cceprint: [_ZN8cceprint22copy_matrix_cc_to_cbufEPN7float165Fp16TEPimm] -> 0xe7fff3dfd260
cceprint: [_ZN8cceprint22copy_matrix_cc_to_cbufEPN7float165Fp16TEPihttjthh11QuantMode_thbbb] -> 0xe7fff3dfd3b0
cceprint: [_ZN8cceprint22copy_matrix_cc_to_cbufEPN7float165Fp16TEPihttjthh11QuantMode_thbb14QuantMode_posthbhhb] -> 0xe7fff3dfd764
cceprint: [_ZN8cceprint22copy_matrix_cc_to_cbufEPN7float165Fp16TEPihttjth11QuantMode_thbb] -> 0xe7fff3dfdc60
cceprint: [_ZN8cceprint22copy_matrix_cc_to_cbufEPsPimm] -> 0xe7fff3dfdf98
cceprint: [_ZN8cceprint22copy_matrix_cc_to_cbufEPsPihttjth11QuantMode_thbb] -> 0xe7fff3dfe0e8
cceprint: [_ZN8cceprint22copy_matrix_cc_to_cbufEPaPimm] -> 0xe7fff3dfe420
cceprint: [_ZN8cceprint22copy_matrix_cc_to_cbufEPaPihttjthh11QuantMode_thbbb] -> 0xe7fff3dfe570
cceprint: [_ZN8cceprint22copy_matrix_cc_to_cbufEPaPihttjthh11QuantMode_thbb14QuantMode_posthbhhb] -> 0xe7fff3dfe924
cceprint: [_ZN8cceprint22copy_matrix_cc_to_cbufEPaPihttjth11QuantMode_thbb] -> 0xe7fff3dfee20
cceprint: [_ZN8cceprint22copy_matrix_cc_to_cbufEPhPimm] -> 0xe7fff3dff158
cceprint: [_ZN8cceprint22copy_matrix_cc_to_cbufEPhPihttjthh11QuantMode_thbbb] -> 0xe7fff3dff2a8
cceprint: [_ZN8cceprint22copy_matrix_cc_to_cbufEPhPihttjthh11QuantMode_thbb14QuantMode_posthbhhb] -> 0xe7fff3dff65c
cceprint: [_ZN8cceprint22copy_matrix_cc_to_cbufEPhPihttjth11QuantMode_thbb] -> 0xe7fff3dffb58
cceprint: [_ZN8cceprint22copy_matrix_cc_to_cbufEPiS0_httjthh11QuantMode_thbbb] -> 0xe7fff3dffe90
cceprint: [_ZN8cceprint22copy_matrix_cc_to_cbufEPiS0_httjthh11QuantMode_thbb14QuantMode_posthbhhb] -> 0xe7fff3e00244
cceprint: [_ZN8cceprint25copy_matrix_cc_to_cbuf_b4EPvPfmm] -> 0xe7fff3e00740
cceprint: [_ZN8cceprint25copy_matrix_cc_to_cbuf_b4EPvPfhttjth11QuantMode_thbb] -> 0xe7fff3e00890
cceprint: [_ZN8cceprint25copy_matrix_cc_to_cbuf_b4EPvPimm] -> 0xe7fff3e00bc8
cceprint: [_ZN8cceprint25copy_matrix_cc_to_cbuf_b4EPvPihttjth11QuantMode_thbb] -> 0xe7fff3e00d18
cceprint: [_ZN8cceprint27copy_matrix_cc_to_cbuf_bf16EPtPfmm] -> 0xe7fff3e01050
cceprint: [_ZN8cceprint27copy_matrix_cc_to_cbuf_bf16EPtPfhttjthh11QuantMode_thbbb] -> 0xe7fff3e011a0
cceprint: [_ZN8cceprint27copy_matrix_cc_to_cbuf_bf16EPtPfhttjthh11QuantMode_thbb14QuantMode_posthbhhb] -> 0xe7fff3e01554
cceprint: [_ZN8cceprint27copy_matrix_cc_to_cbuf_bf16EPtPfhttjth11QuantMode_thbb] -> 0xe7fff3e01a50
cceprint: [_ZN8cceprint25copy_matrix_cc_to_cbuf_s4EPvPfmm] -> 0xe7fff3e01d88
cceprint: [_ZN8cceprint25copy_matrix_cc_to_cbuf_s4EPvPfhttjthh11QuantMode_thbbb] -> 0xe7fff3e01ed8
cceprint: [_ZN8cceprint25copy_matrix_cc_to_cbuf_s4EPvPfhttjthh11QuantMode_thbb14QuantMode_posthbhhb] -> 0xe7fff3e0228c
cceprint: [_ZN8cceprint25copy_matrix_cc_to_cbuf_s4EPvPimm] -> 0xe7fff3e02788
cceprint: [_ZN8cceprint25copy_matrix_cc_to_cbuf_s4EPvPihttjthh11QuantMode_thbbb] -> 0xe7fff3e028d8
cceprint: [_ZN8cceprint25copy_matrix_cc_to_cbuf_s4EPvPihttjthh11QuantMode_thbb14QuantMode_posthbhhb] -> 0xe7fff3e02c8c
cceprint: [_ZN8cceprint20copy_matrix_cc_to_gmEPN7float165Fp16TEPfmm] -> 0xe7fff3e03188
cceprint: [_ZN8cceprint20copy_matrix_cc_to_gmEPN7float165Fp16TEPfhttjthh11QuantMode_thbbb] -> 0xe7fff3e03350
cceprint: [_ZN8cceprint20copy_matrix_cc_to_gmEPN7float165Fp16TEPfhttjthh11QuantMode_thbb14QuantMode_posthbhhb] -> 0xe7fff3e0377c
cceprint: [_ZN8cceprint20copy_matrix_cc_to_gmEPN7float165Fp16TEPfhttjth11QuantMode_thbb] -> 0xe7fff3e03cf0
cceprint: [_ZN8cceprint20copy_matrix_cc_to_gmEPfS0_mm] -> 0xe7fff3e040a0
cceprint: [_ZN8cceprint20copy_matrix_cc_to_gmEPaPfmm] -> 0xe7fff3e04268
cceprint: [_ZN8cceprint20copy_matrix_cc_to_gmEPaPfhttjthh11QuantMode_thbbb] -> 0xe7fff3e04430
cceprint: [_ZN8cceprint20copy_matrix_cc_to_gmEPaPfhttjthh11QuantMode_thbb14QuantMode_posthbhhb] -> 0xe7fff3e0485c
cceprint: [_ZN8cceprint20copy_matrix_cc_to_gmEPaPfhttjth11QuantMode_thbb] -> 0xe7fff3e04dd0
cceprint: [_ZN8cceprint20copy_matrix_cc_to_gmEPhPfmm] -> 0xe7fff3e05180
cceprint: [_ZN8cceprint20copy_matrix_cc_to_gmEPhPfhttjthh11QuantMode_thbbb] -> 0xe7fff3e05348
cceprint: [_ZN8cceprint20copy_matrix_cc_to_gmEPhPfhttjthh11QuantMode_thbb14QuantMode_posthbhhb] -> 0xe7fff3e05774
cceprint: [_ZN8cceprint20copy_matrix_cc_to_gmEPhPfhttjth11QuantMode_thbb] -> 0xe7fff3e05ce8
cceprint: [_ZN8cceprint20copy_matrix_cc_to_gmEPfS0_httjthh11QuantMode_thbbb] -> 0xe7fff3e06098
cceprint: [_ZN8cceprint20copy_matrix_cc_to_gmEPfS0_httjthh11QuantMode_thbb14QuantMode_posthbhhb] -> 0xe7fff3e064c4
cceprint: [_ZN8cceprint20copy_matrix_cc_to_gmEPfS0_httjth11QuantMode_thbb] -> 0xe7fff3e06a38
cceprint: [_ZN8cceprint20copy_matrix_cc_to_gmEPiS0_mm] -> 0xe7fff3e06de8
cceprint: [_ZN8cceprint20copy_matrix_cc_to_gmEPN7float165Fp16TEPimm] -> 0xe7fff3e06fb0
cceprint: [_ZN8cceprint20copy_matrix_cc_to_gmEPN7float165Fp16TEPihttjthh11QuantMode_thbbb] -> 0xe7fff3e07178
cceprint: [_ZN8cceprint20copy_matrix_cc_to_gmEPN7float165Fp16TEPihttjthh11QuantMode_thbb14QuantMode_posthbhhb] -> 0xe7fff3e075a4
cceprint: [_ZN8cceprint20copy_matrix_cc_to_gmEPN7float165Fp16TEPihttjth11QuantMode_thbb] -> 0xe7fff3e07b18
cceprint: [_ZN8cceprint20copy_matrix_cc_to_gmEPsPimm] -> 0xe7fff3e07ec8
cceprint: [_ZN8cceprint20copy_matrix_cc_to_gmEPsPihttjth11QuantMode_thbb] -> 0xe7fff3e08090
cceprint: [_ZN8cceprint20copy_matrix_cc_to_gmEPaPimm] -> 0xe7fff3e08440
cceprint: [_ZN8cceprint20copy_matrix_cc_to_gmEPaPihttjthh11QuantMode_thbbb] -> 0xe7fff3e08608
cceprint: [_ZN8cceprint20copy_matrix_cc_to_gmEPaPihttjthh11QuantMode_thbb14QuantMode_posthbhhb] -> 0xe7fff3e08a34
cceprint: [_ZN8cceprint20copy_matrix_cc_to_gmEPaPihttjth11QuantMode_thbb] -> 0xe7fff3e08fa8
cceprint: [_ZN8cceprint20copy_matrix_cc_to_gmEPhPimm] -> 0xe7fff3e09358
cceprint: [_ZN8cceprint20copy_matrix_cc_to_gmEPhPihttjthh11QuantMode_thbbb] -> 0xe7fff3e09520
cceprint: [_ZN8cceprint20copy_matrix_cc_to_gmEPhPihttjthh11QuantMode_thbb14QuantMode_posthbhhb] -> 0xe7fff3e0994c
cceprint: [_ZN8cceprint20copy_matrix_cc_to_gmEPhPihttjth11QuantMode_thbb] -> 0xe7fff3e09ec0
cceprint: [_ZN8cceprint20copy_matrix_cc_to_gmEPiS0_httjthh11QuantMode_thbbb] -> 0xe7fff3e0a270
cceprint: [_ZN8cceprint20copy_matrix_cc_to_gmEPiS0_httjthh11QuantMode_thbb14QuantMode_posthbhhb] -> 0xe7fff3e0a69c
cceprint: [_ZN8cceprint20copy_matrix_cc_to_gmEPiS0_httjth11QuantMode_thbb] -> 0xe7fff3e0ac10
cceprint: [_ZN8cceprint20copy_matrix_cc_to_gmEPN8bfloat165Bf16TEPfhttjth11QuantMode_thbb] -> 0xe7fff3e0afc0
cceprint: [_ZN8cceprint20copy_matrix_cc_to_gmEPN8bfloat165Bf16TEPfhttjthh11QuantMode_thbbb] -> 0xe7fff3e0b370
cceprint: [_ZN8cceprint20copy_matrix_cc_to_gmEPN8bfloat165Bf16TEPfhttjthh11QuantMode_thbb14QuantMode_posthbhhb] -> 0xe7fff3e0b79c
cceprint: [_ZN8cceprint20copy_matrix_cc_to_gmEPsPihttjthh11QuantMode_thbb14QuantMode_posthbhhb] -> 0xe7fff3e0bd10
cceprint: [_ZN8cceprint23copy_matrix_cc_to_gm_b4EPvPfmm] -> 0xe7fff3e0c284
cceprint: [_ZN8cceprint23copy_matrix_cc_to_gm_b4EPvPfhttjth11QuantMode_thbb] -> 0xe7fff3e0c44c
cceprint: [_ZN8cceprint23copy_matrix_cc_to_gm_b4EPvPimm] -> 0xe7fff3e0c7fc
cceprint: [_ZN8cceprint23copy_matrix_cc_to_gm_b4EPvPihttjth11QuantMode_thbb] -> 0xe7fff3e0c9c4
cceprint: [_ZN8cceprint25copy_matrix_cc_to_gm_bf16EPtPfmm] -> 0xe7fff3e0cd74
cceprint: [_ZN8cceprint25copy_matrix_cc_to_gm_bf16EPtPfhttjthh11QuantMode_thbbb] -> 0xe7fff3e0cf3c
cceprint: [_ZN8cceprint25copy_matrix_cc_to_gm_bf16EPtPfhttjthh11QuantMode_thbb14QuantMode_posthbhhb] -> 0xe7fff3e0d368
cceprint: [_ZN8cceprint25copy_matrix_cc_to_gm_bf16EPtPfhttjth11QuantMode_thbb] -> 0xe7fff3e0d8dc
cceprint: [_ZN8cceprint23copy_matrix_cc_to_gm_s4EPvPfmm] -> 0xe7fff3e0dc8c
cceprint: [_ZN8cceprint23copy_matrix_cc_to_gm_s4EPvPfhttjthh11QuantMode_thbbb] -> 0xe7fff3e0de54
cceprint: [_ZN8cceprint23copy_matrix_cc_to_gm_s4EPvPfhttjthh11QuantMode_thbb14QuantMode_posthbhhb] -> 0xe7fff3e0e280
cceprint: [_ZN8cceprint23copy_matrix_cc_to_gm_s4EPvPimm] -> 0xe7fff3e0e7f4
cceprint: [_ZN8cceprint23copy_matrix_cc_to_gm_s4EPvPihttjthh11QuantMode_thbbb] -> 0xe7fff3e0e9bc
cceprint: [_ZN8cceprint23copy_matrix_cc_to_gm_s4EPvPihttjthh11QuantMode_thbb14QuantMode_posthbhhb] -> 0xe7fff3e0ede8
cceprint: [_ZN8cceprint20copy_matrix_cc_to_ubEPN7float165Fp16TEPfmm] -> 0xe7fff3e0f35c
cceprint: [_ZN8cceprint20copy_matrix_cc_to_ubEPN7float165Fp16TEPfhttjthh11QuantMode_thbbb] -> 0xe7fff3e0f4ac
cceprint: [_ZN8cceprint20copy_matrix_cc_to_ubEPN8bfloat165Bf16TEPfhttjthh11QuantMode_thbbb] -> 0xe7fff3e0f860
cceprint: [_ZN8cceprint20copy_matrix_cc_to_ubEPN7float165Fp16TEPfhttjthh11QuantMode_thbb14QuantMode_posthbhhb] -> 0xe7fff3e0fc14
cceprint: [_ZN8cceprint20copy_matrix_cc_to_ubEPaPfmm] -> 0xe7fff3e10110
cceprint: [_ZN8cceprint20copy_matrix_cc_to_ubEPaPfhttjthh11QuantMode_thbbb] -> 0xe7fff3e10260
cceprint: [_ZN8cceprint20copy_matrix_cc_to_ubEPaPfhttjthh11QuantMode_thbb14QuantMode_posthbhhb] -> 0xe7fff3e10614
cceprint: [_ZN8cceprint20copy_matrix_cc_to_ubEPhPfmm] -> 0xe7fff3e10b10
cceprint: [_ZN8cceprint20copy_matrix_cc_to_ubEPhPfhttjthh11QuantMode_thbbb] -> 0xe7fff3e10c60
cceprint: [_ZN8cceprint20copy_matrix_cc_to_ubEPhPfhttjthh11QuantMode_thbb14QuantMode_posthbhhb] -> 0xe7fff3e11014
cceprint: [_ZN8cceprint20copy_matrix_cc_to_ubEPfS0_mm] -> 0xe7fff3e11510
cceprint: [_ZN8cceprint20copy_matrix_cc_to_ubEPfS0_httjthh11QuantMode_thbbb] -> 0xe7fff3e11660
cceprint: [_ZN8cceprint20copy_matrix_cc_to_ubEPfS0_httjthh11QuantMode_thbb14QuantMode_posthbhhb] -> 0xe7fff3e11a14
cceprint: [_ZN8cceprint20copy_matrix_cc_to_ubEPN7float165Fp16TEPimm] -> 0xe7fff3e11f10
cceprint: [_ZN8cceprint20copy_matrix_cc_to_ubEPN7float165Fp16TEPihttjthh11QuantMode_thbbb] -> 0xe7fff3e12060
cceprint: [_ZN8cceprint20copy_matrix_cc_to_ubEPN7float165Fp16TEPihttjthh11QuantMode_thbb14QuantMode_posthbhhb] -> 0xe7fff3e12414
cceprint: [_ZN8cceprint20copy_matrix_cc_to_ubEPaPimm] -> 0xe7fff3e12910
cceprint: [_ZN8cceprint20copy_matrix_cc_to_ubEPaPihttjthh11QuantMode_thbbb] -> 0xe7fff3e12a60
cceprint: [_ZN8cceprint20copy_matrix_cc_to_ubEPaPihttjthh11QuantMode_thbb14QuantMode_posthbhhb] -> 0xe7fff3e12e14
cceprint: [_ZN8cceprint20copy_matrix_cc_to_ubEPhPimm] -> 0xe7fff3e13310
cceprint: [_ZN8cceprint20copy_matrix_cc_to_ubEPhPihttjthh11QuantMode_thbbb] -> 0xe7fff3e13460
cceprint: [_ZN8cceprint20copy_matrix_cc_to_ubEPhPihttjthh11QuantMode_thbb14QuantMode_posthbhhb] -> 0xe7fff3e13814
cceprint: [_ZN8cceprint20copy_matrix_cc_to_ubEPiS0_mm] -> 0xe7fff3e13d10
cceprint: [_ZN8cceprint20copy_matrix_cc_to_ubEPiS0_httjthh11QuantMode_thbbb] -> 0xe7fff3e13e60
cceprint: [_ZN8cceprint20copy_matrix_cc_to_ubEPiS0_httjthh11QuantMode_thbb14QuantMode_posthbhhb] -> 0xe7fff3e14214
cceprint: [_ZN8cceprint25copy_matrix_cc_to_ub_bf16EPtPfmm] -> 0xe7fff3e14710
cceprint: [_ZN8cceprint25copy_matrix_cc_to_ub_bf16EPtPfhttjthh11QuantMode_thbbb] -> 0xe7fff3e14860
cceprint: [_ZN8cceprint25copy_matrix_cc_to_ub_bf16EPtPfhttjthh11QuantMode_thbb14QuantMode_posthbhhb] -> 0xe7fff3e14c14
cceprint: [_ZN8cceprint23copy_matrix_cc_to_ub_s4EPvPfmm] -> 0xe7fff3e15110
cceprint: [_ZN8cceprint23copy_matrix_cc_to_ub_s4EPvPfhttjthh11QuantMode_thbbb] -> 0xe7fff3e15260
cceprint: [_ZN8cceprint23copy_matrix_cc_to_ub_s4EPvPfhttjthh11QuantMode_thbb14QuantMode_posthbhhb] -> 0xe7fff3e15614
cceprint: [_ZN8cceprint23copy_matrix_cc_to_ub_s4EPvPimm] -> 0xe7fff3e15b10
cceprint: [_ZN8cceprint23copy_matrix_cc_to_ub_s4EPvPihttjthh11QuantMode_thbbb] -> 0xe7fff3e15c60
cceprint: [_ZN8cceprint23copy_matrix_cc_to_ub_s4EPvPihttjthh11QuantMode_thbb14QuantMode_posthbhhb] -> 0xe7fff3e16014
cceprint: [_ZN8cceprint22copy_matrix_cc_to_ubufEPN7float165Fp16TES2_m10ConvRelu_t] -> 0xe7fff3e16510
cceprint: [_ZN8cceprint22copy_matrix_cc_to_ubufEPN7float165Fp16TES2_htttt10ConvRelu_t] -> 0xe7fff3e16660
cceprint: [_ZN8cceprint22copy_matrix_cc_to_ubufEPN7float165Fp16TEPfm10ConvRelu_t] -> 0xe7fff3e168a0
cceprint: [_ZN8cceprint22copy_matrix_cc_to_ubufEPN7float165Fp16TEPfhtttt10ConvRelu_t] -> 0xe7fff3e169f0
cceprint: [_ZN8cceprint22copy_matrix_cc_to_ubufEPfS0_m10ConvRelu_t] -> 0xe7fff3e16c30
cceprint: [_ZN8cceprint22copy_matrix_cc_to_ubufEPfS0_htttt10ConvRelu_t] -> 0xe7fff3e16d80
cceprint: [_ZN8cceprint22copy_matrix_cc_to_ubufEPN7float165Fp16TEPim10ConvRelu_t] -> 0xe7fff3e16fc0
cceprint: [_ZN8cceprint22copy_matrix_cc_to_ubufEPN7float165Fp16TEPihtttt10ConvRelu_t] -> 0xe7fff3e17110
cceprint: [_ZN8cceprint22copy_matrix_cc_to_ubufEPsPim10ConvRelu_t] -> 0xe7fff3e17350
cceprint: [_ZN8cceprint22copy_matrix_cc_to_ubufEPsPihtttt10ConvRelu_t] -> 0xe7fff3e174a0
cceprint: [_ZN8cceprint22copy_matrix_cc_to_ubufEPiS0_m10ConvRelu_t] -> 0xe7fff3e176e0
cceprint: [_ZN8cceprint22copy_matrix_cc_to_ubufEPiS0_htttt10ConvRelu_t] -> 0xe7fff3e17830
cceprint: [_ZN8cceprint22copy_matrix_cc_to_ubufEPaPim10ConvRelu_t] -> 0xe7fff3e17a70
cceprint: [_ZN8cceprint22copy_matrix_cc_to_ubufEPaPihtttt10ConvRelu_t] -> 0xe7fff3e17bc0
cceprint: [_ZN8cceprint22copy_matrix_cc_to_ubufEPjS0_m10ConvRelu_t] -> 0xe7fff3e17e00
cceprint: [_ZN8cceprint22copy_matrix_cc_to_ubufEPjS0_htttt10ConvRelu_t] -> 0xe7fff3e17f50
cceprint: [_ZN8cceprint22copy_matrix_cc_to_ubufEPhPim10ConvRelu_t] -> 0xe7fff3e18190
cceprint: [_ZN8cceprint22copy_matrix_cc_to_ubufEPhPihtttt10ConvRelu_t] -> 0xe7fff3e182e0
cceprint: [_ZN8cceprint22copy_matrix_ubuf_to_ccEPN7float165Fp16TES2_m10ConvRelu_t] -> 0xe7fff3e18520
cceprint: [_ZN8cceprint22copy_matrix_ubuf_to_ccEPN7float165Fp16TES2_htttt10ConvRelu_t] -> 0xe7fff3e18670
cceprint: [_ZN8cceprint22copy_matrix_ubuf_to_ccEPfS0_m10ConvRelu_t] -> 0xe7fff3e188b0
cceprint: [_ZN8cceprint22copy_matrix_ubuf_to_ccEPfS0_htttt10ConvRelu_t] -> 0xe7fff3e18a00
cceprint: [_ZN8cceprint22copy_matrix_ubuf_to_ccEPfPN7float165Fp16TEm10ConvRelu_t] -> 0xe7fff3e18c40
cceprint: [_ZN8cceprint22copy_matrix_ubuf_to_ccEPfPN7float165Fp16TEhtttt10ConvRelu_t] -> 0xe7fff3e18d90
cceprint: [_ZN8cceprint22copy_matrix_ubuf_to_ccEPiS0_m10ConvRelu_t] -> 0xe7fff3e18fd0
cceprint: [_ZN8cceprint22copy_matrix_ubuf_to_ccEPiS0_htttt10ConvRelu_t] -> 0xe7fff3e19120
cceprint: [_ZN8cceprint22copy_matrix_ubuf_to_ccEPjS0_m10ConvRelu_t] -> 0xe7fff3e19360
cceprint: [_ZN8cceprint22copy_matrix_ubuf_to_ccEPjS0_htttt10ConvRelu_t] -> 0xe7fff3e194b0
cceprint: [_ZN8cceprint28copy_small_matrix_cc_to_ubufEPN7float165Fp16TEPim10ConvRelu_t] -> 0xe7fff3e196f0
cceprint: [_ZN8cceprint28copy_small_matrix_cc_to_ubufEPN7float165Fp16TEPihtttt10ConvRelu_t] -> 0xe7fff3e19840
cceprint: [_ZN8cceprint28copy_small_matrix_cc_to_ubufEPsPim10ConvRelu_t] -> 0xe7fff3e19a80
cceprint: [_ZN8cceprint28copy_small_matrix_cc_to_ubufEPsPihtttt10ConvRelu_t] -> 0xe7fff3e19bd0
cceprint: [_ZN8cceprint28copy_small_matrix_cc_to_ubufEPiS0_m10ConvRelu_t] -> 0xe7fff3e19e10
cceprint: [_ZN8cceprint28copy_small_matrix_cc_to_ubufEPiS0_htttt10ConvRelu_t] -> 0xe7fff3e19f60
cceprint: [_ZN8cceprint28copy_small_matrix_cc_to_ubufEPaPim10ConvRelu_t] -> 0xe7fff3e1a1a0
cceprint: [_ZN8cceprint28copy_small_matrix_cc_to_ubufEPaPihtttt10ConvRelu_t] -> 0xe7fff3e1a2f0
cceprint: [_ZN8cceprint28copy_small_matrix_cc_to_ubufEPjS0_m10ConvRelu_t] -> 0xe7fff3e1a530
cceprint: [_ZN8cceprint28copy_small_matrix_cc_to_ubufEPjS0_htttt10ConvRelu_t] -> 0xe7fff3e1a680
cceprint: [_ZN8cceprint28copy_small_matrix_cc_to_ubufEPhPim10ConvRelu_t] -> 0xe7fff3e1a8c0
cceprint: [_ZN8cceprint28copy_small_matrix_cc_to_ubufEPhPihtttt10ConvRelu_t] -> 0xe7fff3e1aa10
cceprint: [_ZN8cceprint28copy_small_matrix_ubuf_to_ccEPiS0_m10ConvRelu_t] -> 0xe7fff3e1ac50
cceprint: [_ZN8cceprint28copy_small_matrix_ubuf_to_ccEPiS0_htttt10ConvRelu_t] -> 0xe7fff3e1ada0
cceprint: [_ZN8cceprint28copy_small_matrix_ubuf_to_ccEPjS0_m10ConvRelu_t] -> 0xe7fff3e1afe0
cceprint: [_ZN8cceprint28copy_small_matrix_ubuf_to_ccEPjS0_htttt10ConvRelu_t] -> 0xe7fff3e1b130
cceprint: [_ZN8cceprint17copy_ubuf_to_cbufEPvS0_m] -> 0xe7fff3e1b370
cceprint: [_ZN8cceprint17copy_ubuf_to_cbufEPvS0_htttt] -> 0xe7fff3e1b478
cceprint: [_ZN8cceprint17copy_ubuf_to_fbufEPvS0_m] -> 0xe7fff3e1b670
cceprint: [_ZN8cceprint17copy_ubuf_to_fbufEPvS0_9CvtMode_ttttt] -> 0xe7fff3e1b778
cceprint: [_ZN8cceprint15copy_ubuf_to_gmEPvS0_m] -> 0xe7fff3e1b970
cceprint: [_ZN8cceprint15copy_ubuf_to_gmEPvS0_m4bm_t] -> 0xe7fff3e1baf0
cceprint: [_ZN8cceprint15copy_ubuf_to_gmEPvS0_htttt4bm_t] -> 0xe7fff3e1bcb8
cceprint: [_ZN8cceprint15copy_ubuf_to_gmEPvS0_htttt] -> 0xe7fff3e1bf70
cceprint: [_ZN8cceprint25copy_ubuf_to_gm_align_b16EPvS0_mm] -> 0xe7fff3e1c1e0
cceprint: [_ZN8cceprint25copy_ubuf_to_gm_align_b16EPvS0_htjhhjj] -> 0xe7fff3e1c3a8
cceprint: [_ZN8cceprint25copy_ubuf_to_gm_align_b32EPvS0_mm] -> 0xe7fff3e1c6a4
cceprint: [_ZN8cceprint25copy_ubuf_to_gm_align_b32EPvS0_htjhhjj] -> 0xe7fff3e1c86c
cceprint: [_ZN8cceprint24copy_ubuf_to_gm_align_b8EPvS0_mm] -> 0xe7fff3e1cb68
cceprint: [_ZN8cceprint24copy_ubuf_to_gm_align_b8EPvS0_htjhhjj] -> 0xe7fff3e1cd30
cceprint: [_ZN8cceprint21copy_ubuf_to_gm_alignEPaS0_htjjj] -> 0xe7fff3e1d02c
cceprint: [_ZN8cceprint21copy_ubuf_to_gm_alignEPhS0_htjjj] -> 0xe7fff3e1d29c
cceprint: [_ZN8cceprint21copy_ubuf_to_gm_alignEPsS0_htjjj] -> 0xe7fff3e1d50c
cceprint: [_ZN8cceprint21copy_ubuf_to_gm_alignEPtS0_htjjj] -> 0xe7fff3e1d77c
cceprint: [_ZN8cceprint21copy_ubuf_to_gm_alignEPN7float165Fp16TES2_htjjj] -> 0xe7fff3e1d9ec
cceprint: [_ZN8cceprint21copy_ubuf_to_gm_alignEPiS0_htjjj] -> 0xe7fff3e1dc5c
cceprint: [_ZN8cceprint21copy_ubuf_to_gm_alignEPjS0_htjjj] -> 0xe7fff3e1decc
cceprint: [_ZN8cceprint21copy_ubuf_to_gm_alignEPfS0_htjjj] -> 0xe7fff3e1e13c
cceprint: [_ZN8cceprint23copy_ubuf_to_gm_pad_b16EPvS0_mm] -> 0xe7fff3e1e3ac
cceprint: [_ZN8cceprint23copy_ubuf_to_gm_pad_b16EPvS0_htttthh] -> 0xe7fff3e1e574
cceprint: [_ZN8cceprint23copy_ubuf_to_gm_pad_b32EPvS0_mm] -> 0xe7fff3e1e870
cceprint: [_ZN8cceprint23copy_ubuf_to_gm_pad_b32EPvS0_htttthh] -> 0xe7fff3e1ea38
cceprint: [_ZN8cceprint22copy_ubuf_to_gm_pad_b8EPvS0_mm] -> 0xe7fff3e1ed34
cceprint: [_ZN8cceprint22copy_ubuf_to_gm_pad_b8EPvS0_htttthh] -> 0xe7fff3e1eefc
cceprint: [_ZN8cceprint17copy_ubuf_to_ubufEPvS0_m] -> 0xe7fff3e1f1f8
cceprint: [_ZN8cceprint17copy_ubuf_to_ubufEPvS0_htttt] -> 0xe7fff3e1f300
cceprint: [_ZN8cceprint22copy_vector_cc_to_ubufEPN7float165Fp16TES2_m10ConvRelu_t] -> 0xe7fff3e1f4f8
cceprint: [_ZN8cceprint22copy_vector_cc_to_ubufEPN7float165Fp16TES2_htttt10ConvRelu_t] -> 0xe7fff3e1f648
cceprint: [_ZN8cceprint22copy_vector_cc_to_ubufEPN7float165Fp16TEPfm10ConvRelu_t] -> 0xe7fff3e1f888
cceprint: [_ZN8cceprint22copy_vector_cc_to_ubufEPN7float165Fp16TEPfhtttt10ConvRelu_t] -> 0xe7fff3e1f9d8
cceprint: [_ZN8cceprint22copy_vector_cc_to_ubufEPfS0_m10ConvRelu_t] -> 0xe7fff3e1fc18
cceprint: [_ZN8cceprint22copy_vector_cc_to_ubufEPfS0_htttt10ConvRelu_t] -> 0xe7fff3e1fd68
cceprint: [_ZN8cceprint22copy_vector_cc_to_ubufEPN7float165Fp16TEPim10ConvRelu_t] -> 0xe7fff3e1ffa8
cceprint: [_ZN8cceprint22copy_vector_cc_to_ubufEPN7float165Fp16TEPihtttt10ConvRelu_t] -> 0xe7fff3e200f8
cceprint: [_ZN8cceprint22copy_vector_cc_to_ubufEPsPim10ConvRelu_t] -> 0xe7fff3e20338
cceprint: [_ZN8cceprint22copy_vector_cc_to_ubufEPsPihtttt10ConvRelu_t] -> 0xe7fff3e20488
cceprint: [_ZN8cceprint22copy_vector_cc_to_ubufEPiS0_m10ConvRelu_t] -> 0xe7fff3e206c8
cceprint: [_ZN8cceprint22copy_vector_cc_to_ubufEPiS0_htttt10ConvRelu_t] -> 0xe7fff3e20818
cceprint: [_ZN8cceprint22copy_vector_cc_to_ubufEPaPim10ConvRelu_t] -> 0xe7fff3e20a58
cceprint: [_ZN8cceprint22copy_vector_cc_to_ubufEPaPihtttt10ConvRelu_t] -> 0xe7fff3e20ba8
cceprint: [_ZN8cceprint22copy_vector_cc_to_ubufEPjS0_m10ConvRelu_t] -> 0xe7fff3e20de8
cceprint: [_ZN8cceprint22copy_vector_cc_to_ubufEPjS0_htttt10ConvRelu_t] -> 0xe7fff3e20f38
cceprint: [_ZN8cceprint22copy_vector_cc_to_ubufEPhPim10ConvRelu_t] -> 0xe7fff3e21178
cceprint: [_ZN8cceprint22copy_vector_cc_to_ubufEPhPihtttt10ConvRelu_t] -> 0xe7fff3e212c8
cceprint: [_ZN8cceprint22copy_vector_ubuf_to_ccEPN7float165Fp16TES2_m10ConvRelu_t] -> 0xe7fff3e21508
cceprint: [_ZN8cceprint22copy_vector_ubuf_to_ccEPN7float165Fp16TES2_htttt10ConvRelu_t] -> 0xe7fff3e21658
cceprint: [_ZN8cceprint22copy_vector_ubuf_to_ccEPfS0_m10ConvRelu_t] -> 0xe7fff3e21898
cceprint: [_ZN8cceprint22copy_vector_ubuf_to_ccEPfS0_htttt10ConvRelu_t] -> 0xe7fff3e219e8
cceprint: [_ZN8cceprint22copy_vector_ubuf_to_ccEPfPN7float165Fp16TEm10ConvRelu_t] -> 0xe7fff3e21c28
cceprint: [_ZN8cceprint22copy_vector_ubuf_to_ccEPfPN7float165Fp16TEhtttt10ConvRelu_t] -> 0xe7fff3e21d78
cceprint: [_ZN8cceprint22copy_vector_ubuf_to_ccEPiS0_m10ConvRelu_t] -> 0xe7fff3e21fb8
cceprint: [_ZN8cceprint22copy_vector_ubuf_to_ccEPiS0_htttt10ConvRelu_t] -> 0xe7fff3e22108
cceprint: [_ZN8cceprint22copy_vector_ubuf_to_ccEPjS0_m10ConvRelu_t] -> 0xe7fff3e22348
cceprint: [_ZN8cceprint22copy_vector_ubuf_to_ccEPjS0_htttt10ConvRelu_t] -> 0xe7fff3e22498
cceprint: [_ZN8cceprint16create_ca_matrixEPvlN7float165Fp16TE] -> 0xe7fff3e226d8
cceprint: [_ZN8cceprint16create_ca_matrixEPN7float165Fp16TElS1_] -> 0xe7fff3e227e8
cceprint: [_ZN8cceprint16create_ca_matrixEPslN7float165Fp16TE] -> 0xe7fff3e228f8
cceprint: [_ZN8cceprint16create_ca_matrixEPtlN7float165Fp16TE] -> 0xe7fff3e22a08
cceprint: [_ZN8cceprint16create_ca_matrixEPN7float165Fp16TElj] -> 0xe7fff3e22b18
cceprint: [_ZN8cceprint16create_ca_matrixEPflj] -> 0xe7fff3e22c14
cceprint: [_ZN8cceprint16create_ca_matrixEPflN7float165Fp16TE] -> 0xe7fff3e22d10
cceprint: [_ZN8cceprint16create_ca_matrixEPslj] -> 0xe7fff3e22e20
cceprint: [_ZN8cceprint16create_ca_matrixEPilj] -> 0xe7fff3e22f1c
cceprint: [_ZN8cceprint16create_ca_matrixEPilN7float165Fp16TE] -> 0xe7fff3e23018
cceprint: [_ZN8cceprint16create_ca_matrixEPtlj] -> 0xe7fff3e23128
cceprint: [_ZN8cceprint16create_ca_matrixEPjlj] -> 0xe7fff3e23224
cceprint: [_ZN8cceprint16create_ca_matrixEPjlN7float165Fp16TE] -> 0xe7fff3e23320
cceprint: [_ZN8cceprint21create_ca_matrix_bf16EPN8bfloat165Bf16TElS1_] -> 0xe7fff3e23430
cceprint: [_ZN8cceprint16create_cb_matrixEPvlN7float165Fp16TE] -> 0xe7fff3e23540
cceprint: [_ZN8cceprint16create_cb_matrixEPN7float165Fp16TElS1_] -> 0xe7fff3e23650
cceprint: [_ZN8cceprint16create_cb_matrixEPslN7float165Fp16TE] -> 0xe7fff3e23760
cceprint: [_ZN8cceprint16create_cb_matrixEPtlN7float165Fp16TE] -> 0xe7fff3e23870
cceprint: [_ZN8cceprint16create_cb_matrixEPN7float165Fp16TElj] -> 0xe7fff3e23980
cceprint: [_ZN8cceprint16create_cb_matrixEPflj] -> 0xe7fff3e23a7c
cceprint: [_ZN8cceprint16create_cb_matrixEPflN7float165Fp16TE] -> 0xe7fff3e23b78
cceprint: [_ZN8cceprint16create_cb_matrixEPslj] -> 0xe7fff3e23c88
cceprint: [_ZN8cceprint16create_cb_matrixEPilj] -> 0xe7fff3e23d84
cceprint: [_ZN8cceprint16create_cb_matrixEPilN7float165Fp16TE] -> 0xe7fff3e23e80
cceprint: [_ZN8cceprint16create_cb_matrixEPtlj] -> 0xe7fff3e23f90
cceprint: [_ZN8cceprint16create_cb_matrixEPjlj] -> 0xe7fff3e2408c
cceprint: [_ZN8cceprint16create_cb_matrixEPjlN7float165Fp16TE] -> 0xe7fff3e24188
cceprint: [_ZN8cceprint21create_cb_matrix_bf16EPN8bfloat165Bf16TElS1_] -> 0xe7fff3e24298
cceprint: [_ZN8cceprint18create_cbuf_matrixEPvlN7float165Fp16TE] -> 0xe7fff3e243a8
cceprint: [_ZN8cceprint18create_cbuf_matrixEPN7float165Fp16TElS1_] -> 0xe7fff3e244b8
cceprint: [_ZN8cceprint18create_cbuf_matrixEPslN7float165Fp16TE] -> 0xe7fff3e245c8
cceprint: [_ZN8cceprint18create_cbuf_matrixEPtlN7float165Fp16TE] -> 0xe7fff3e246d8
cceprint: [_ZN8cceprint18create_cbuf_matrixEPN7float165Fp16TElj] -> 0xe7fff3e247e8
cceprint: [_ZN8cceprint18create_cbuf_matrixEPflj] -> 0xe7fff3e248e4
cceprint: [_ZN8cceprint18create_cbuf_matrixEPflN7float165Fp16TE] -> 0xe7fff3e249e0
cceprint: [_ZN8cceprint18create_cbuf_matrixEPslj] -> 0xe7fff3e24af0
cceprint: [_ZN8cceprint18create_cbuf_matrixEPilj] -> 0xe7fff3e24bec
cceprint: [_ZN8cceprint18create_cbuf_matrixEPilN7float165Fp16TE] -> 0xe7fff3e24ce8
cceprint: [_ZN8cceprint18create_cbuf_matrixEPtlj] -> 0xe7fff3e24df8
cceprint: [_ZN8cceprint18create_cbuf_matrixEPjlj] -> 0xe7fff3e24ef4
cceprint: [_ZN8cceprint18create_cbuf_matrixEPjlN7float165Fp16TE] -> 0xe7fff3e24ff0
cceprint: [_ZN8cceprint23create_cbuf_matrix_bf16EPN8bfloat165Bf16TElS1_] -> 0xe7fff3e25100
cceprint: [_ZN8cceprint10dc_preloadEPms] -> 0xe7fff3e25210
cceprint: [_ZN8cceprint10dc_preloadEPml] -> 0xe7fff3e25348
cceprint: [_ZN8cceprint4dcciEPvm] -> (nil)
cceprint: [_ZN8cceprint4dcciEPvmm] -> (nil)
cceprint: [_ZN8cceprint21decompress_gm_to_cbufEPhS0_l] -> 0xe7fff3e25480
cceprint: [_ZN8cceprint21decompress_gm_to_cbufEPhS0_tbhh] -> 0xe7fff3e255f4
cceprint: [_ZN8cceprint21decompress_gm_to_cbufEPN7float165Fp16TES2_l] -> 0xe7fff3e25834
cceprint: [_ZN8cceprint21decompress_gm_to_cbufEPN7float165Fp16TES2_tbhh] -> 0xe7fff3e259a8
cceprint: [_ZN8cceprint19decompress_gm_to_ubEPhS0_l] -> 0xe7fff3e25be8
cceprint: [_ZN8cceprint19decompress_gm_to_ubEPhS0_tbhh] -> 0xe7fff3e25d5c
cceprint: [_ZN8cceprint19decompress_gm_to_ubEPN7float165Fp16TES2_l] -> 0xe7fff3e25f9c
cceprint: [_ZN8cceprint19decompress_gm_to_ubEPN7float165Fp16TES2_tbhh] -> 0xe7fff3e26110
cceprint: [_ZN8cceprint14depthwise_convEPN7float165Fp16TES2_S2_mb] -> 0xe7fff3e26350
cceprint: [_ZN8cceprint14depthwise_convEPN7float165Fp16TES2_S2_tthhhhb] -> 0xe7fff3e264d0
cceprint: [_ZN8cceprint14depthwise_convEPfPN7float165Fp16TES3_mb] -> 0xe7fff3e26798
cceprint: [_ZN8cceprint14depthwise_convEPfPN7float165Fp16TES3_tthhhhb] -> 0xe7fff3e26918
cceprint: [_ZN8cceprint14depthwise_convEPiPaS1_mb] -> 0xe7fff3e26be0
cceprint: [_ZN8cceprint14depthwise_convEPiPaS1_ttahhhb] -> 0xe7fff3e26d60
cceprint: [_ZN8cceprint14depthwise_convEPiPhS1_mb] -> 0xe7fff3e27028
cceprint: [_ZN8cceprint14depthwise_convEPiPhS1_tthhhhb] -> 0xe7fff3e271a8
cceprint: [_ZN8cceprint14depthwise_convEPiPhPamb] -> 0xe7fff3e27470
cceprint: [_ZN8cceprint14depthwise_convEPiPhPatthhhhb] -> 0xe7fff3e275f0
cceprint: [_ZN8cceprint17depthwise_conv_v2EPN7float165Fp16TES2_S2_m] -> 0xe7fff3e278b8
cceprint: [_ZN8cceprint17depthwise_conv_v2EPN7float165Fp16TES2_S2_tthhhthbbh] -> 0xe7fff3e279fc
cceprint: [_ZN8cceprint17depthwise_conv_v2EPfPN7float165Fp16TES3_m] -> 0xe7fff3e27d78
cceprint: [_ZN8cceprint17depthwise_conv_v2EPfPN7float165Fp16TES3_tthhhthbbh] -> 0xe7fff3e27ebc
cceprint: [_ZN8cceprint17depthwise_conv_v2EPiPaS1_m] -> 0xe7fff3e28238
cceprint: [_ZN8cceprint17depthwise_conv_v2EPiPaS1_tthhhthbbh] -> 0xe7fff3e2837c
cceprint: [_ZN8cceprint17depthwise_conv_v2EPiPhS1_m] -> 0xe7fff3e286f8
cceprint: [_ZN8cceprint17depthwise_conv_v2EPiPhS1_tthhhthbbh] -> 0xe7fff3e2883c
cceprint: [_ZN8cceprint17depthwise_conv_v2EPiPhPam] -> 0xe7fff3e28bb8
cceprint: [_ZN8cceprint17depthwise_conv_v2EPiPhPatthhhthbbh] -> 0xe7fff3e28cfc
cceprint: [_ZN8cceprint3dsbE9mem_dsb_t] -> 0xe7fff3e29078
cceprint: [_ZN8cceprint22fake_overflow_status_1Ev] -> 0xe7fff3e29108
cceprint: [_ZN8cceprint22fake_overflow_status_2Ev] -> 0xe7fff3e29150
cceprint: [_ZN8cceprint20ffts_cross_core_syncE6pipe_tm] -> 0xe7fff3e29198
cceprint: [_ZN8cceprint5fifr1EPsS0_mm] -> 0xe7fff3e2927c
cceprint: [_ZN8cceprint5fifr1EPsS0_mm4bm_t] -> 0xe7fff3e293cc
cceprint: [_ZN8cceprint5fifr1EPsS0_8w_size_thhhaaaaaaaaaahh4bm_t] -> 0xe7fff3e29564
cceprint: [_ZN8cceprint5fifr1EPsS0_8w_size_thhhaaaaaaaaaahh] -> 0xe7fff3e29ac0
cceprint: [_ZN8cceprint5fifr1EPsPamm] -> 0xe7fff3e29fd8
cceprint: [_ZN8cceprint5fifr1EPsPamm4bm_t] -> 0xe7fff3e2a128
cceprint: [_ZN8cceprint5fifr1EPsPa8w_size_thhhaaaaaaaaaahh4bm_t] -> 0xe7fff3e2a2c0
cceprint: [_ZN8cceprint5fifr1EPsPa8w_size_thhhaaaaaaaaaahh] -> 0xe7fff3e2a81c
cceprint: [_ZN8cceprint5fifr1EPsPtmm] -> 0xe7fff3e2ad34
cceprint: [_ZN8cceprint5fifr1EPsPtmm4bm_t] -> 0xe7fff3e2ae84
cceprint: [_ZN8cceprint5fifr1EPsPt8w_size_thhhaaaaaaaaaahh4bm_t] -> 0xe7fff3e2b01c
cceprint: [_ZN8cceprint5fifr1EPsPt8w_size_thhhaaaaaaaaaahh] -> 0xe7fff3e2b578
cceprint: [_ZN8cceprint5fifr1EPsPhmm] -> 0xe7fff3e2ba90
cceprint: [_ZN8cceprint5fifr1EPsPhmm4bm_t] -> 0xe7fff3e2bbe0
cceprint: [_ZN8cceprint5fifr1EPsPh8w_size_thhhaaaaaaaaaahh4bm_t] -> 0xe7fff3e2bd78
cceprint: [_ZN8cceprint5fifr1EPsPh8w_size_thhhaaaaaaaaaahh] -> 0xe7fff3e2c2d4
cceprint: [_ZN8cceprint26fix_depthwisein_cc_to_cbufEPaPimm] -> 0xe7fff3e2c7ec
cceprint: [_ZN8cceprint26fix_depthwisein_cc_to_cbufEPaPi11unit_flag_thtttt13ConvReluFix_tb6Relu_tbS4_6Pool_t5Req_t10DualMode_ttt] -> 0xe7fff3e2c93c
cceprint: [_ZN8cceprint26fix_depthwisein_cc_to_cbufEPhPimm] -> 0xe7fff3e2cdf4
cceprint: [_ZN8cceprint26fix_depthwisein_cc_to_cbufEPhPi11unit_flag_thtttt13ConvReluFix_tb6Relu_tbS4_6Pool_t5Req_t10DualMode_ttt] -> 0xe7fff3e2cf44
cceprint: [_ZN8cceprint26fix_depthwisein_cc_to_ubufEPaPimm] -> 0xe7fff3e2d3fc
cceprint: [_ZN8cceprint26fix_depthwisein_cc_to_ubufEPaPi11unit_flag_thtttt13ConvReluFix_tb6Relu_tbS4_6Pool_t5Req_t10DualMode_ttt] -> 0xe7fff3e2d54c
cceprint: [_ZN8cceprint26fix_depthwisein_cc_to_ubufEPhPimm] -> 0xe7fff3e2da04
cceprint: [_ZN8cceprint26fix_depthwisein_cc_to_ubufEPhPi11unit_flag_thtttt13ConvReluFix_tb6Relu_tbS4_6Pool_t5Req_t10DualMode_ttt] -> 0xe7fff3e2db54
cceprint: [_ZN8cceprint27fix_depthwiseout_cc_to_cbufEPaPimm] -> 0xe7fff3e2e00c
cceprint: [_ZN8cceprint27fix_depthwiseout_cc_to_cbufEPaPi11unit_flag_thtttt13ConvReluFix_tb6Relu_tbS4_6Pool_t5Req_t10DualMode_ttt] -> 0xe7fff3e2e15c
cceprint: [_ZN8cceprint27fix_depthwiseout_cc_to_cbufEPhPimm] -> 0xe7fff3e2e614
cceprint: [_ZN8cceprint27fix_depthwiseout_cc_to_cbufEPhPi11unit_flag_thtttt13ConvReluFix_tb6Relu_tbS4_6Pool_t5Req_t10DualMode_ttt] -> 0xe7fff3e2e764
cceprint: [_ZN8cceprint21fix_matrix_cc_to_cbufEPN7float165Fp16TES2_mm] -> 0xe7fff3e2ec1c
cceprint: [_ZN8cceprint21fix_matrix_cc_to_cbufEPaPN7float165Fp16TEmm] -> 0xe7fff3e2ed6c
cceprint: [_ZN8cceprint21fix_matrix_cc_to_cbufEPaPN7float165Fp16TE11unit_flag_thtttt13ConvReluFix_tb6Relu_tbS6_6Pool_t5Req_t10DualMode_ttt] -> 0xe7fff3e2eebc
cceprint: [_ZN8cceprint21fix_matrix_cc_to_cbufEPhPN7float165Fp16TEmm] -> 0xe7fff3e2f374
cceprint: [_ZN8cceprint21fix_matrix_cc_to_cbufEPhPN7float165Fp16TE11unit_flag_thtttt13ConvReluFix_tb6Relu_tbS6_6Pool_t5Req_t10DualMode_ttt] -> 0xe7fff3e2f4c4
cceprint: [_ZN8cceprint21fix_matrix_cc_to_cbufEPN7float165Fp16TES2_11unit_flag_thtttt13ConvReluFix_tb6Relu_tbS5_6Pool_t5Req_t10DualMode_ttt] -> 0xe7fff3e2f97c
cceprint: [_ZN8cceprint21fix_matrix_cc_to_cbufEPiS0_mm] -> 0xe7fff3e2fe34
cceprint: [_ZN8cceprint21fix_matrix_cc_to_cbufEPN7float165Fp16TEPimm] -> 0xe7fff3e2ff84
cceprint: [_ZN8cceprint21fix_matrix_cc_to_cbufEPN7float165Fp16TEPi11unit_flag_thtttt13ConvReluFix_tb6Relu_tbS6_6Pool_t5Req_t10DualMode_ttt] -> 0xe7fff3e300d4
cceprint: [_ZN8cceprint21fix_matrix_cc_to_cbufEPsPimm] -> 0xe7fff3e3058c
cceprint: [_ZN8cceprint21fix_matrix_cc_to_cbufEPsPi11unit_flag_thtttt13ConvReluFix_tb6Relu_tbS4_6Pool_t5Req_t10DualMode_ttt] -> 0xe7fff3e306dc
cceprint: [_ZN8cceprint21fix_matrix_cc_to_cbufEPaPimm] -> 0xe7fff3e30b94
cceprint: [_ZN8cceprint21fix_matrix_cc_to_cbufEPaPi11unit_flag_thtttt13ConvReluFix_tb6Relu_tbS4_6Pool_t5Req_t10DualMode_ttt] -> 0xe7fff3e30ce4
cceprint: [_ZN8cceprint21fix_matrix_cc_to_cbufEPhPimm] -> 0xe7fff3e3119c
cceprint: [_ZN8cceprint21fix_matrix_cc_to_cbufEPhPi11unit_flag_thtttt13ConvReluFix_tb6Relu_tbS4_6Pool_t5Req_t10DualMode_ttt] -> 0xe7fff3e312ec
cceprint: [_ZN8cceprint21fix_matrix_cc_to_cbufEPiS0_11unit_flag_thtttt13ConvReluFix_tb6Relu_tbS3_6Pool_t5Req_t10DualMode_ttt] -> 0xe7fff3e317a4
cceprint: [_ZN8cceprint21fix_matrix_cc_to_ubufEPN7float165Fp16TES2_mm] -> 0xe7fff3e31c5c
cceprint: [_ZN8cceprint21fix_matrix_cc_to_ubufEPN7float165Fp16TES2_11unit_flag_thtttt13ConvReluFix_tb6Relu_tbS5_6Pool_t5Req_t10DualMode_ttt] -> 0xe7fff3e31dac
cceprint: [_ZN8cceprint21fix_matrix_cc_to_ubufEPN7float165Fp16TEPimm] -> 0xe7fff3e32264
cceprint: [_ZN8cceprint21fix_matrix_cc_to_ubufEPN7float165Fp16TEPi11unit_flag_thtttt13ConvReluFix_tb6Relu_tbS6_6Pool_t5Req_t10DualMode_ttt] -> 0xe7fff3e323b4
cceprint: [_ZN8cceprint21fix_matrix_cc_to_ubufEPsPimm] -> 0xe7fff3e3286c
cceprint: [_ZN8cceprint21fix_matrix_cc_to_ubufEPsPi11unit_flag_thtttt13ConvReluFix_tb6Relu_tbS4_6Pool_t5Req_t10DualMode_ttt] -> 0xe7fff3e329bc
cceprint: [_ZN8cceprint21fix_matrix_cc_to_ubufEPiS0_mm] -> 0xe7fff3e32e74
cceprint: [_ZN8cceprint21fix_matrix_cc_to_ubufEPiS0_11unit_flag_thtttt13ConvReluFix_tb6Relu_tbS3_6Pool_t5Req_t10DualMode_ttt] -> 0xe7fff3e32fc4
cceprint: [_ZN8cceprint21fix_matrix_cc_to_ubufEPaPimm] -> 0xe7fff3e3347c
cceprint: [_ZN8cceprint21fix_matrix_cc_to_ubufEPaPi11unit_flag_thtttt13ConvReluFix_tb6Relu_tbS4_6Pool_t5Req_t10DualMode_ttt] -> 0xe7fff3e335cc
cceprint: [_ZN8cceprint21fix_matrix_cc_to_ubufEPhPimm] -> 0xe7fff3e33a84
cceprint: [_ZN8cceprint21fix_matrix_cc_to_ubufEPhPi11unit_flag_thtttt13ConvReluFix_tb6Relu_tbS4_6Pool_t5Req_t10DualMode_ttt] -> 0xe7fff3e33bd4
cceprint: [_ZN8cceprint23fix_winograd_cc_to_cbufEPiS0_mm] -> 0xe7fff3e3408c
cceprint: [_ZN8cceprint23fix_winograd_cc_to_cbufEPN7float165Fp16TEPimm] -> 0xe7fff3e341dc
cceprint: [_ZN8cceprint23fix_winograd_cc_to_cbufEPN7float165Fp16TEPi11unit_flag_thtttt13ConvReluFix_tb6Relu_tbS6_6Pool_t5Req_t10DualMode_ttt] -> 0xe7fff3e3432c
cceprint: [_ZN8cceprint23fix_winograd_cc_to_cbufEPsPimm] -> 0xe7fff3e347e4
cceprint: [_ZN8cceprint23fix_winograd_cc_to_cbufEPsPi11unit_flag_thtttt13ConvReluFix_tb6Relu_tbS4_6Pool_t5Req_t10DualMode_ttt] -> 0xe7fff3e34934
cceprint: [_ZN8cceprint23fix_winograd_cc_to_cbufEPaPimm] -> 0xe7fff3e34dec
cceprint: [_ZN8cceprint23fix_winograd_cc_to_cbufEPaPi11unit_flag_thtttt13ConvReluFix_tb6Relu_tbS4_6Pool_t5Req_t10DualMode_ttt] -> 0xe7fff3e34f3c
cceprint: [_ZN8cceprint23fix_winograd_cc_to_cbufEPhPimm] -> 0xe7fff3e353f4
cceprint: [_ZN8cceprint23fix_winograd_cc_to_cbufEPhPi11unit_flag_thtttt13ConvReluFix_tb6Relu_tbS4_6Pool_t5Req_t10DualMode_ttt] -> 0xe7fff3e35544
cceprint: [_ZN8cceprint23fix_winograd_cc_to_cbufEPiS0_11unit_flag_thtttt13ConvReluFix_tb6Relu_tbS3_6Pool_t5Req_t10DualMode_ttt] -> 0xe7fff3e359fc
cceprint: [_ZN8cceprint23fix_winograd_cc_to_ubufEPiS0_mm] -> 0xe7fff3e35eb4
cceprint: [_ZN8cceprint23fix_winograd_cc_to_ubufEPN7float165Fp16TEPimm] -> 0xe7fff3e36004
cceprint: [_ZN8cceprint23fix_winograd_cc_to_ubufEPN7float165Fp16TEPi11unit_flag_thtttt13ConvReluFix_tb6Relu_tbS6_6Pool_t5Req_t10DualMode_ttt] -> 0xe7fff3e36154
cceprint: [_ZN8cceprint23fix_winograd_cc_to_ubufEPsPimm] -> 0xe7fff3e3660c
cceprint: [_ZN8cceprint23fix_winograd_cc_to_ubufEPsPi11unit_flag_thtttt13ConvReluFix_tb6Relu_tbS4_6Pool_t5Req_t10DualMode_ttt] -> 0xe7fff3e3675c
cceprint: [_ZN8cceprint23fix_winograd_cc_to_ubufEPaPimm] -> 0xe7fff3e36c14
cceprint: [_ZN8cceprint23fix_winograd_cc_to_ubufEPaPi11unit_flag_thtttt13ConvReluFix_tb6Relu_tbS4_6Pool_t5Req_t10DualMode_ttt] -> 0xe7fff3e36d64
cceprint: [_ZN8cceprint23fix_winograd_cc_to_ubufEPhPimm] -> 0xe7fff3e3721c
cceprint: [_ZN8cceprint23fix_winograd_cc_to_ubufEPhPi11unit_flag_thtttt13ConvReluFix_tb6Relu_tbS4_6Pool_t5Req_t10DualMode_ttt] -> 0xe7fff3e3736c
cceprint: [_ZN8cceprint23fix_winograd_cc_to_ubufEPiS0_11unit_flag_thtttt13ConvReluFix_tb6Relu_tbS3_6Pool_t5Req_t10DualMode_ttt] -> 0xe7fff3e37824
cceprint: [_ZN8cceprint4fmaxEPhS0_m] -> 0xe7fff3e37cdc
cceprint: [_ZN8cceprint4fmaxEPhS0_8w_size_thhhaaaaa] -> 0xe7fff3e37de4
cceprint: [_ZN8cceprint4fminEPhS0_m] -> 0xe7fff3e38120
cceprint: [_ZN8cceprint4fminEPhS0_8w_size_thhhaaaaa] -> 0xe7fff3e38228
cceprint: [_ZN8cceprint11get_acc_valEv] -> 0xe7fff3e38564
cceprint: [_ZN8cceprint6get_arEv] -> 0xe7fff3e385ac
cceprint: [_ZN8cceprint12get_arch_verEv] -> 0xe7fff3e385f4
cceprint: [_ZN8cceprint13get_block_idxEv] -> 0xe7fff3e3863c
cceprint: [_ZN8cceprint13get_block_numEv] -> 0xe7fff3e3864c
cceprint: [_ZN8cceprint11get_cmpmaskEPv] -> 0xe7fff3e3865c
cceprint: [_ZN8cceprint8get_condEv] -> 0xe7fff3e386e0
cceprint: [_ZN8cceprint18get_condition_flagEv] -> 0xe7fff3e38728
cceprint: [_ZN8cceprint10get_coreidEv] -> 0xe7fff3e38770
cceprint: [_ZN8cceprint8get_ctrlEv] -> 0xe7fff3e387b8
cceprint: [_ZN8cceprint18get_data_main_baseEv] -> 0xe7fff3e38800
cceprint: [_ZN8cceprint13get_data_sizeEv] -> 0xe7fff3e38848
cceprint: [_ZN8cceprint16get_data_ub_baseEv] -> 0xe7fff3e38890
cceprint: [_ZN8cceprint18get_ffts_base_addrEv] -> 0xe7fff3e388a0
cceprint: [_ZN8cceprint7get_fpcEv] -> 0xe7fff3e388e8
cceprint: [_ZN8cceprint17get_icache_prl_stEv] -> 0xe7fff3e38930
cceprint: [_ZN8cceprint7get_immEm] -> 0xe7fff3e38978
cceprint: [_ZN8cceprint7get_immEmm] -> 0xe7fff3e3898c
cceprint: [_ZN8cceprint7get_immEmmm] -> 0xe7fff3e389a4
cceprint: [_ZN8cceprint7get_immEmmmm] -> 0xe7fff3e389c0
cceprint: [_ZN8cceprint9get_k_numEv] -> 0xe7fff3e389e0
cceprint: [_ZN8cceprint14get_l2_in_mainEv] -> 0xe7fff3e38a28
cceprint: [_ZN8cceprint17get_l2_vaddr_baseEv] -> 0xe7fff3e38a70
cceprint: [_ZN8cceprint9get_lpcntEv] -> 0xe7fff3e38ab8
cceprint: [_ZN8cceprint15get_max_min_cntEv] -> 0xe7fff3e38b00
cceprint: [_ZN8cceprint19get_overflow_statusEv] -> 0xe7fff3e38b48
cceprint: [_ZN8cceprint13get_para_baseEv] -> 0xe7fff3e38b90
cceprint: [_ZN8cceprint6get_pcEv] -> 0xe7fff3e38bd8
cceprint: [_ZN8cceprint14get_rpn_cor_irEv] -> 0xe7fff3e38c20
cceprint: [_ZN8cceprint12get_rsvd_cntEv] -> 0xe7fff3e38c68
cceprint: [_ZN8cceprint19get_safety_crc_dataEv] -> 0xe7fff3e38cb0
cceprint: [_ZN8cceprint17get_safety_crc_enEv] -> 0xe7fff3e38cf8
cceprint: [_ZN8cceprint16get_smmu_tag_verEv] -> 0xe7fff3e38d40
cceprint: [_ZN8cceprint17get_st_atomic_cfgEv] -> 0xe7fff3e38d88
cceprint: [_ZN8cceprint18get_stack_phy_baseEv] -> 0xe7fff3e38dd0
cceprint: [_ZN8cceprint10get_statusEv] -> 0xe7fff3e38e18
cceprint: [_ZN8cceprint15get_subblockdimEv] -> 0xe7fff3e38e20
cceprint: [_ZN8cceprint14get_subblockidEv] -> 0xe7fff3e38e68
cceprint: [_ZN8cceprint11get_sys_cntEv] -> 0xe7fff3e38eb0
cceprint: [_ZN8cceprint15get_sys_va_baseEv] -> 0xe7fff3e38ef8
cceprint: [_ZN8cceprint14get_thread_dimEv] -> 0xe7fff3e38f40
cceprint: [_ZN8cceprint13get_thread_idEv] -> 0xe7fff3e38f88
cceprint: [_ZN8cceprint6get_vlEv] -> 0xe7fff3e38fd0
cceprint: [_ZN8cceprint11get_vms4_srEv] -> 0xe7fff3e39018
cceprint: [_ZN8cceprint15hebcd_out_to_ubEPvS0_S0_m] -> 0xe7fff3e39060
cceprint: [_ZN8cceprint15hebcd_out_to_ubEPvS0_S0_hhbbhttht] -> 0xe7fff3e39250
cceprint: [_ZN8cceprint15hebce_l1_to_outEPvS0_S0_m] -> 0xe7fff3e39634
cceprint: [_ZN8cceprint15hebce_l1_to_outEPvS0_S0_bbhhbbhttht] -> 0xe7fff3e39824
cceprint: [_ZN8cceprint15hebce_ub_to_outEPvS0_S0_m] -> 0xe7fff3e39c78
cceprint: [_ZN8cceprint15hebce_ub_to_outEPvS0_S0_bbhhbbhttht] -> 0xe7fff3e39e68
cceprint: [_ZN8cceprint9hset_flagE6pipe_tS0_7event_t5mem_tb] -> 0xe7fff3e3a2bc
cceprint: [_ZN8cceprint9hset_flagE6pipe_tS0_m5mem_tb] -> 0xe7fff3e3a470
cceprint: [_ZN8cceprint10hwait_flagE6pipe_tS0_7event_t5mem_tb] -> 0xe7fff3e3a624
cceprint: [_ZN8cceprint10hwait_flagE6pipe_tS0_m5mem_tb] -> 0xe7fff3e3a7d8
cceprint: [_ZN8cceprint18img2col_cbuf_to_caEPN7float165Fp16TES2_mm7csize_t] -> 0xe7fff3e3a98c
cceprint: [_ZN8cceprint18img2col_cbuf_to_caEPN7float165Fp16TES2_hhssthhhhhhhhh7csize_t] -> 0xe7fff3e3ab24
cceprint: [_ZN8cceprint18img2col_cbuf_to_caEPaS0_mm7csize_t] -> 0xe7fff3e3afd4
cceprint: [_ZN8cceprint18img2col_cbuf_to_caEPaS0_hhssthhhhhhhhh7csize_t] -> 0xe7fff3e3b16c
cceprint: [_ZN8cceprint18img2col_cbuf_to_caEPhS0_mm7csize_t] -> 0xe7fff3e3b61c
cceprint: [_ZN8cceprint18img2col_cbuf_to_caEPhS0_hhssthhhhhhhhh7csize_t] -> 0xe7fff3e3b7b4
cceprint: [_ZN8cceprint18img2col_cbuf_to_cbEPN7float165Fp16TES2_mm7csize_t] -> 0xe7fff3e3bc64
cceprint: [_ZN8cceprint18img2col_cbuf_to_cbEPN7float165Fp16TES2_hhssthhhhhhhhh7csize_t] -> 0xe7fff3e3bdfc
cceprint: [_ZN8cceprint18img2col_cbuf_to_cbEPaS0_mm7csize_t] -> 0xe7fff3e3c2ac
cceprint: [_ZN8cceprint18img2col_cbuf_to_cbEPaS0_hhssthhhhhhhhh7csize_t] -> 0xe7fff3e3c444
cceprint: [_ZN8cceprint18img2col_cbuf_to_cbEPhS0_mm7csize_t] -> 0xe7fff3e3c8f4
cceprint: [_ZN8cceprint18img2col_cbuf_to_cbEPhS0_hhssthhhhhhhhh7csize_t] -> 0xe7fff3e3ca8c
cceprint: [_ZN8cceprint18img2col_cbuf_to_ubEPN7float165Fp16TES2_mm7csize_t] -> 0xe7fff3e3cf3c
cceprint: [_ZN8cceprint18img2col_cbuf_to_ubEPN7float165Fp16TES2_hhssthhhhhhhhh7csize_t] -> 0xe7fff3e3d0d4
cceprint: [_ZN8cceprint18img2col_cbuf_to_ubEPaS0_mm7csize_t] -> 0xe7fff3e3d584
cceprint: [_ZN8cceprint18img2col_cbuf_to_ubEPaS0_hhssthhhhhhhhh7csize_t] -> 0xe7fff3e3d71c
cceprint: [_ZN8cceprint18img2col_cbuf_to_ubEPhS0_mm7csize_t] -> 0xe7fff3e3dbcc
cceprint: [_ZN8cceprint18img2col_cbuf_to_ubEPhS0_hhssthhhhhhhhh7csize_t] -> 0xe7fff3e3dd64
cceprint: [_ZN8cceprint20img2colv2_cbuf_to_caEPN7float165Fp16TES2_mm] -> 0xe7fff3e3e214
cceprint: [_ZN8cceprint20img2colv2_cbuf_to_caEPN7float165Fp16TES2_mm4bm_t] -> 0xe7fff3e3e364
cceprint: [_ZN8cceprint20img2colv2_cbuf_to_caEPN7float165Fp16TES2_tttthhhhhhbt] -> 0xe7fff3e3e4fc
cceprint: [_ZN8cceprint20img2colv2_cbuf_to_caEPN7float165Fp16TES2_tttthhhhhhbt4bm_t] -> 0xe7fff3e3e8bc
cceprint: [_ZN8cceprint20img2colv2_cbuf_to_caEPN7float165Fp16TES2_tttthhhhhhbbbbt] -> 0xe7fff3e3ecc0
cceprint: [_ZN8cceprint20img2colv2_cbuf_to_caEPN8bfloat165Bf16TES2_mm] -> 0xe7fff3e3f128
cceprint: [_ZN8cceprint20img2colv2_cbuf_to_caEPN8bfloat165Bf16TES2_mm4bm_t] -> 0xe7fff3e3f278
cceprint: [_ZN8cceprint20img2colv2_cbuf_to_caEPN8bfloat165Bf16TES2_tttthhhhhhbt] -> 0xe7fff3e3f410
cceprint: [_ZN8cceprint20img2colv2_cbuf_to_caEPN8bfloat165Bf16TES2_tttthhhhhhbt4bm_t] -> 0xe7fff3e3f7d0
cceprint: [_ZN8cceprint20img2colv2_cbuf_to_caEPN8bfloat165Bf16TES2_tttthhhhhhbbbbt] -> 0xe7fff3e3fbd4
cceprint: [_ZN8cceprint20img2colv2_cbuf_to_caEPfS0_mm] -> 0xe7fff3e4003c
cceprint: [_ZN8cceprint20img2colv2_cbuf_to_caEPfS0_mm4bm_t] -> 0xe7fff3e4018c
cceprint: [_ZN8cceprint20img2colv2_cbuf_to_caEPfS0_tttthhhhhhbt] -> 0xe7fff3e40324
cceprint: [_ZN8cceprint20img2colv2_cbuf_to_caEPfS0_tttthhhhhhbt4bm_t] -> 0xe7fff3e406e4
cceprint: [_ZN8cceprint20img2colv2_cbuf_to_caEPfS0_tttthhhhhhbbbbt] -> 0xe7fff3e40ae8
cceprint: [_ZN8cceprint20img2colv2_cbuf_to_caEPiS0_mm] -> 0xe7fff3e40f50
cceprint: [_ZN8cceprint20img2colv2_cbuf_to_caEPiS0_mm4bm_t] -> 0xe7fff3e410a0
cceprint: [_ZN8cceprint20img2colv2_cbuf_to_caEPiS0_tttthhhhhhbt] -> 0xe7fff3e41238
cceprint: [_ZN8cceprint20img2colv2_cbuf_to_caEPiS0_tttthhhhhhbt4bm_t] -> 0xe7fff3e415f8
cceprint: [_ZN8cceprint20img2colv2_cbuf_to_caEPiS0_tttthhhhhhbbbbt] -> 0xe7fff3e419fc
cceprint: [_ZN8cceprint20img2colv2_cbuf_to_caEPaS0_mm] -> 0xe7fff3e41e64
cceprint: [_ZN8cceprint20img2colv2_cbuf_to_caEPaS0_mm4bm_t] -> 0xe7fff3e41fb4
cceprint: [_ZN8cceprint20img2colv2_cbuf_to_caEPaS0_tttthhhhhhbt] -> 0xe7fff3e4214c
cceprint: [_ZN8cceprint20img2colv2_cbuf_to_caEPaS0_tttthhhhhhbt4bm_t] -> 0xe7fff3e4250c
cceprint: [_ZN8cceprint20img2colv2_cbuf_to_caEPaS0_tttthhhhhhbbbbt] -> 0xe7fff3e42910
cceprint: [_ZN8cceprint20img2colv2_cbuf_to_caEPjS0_mm] -> 0xe7fff3e42d78
cceprint: [_ZN8cceprint20img2colv2_cbuf_to_caEPjS0_mm4bm_t] -> 0xe7fff3e42ec8
cceprint: [_ZN8cceprint20img2colv2_cbuf_to_caEPjS0_tttthhhhhhbt] -> 0xe7fff3e43060
cceprint: [_ZN8cceprint20img2colv2_cbuf_to_caEPjS0_tttthhhhhhbt4bm_t] -> 0xe7fff3e43420
cceprint: [_ZN8cceprint20img2colv2_cbuf_to_caEPjS0_tttthhhhhhbbbbt] -> 0xe7fff3e43824
cceprint: [_ZN8cceprint20img2colv2_cbuf_to_caEPhS0_mm] -> 0xe7fff3e43c8c
cceprint: [_ZN8cceprint20img2colv2_cbuf_to_caEPhS0_mm4bm_t] -> 0xe7fff3e43ddc
cceprint: [_ZN8cceprint20img2colv2_cbuf_to_caEPhS0_tttthhhhhhbt] -> 0xe7fff3e43f74
cceprint: [_ZN8cceprint20img2colv2_cbuf_to_caEPhS0_tttthhhhhhbt4bm_t] -> 0xe7fff3e44334
cceprint: [_ZN8cceprint20img2colv2_cbuf_to_caEPhS0_tttthhhhhhbbbbt] -> 0xe7fff3e44738
cceprint: [_ZN8cceprint23img2colv2_cbuf_to_ca_s4EPvS0_mm] -> 0xe7fff3e44ba0
cceprint: [_ZN8cceprint23img2colv2_cbuf_to_ca_s4EPvS0_mm4bm_t] -> 0xe7fff3e44cf0
cceprint: [_ZN8cceprint23img2colv2_cbuf_to_ca_s4EPvS0_tttthhhhhhbt] -> 0xe7fff3e44e88
cceprint: [_ZN8cceprint23img2colv2_cbuf_to_ca_s4EPvS0_tttthhhhhhbt4bm_t] -> 0xe7fff3e45248
cceprint: [_ZN8cceprint23img2colv2_cbuf_to_ca_s4EPvS0_tttthhhhhhbbbbt] -> 0xe7fff3e4564c
cceprint: [_ZN8cceprint20img2colv2_cbuf_to_cbEPN7float165Fp16TES2_mm] -> 0xe7fff3e45ab4
cceprint: [_ZN8cceprint20img2colv2_cbuf_to_cbEPN7float165Fp16TES2_mm4bm_t] -> 0xe7fff3e45c04
cceprint: [_ZN8cceprint20img2colv2_cbuf_to_cbEPN7float165Fp16TES2_tttthhhhhhbt] -> 0xe7fff3e45d9c
cceprint: [_ZN8cceprint20img2colv2_cbuf_to_cbEPN7float165Fp16TES2_tttthhhhhhbt4bm_t] -> 0xe7fff3e4615c
cceprint: [_ZN8cceprint20img2colv2_cbuf_to_cbEPN7float165Fp16TES2_tttthhhhhhbbbbt] -> 0xe7fff3e46560
cceprint: [_ZN8cceprint20img2colv2_cbuf_to_cbEPN8bfloat165Bf16TES2_mm] -> 0xe7fff3e469c8
cceprint: [_ZN8cceprint20img2colv2_cbuf_to_cbEPN8bfloat165Bf16TES2_mm4bm_t] -> 0xe7fff3e46b18
cceprint: [_ZN8cceprint20img2colv2_cbuf_to_cbEPN8bfloat165Bf16TES2_tttthhhhhhbt] -> 0xe7fff3e46cb0
cceprint: [_ZN8cceprint20img2colv2_cbuf_to_cbEPN8bfloat165Bf16TES2_tttthhhhhhbt4bm_t] -> 0xe7fff3e47070
cceprint: [_ZN8cceprint20img2colv2_cbuf_to_cbEPN8bfloat165Bf16TES2_tttthhhhhhbbbbt] -> 0xe7fff3e47474
cceprint: [_ZN8cceprint20img2colv2_cbuf_to_cbEPfS0_mm] -> 0xe7fff3e478dc
cceprint: [_ZN8cceprint20img2colv2_cbuf_to_cbEPfS0_mm4bm_t] -> 0xe7fff3e47a2c
cceprint: [_ZN8cceprint20img2colv2_cbuf_to_cbEPfS0_tttthhhhhhbt] -> 0xe7fff3e47bc4
cceprint: [_ZN8cceprint20img2colv2_cbuf_to_cbEPfS0_tttthhhhhhbt4bm_t] -> 0xe7fff3e47f84
cceprint: [_ZN8cceprint20img2colv2_cbuf_to_cbEPfS0_tttthhhhhhbbbbt] -> 0xe7fff3e48388
cceprint: [_ZN8cceprint20img2colv2_cbuf_to_cbEPiS0_mm] -> 0xe7fff3e487f0
cceprint: [_ZN8cceprint20img2colv2_cbuf_to_cbEPiS0_mm4bm_t] -> 0xe7fff3e48940
cceprint: [_ZN8cceprint20img2colv2_cbuf_to_cbEPiS0_tttthhhhhhbt] -> 0xe7fff3e48ad8
cceprint: [_ZN8cceprint20img2colv2_cbuf_to_cbEPiS0_tttthhhhhhbt4bm_t] -> 0xe7fff3e48e98
cceprint: [_ZN8cceprint20img2colv2_cbuf_to_cbEPiS0_tttthhhhhhbbbbt] -> 0xe7fff3e4929c
cceprint: [_ZN8cceprint20img2colv2_cbuf_to_cbEPaS0_mm] -> 0xe7fff3e49704
cceprint: [_ZN8cceprint20img2colv2_cbuf_to_cbEPaS0_mm4bm_t] -> 0xe7fff3e49854
cceprint: [_ZN8cceprint20img2colv2_cbuf_to_cbEPaS0_tttthhhhhhbt] -> 0xe7fff3e499ec
cceprint: [_ZN8cceprint20img2colv2_cbuf_to_cbEPaS0_tttthhhhhhbt4bm_t] -> 0xe7fff3e49dac
cceprint: [_ZN8cceprint20img2colv2_cbuf_to_cbEPaS0_tttthhhhhhbbbbt] -> 0xe7fff3e4a1b0
cceprint: [_ZN8cceprint20img2colv2_cbuf_to_cbEPjS0_mm] -> 0xe7fff3e4a618
cceprint: [_ZN8cceprint20img2colv2_cbuf_to_cbEPjS0_mm4bm_t] -> 0xe7fff3e4a768
cceprint: [_ZN8cceprint20img2colv2_cbuf_to_cbEPjS0_tttthhhhhhbt] -> 0xe7fff3e4a900
cceprint: [_ZN8cceprint20img2colv2_cbuf_to_cbEPjS0_tttthhhhhhbt4bm_t] -> 0xe7fff3e4acc0
cceprint: [_ZN8cceprint20img2colv2_cbuf_to_cbEPjS0_tttthhhhhhbbbbt] -> 0xe7fff3e4b0c4
cceprint: [_ZN8cceprint20img2colv2_cbuf_to_cbEPhS0_mm] -> 0xe7fff3e4b52c
cceprint: [_ZN8cceprint20img2colv2_cbuf_to_cbEPhS0_mm4bm_t] -> 0xe7fff3e4b67c
cceprint: [_ZN8cceprint20img2colv2_cbuf_to_cbEPhS0_tttthhhhhhbt] -> 0xe7fff3e4b814
cceprint: [_ZN8cceprint20img2colv2_cbuf_to_cbEPhS0_tttthhhhhhbt4bm_t] -> 0xe7fff3e4bbd4
cceprint: [_ZN8cceprint20img2colv2_cbuf_to_cbEPhS0_tttthhhhhhbbbbt] -> 0xe7fff3e4bfd8
cceprint: [_ZN8cceprint23img2colv2_cbuf_to_cb_s4EPvS0_mm] -> 0xe7fff3e4c440
cceprint: [_ZN8cceprint23img2colv2_cbuf_to_cb_s4EPvS0_mm4bm_t] -> 0xe7fff3e4c590
cceprint: [_ZN8cceprint23img2colv2_cbuf_to_cb_s4EPvS0_tttthhhhhhbt] -> 0xe7fff3e4c728
cceprint: [_ZN8cceprint23img2colv2_cbuf_to_cb_s4EPvS0_tttthhhhhhbt4bm_t] -> 0xe7fff3e4cae8
cceprint: [_ZN8cceprint23img2colv2_cbuf_to_cb_s4EPvS0_tttthhhhhhbbbbt] -> 0xe7fff3e4ceec
cceprint: [_ZN8cceprint20img2colv2_cbuf_to_ubEPN7float165Fp16TES2_mm] -> 0xe7fff3e4d354
cceprint: [_ZN8cceprint20img2colv2_cbuf_to_ubEPN7float165Fp16TES2_mm4bm_t] -> 0xe7fff3e4d4a4
cceprint: [_ZN8cceprint20img2colv2_cbuf_to_ubEPN7float165Fp16TES2_tttthhhhhhbt] -> 0xe7fff3e4d63c
cceprint: [_ZN8cceprint20img2colv2_cbuf_to_ubEPN7float165Fp16TES2_tttthhhhhhbt4bm_t] -> 0xe7fff3e4d9fc
cceprint: [_ZN8cceprint20img2colv2_cbuf_to_ubEPN7float165Fp16TES2_tttthhhhhhbbbbt] -> 0xe7fff3e4de00
cceprint: [_ZN8cceprint20img2colv2_cbuf_to_ubEPfS0_mm] -> 0xe7fff3e4e268
cceprint: [_ZN8cceprint20img2colv2_cbuf_to_ubEPfS0_mm4bm_t] -> 0xe7fff3e4e3b8
cceprint: [_ZN8cceprint20img2colv2_cbuf_to_ubEPfS0_tttthhhhhhbt] -> 0xe7fff3e4e550
cceprint: [_ZN8cceprint20img2colv2_cbuf_to_ubEPfS0_tttthhhhhhbt4bm_t] -> 0xe7fff3e4e910
cceprint: [_ZN8cceprint20img2colv2_cbuf_to_ubEPfS0_tttthhhhhhbbbbt] -> 0xe7fff3e4ed14
cceprint: [_ZN8cceprint20img2colv2_cbuf_to_ubEPiS0_mm] -> 0xe7fff3e4f17c
cceprint: [_ZN8cceprint20img2colv2_cbuf_to_ubEPiS0_mm4bm_t] -> 0xe7fff3e4f2cc
cceprint: [_ZN8cceprint20img2colv2_cbuf_to_ubEPiS0_tttthhhhhhbt] -> 0xe7fff3e4f464
cceprint: [_ZN8cceprint20img2colv2_cbuf_to_ubEPiS0_tttthhhhhhbt4bm_t] -> 0xe7fff3e4f824
cceprint: [_ZN8cceprint20img2colv2_cbuf_to_ubEPiS0_tttthhhhhhbbbbt] -> 0xe7fff3e4fc28
cceprint: [_ZN8cceprint20img2colv2_cbuf_to_ubEPaS0_mm] -> 0xe7fff3e50090
cceprint: [_ZN8cceprint20img2colv2_cbuf_to_ubEPaS0_mm4bm_t] -> 0xe7fff3e501e0
cceprint: [_ZN8cceprint20img2colv2_cbuf_to_ubEPaS0_tttthhhhhhbt] -> 0xe7fff3e50378
cceprint: [_ZN8cceprint20img2colv2_cbuf_to_ubEPaS0_tttthhhhhhbt4bm_t] -> 0xe7fff3e50738
cceprint: [_ZN8cceprint20img2colv2_cbuf_to_ubEPaS0_tttthhhhhhbbbbt] -> 0xe7fff3e50b3c
cceprint: [_ZN8cceprint20img2colv2_cbuf_to_ubEPjS0_mm] -> 0xe7fff3e50fa4
cceprint: [_ZN8cceprint20img2colv2_cbuf_to_ubEPjS0_mm4bm_t] -> 0xe7fff3e510f4
cceprint: [_ZN8cceprint20img2colv2_cbuf_to_ubEPjS0_tttthhhhhhbt] -> 0xe7fff3e5128c
cceprint: [_ZN8cceprint20img2colv2_cbuf_to_ubEPjS0_tttthhhhhhbt4bm_t] -> 0xe7fff3e5164c
cceprint: [_ZN8cceprint20img2colv2_cbuf_to_ubEPjS0_tttthhhhhhbbbbt] -> 0xe7fff3e51a50
cceprint: [_ZN8cceprint20img2colv2_cbuf_to_ubEPhS0_mm] -> 0xe7fff3e51eb8
cceprint: [_ZN8cceprint20img2colv2_cbuf_to_ubEPhS0_mm4bm_t] -> 0xe7fff3e52008
cceprint: [_ZN8cceprint20img2colv2_cbuf_to_ubEPhS0_tttthhhhhhbt] -> 0xe7fff3e521a0
cceprint: [_ZN8cceprint20img2colv2_cbuf_to_ubEPhS0_tttthhhhhhbt4bm_t] -> 0xe7fff3e52560
cceprint: [_ZN8cceprint20img2colv2_cbuf_to_ubEPhS0_tttthhhhhhbbbbt] -> 0xe7fff3e52964
cceprint: [_ZN8cceprint23img2colv2_cbuf_to_ub_s4EPvS0_mm] -> 0xe7fff3e52dcc
cceprint: [_ZN8cceprint23img2colv2_cbuf_to_ub_s4EPvS0_mm4bm_t] -> 0xe7fff3e52f1c
cceprint: [_ZN8cceprint23img2colv2_cbuf_to_ub_s4EPvS0_tttthhhhhhbt] -> 0xe7fff3e530b4
cceprint: [_ZN8cceprint23img2colv2_cbuf_to_ub_s4EPvS0_tttthhhhhhbt4bm_t] -> 0xe7fff3e53474
cceprint: [_ZN8cceprint23img2colv2_cbuf_to_ub_s4EPvS0_tttthhhhhhbbbbt] -> 0xe7fff3e53878
cceprint: [_ZN8cceprint10insert_immEmhhb] -> 0xe7fff3e53ce0
cceprint: [_ZN8cceprint10insert_regEmmhh] -> 0xe7fff3e53d38
cceprint: [_ZN8cceprint6ld_devEPts] -> 0xe7fff3e53d90
cceprint: [_ZN8cceprint6ld_devEPjs] -> 0xe7fff3e53de0
cceprint: [_ZN8cceprint6ld_devEPms] -> 0xe7fff3e53e30
cceprint: [_ZN8cceprint6ld_devEPhs] -> 0xe7fff3e53e80
cceprint: [_ZN8cceprint4ldvaE10ub_addr8_tmb] -> 0xe7fff3e53ed0
cceprint: [_ZN8cceprint15load_cbuf_to_caEPN8bfloat165Bf16TES2_mb] -> 0xe7fff3e53fe4
cceprint: [_ZN8cceprint15load_cbuf_to_caEPN8bfloat165Bf16TES2_mb15addr_cal_mode_t] -> 0xe7fff3e54128
cceprint: [_ZN8cceprint15load_cbuf_to_caEPN8bfloat165Bf16TES2_thtthb15addr_cal_mode_t] -> 0xe7fff3e542b4
cceprint: [_ZN8cceprint15load_cbuf_to_caEPN8bfloat165Bf16TES2_thtthbb15addr_cal_mode_t] -> 0xe7fff3e54538
cceprint: [_ZN8cceprint15load_cbuf_to_caEPN8bfloat165Bf16TES2_ththb] -> 0xe7fff3e547f4
cceprint: [_ZN8cceprint15load_cbuf_to_caEPN8bfloat165Bf16TES2_thttb15addr_cal_mode_t] -> 0xe7fff3e549f8
cceprint: [_ZN8cceprint15load_cbuf_to_caEPN8bfloat165Bf16TES2_mmb] -> 0xe7fff3e54c38
cceprint: [_ZN8cceprint15load_cbuf_to_caEPN8bfloat165Bf16TES2_tthhttb] -> 0xe7fff3e54dc4
cceprint: [_ZN8cceprint15load_cbuf_to_caEPN7float165Fp16TES2_tthhstb] -> 0xe7fff3e5503c
cceprint: [_ZN8cceprint15load_cbuf_to_caEPhS0_tthhstb] -> 0xe7fff3e552b4
cceprint: [_ZN8cceprint15load_cbuf_to_caEPaS0_tthhstb] -> 0xe7fff3e5552c
cceprint: [_ZN8cceprint15load_cbuf_to_caEPsS0_tthhstb] -> 0xe7fff3e557a4
cceprint: [_ZN8cceprint15load_cbuf_to_caEPtS0_tthhstb] -> 0xe7fff3e55a1c
cceprint: [_ZN8cceprint15load_cbuf_to_caEPN7float165Fp16TES2_mb] -> 0xe7fff3e55c94
cceprint: [_ZN8cceprint15load_cbuf_to_caEPN7float165Fp16TES2_mb15addr_cal_mode_t] -> 0xe7fff3e55dd8
cceprint: [_ZN8cceprint15load_cbuf_to_caEPN7float165Fp16TES2_thtthb15addr_cal_mode_t] -> 0xe7fff3e55f64
cceprint: [_ZN8cceprint15load_cbuf_to_caEPN7float165Fp16TES2_thtthbb15addr_cal_mode_t] -> 0xe7fff3e561e8
cceprint: [_ZN8cceprint15load_cbuf_to_caEPN7float165Fp16TES2_ththb] -> 0xe7fff3e564a4
cceprint: [_ZN8cceprint15load_cbuf_to_caEPN7float165Fp16TES2_thttb15addr_cal_mode_t] -> 0xe7fff3e566a8
cceprint: [_ZN8cceprint15load_cbuf_to_caEPfS0_mb15addr_cal_mode_t] -> 0xe7fff3e568e8
cceprint: [_ZN8cceprint15load_cbuf_to_caEPfS0_thtthb15addr_cal_mode_t] -> 0xe7fff3e56a74
cceprint: [_ZN8cceprint15load_cbuf_to_caEPfS0_thtthbb15addr_cal_mode_t] -> 0xe7fff3e56cf8
cceprint: [_ZN8cceprint15load_cbuf_to_caEPfS0_thttb15addr_cal_mode_t] -> 0xe7fff3e56fb4
cceprint: [_ZN8cceprint15load_cbuf_to_caEPiS0_mb15addr_cal_mode_t] -> 0xe7fff3e571f4
cceprint: [_ZN8cceprint15load_cbuf_to_caEPiS0_thtthb15addr_cal_mode_t] -> 0xe7fff3e57380
cceprint: [_ZN8cceprint15load_cbuf_to_caEPiS0_thtthbb15addr_cal_mode_t] -> 0xe7fff3e57604
cceprint: [_ZN8cceprint15load_cbuf_to_caEPiS0_thttb15addr_cal_mode_t] -> 0xe7fff3e578c0
cceprint: [_ZN8cceprint15load_cbuf_to_caEPaS0_mb] -> 0xe7fff3e57b00
cceprint: [_ZN8cceprint15load_cbuf_to_caEPaS0_mb15addr_cal_mode_t] -> 0xe7fff3e57c44
cceprint: [_ZN8cceprint15load_cbuf_to_caEPaS0_thtthb15addr_cal_mode_t] -> 0xe7fff3e57dd0
cceprint: [_ZN8cceprint15load_cbuf_to_caEPaS0_thtthbb15addr_cal_mode_t] -> 0xe7fff3e58054
cceprint: [_ZN8cceprint15load_cbuf_to_caEPaS0_ththb] -> 0xe7fff3e58310
cceprint: [_ZN8cceprint15load_cbuf_to_caEPaS0_thttb15addr_cal_mode_t] -> 0xe7fff3e58514
cceprint: [_ZN8cceprint15load_cbuf_to_caEPjS0_mb15addr_cal_mode_t] -> 0xe7fff3e58754
cceprint: [_ZN8cceprint15load_cbuf_to_caEPjS0_thtthb15addr_cal_mode_t] -> 0xe7fff3e588e0
cceprint: [_ZN8cceprint15load_cbuf_to_caEPjS0_thtthbb15addr_cal_mode_t] -> 0xe7fff3e58b64
cceprint: [_ZN8cceprint15load_cbuf_to_caEPjS0_thttb15addr_cal_mode_t] -> 0xe7fff3e58e20
cceprint: [_ZN8cceprint15load_cbuf_to_caEPhS0_mb] -> 0xe7fff3e59060
cceprint: [_ZN8cceprint15load_cbuf_to_caEPhS0_mb15addr_cal_mode_t] -> 0xe7fff3e591a4
cceprint: [_ZN8cceprint15load_cbuf_to_caEPhS0_thtthb15addr_cal_mode_t] -> 0xe7fff3e59330
cceprint: [_ZN8cceprint15load_cbuf_to_caEPhS0_thtthbb15addr_cal_mode_t] -> 0xe7fff3e595b4
cceprint: [_ZN8cceprint15load_cbuf_to_caEPhS0_ththb] -> 0xe7fff3e59870
cceprint: [_ZN8cceprint15load_cbuf_to_caEPhS0_thttb15addr_cal_mode_t] -> 0xe7fff3e59a74
cceprint: [_ZN8cceprint15load_cbuf_to_caEPN7float165Fp16TES2_ththb15addr_cal_mode_t] -> 0xe7fff3e59cb4
cceprint: [_ZN8cceprint15load_cbuf_to_caEPaS0_ththb15addr_cal_mode_t] -> 0xe7fff3e59f00
cceprint: [_ZN8cceprint15load_cbuf_to_caEPhS0_ththb15addr_cal_mode_t] -> 0xe7fff3e5a14c
cceprint: [_ZN8cceprint18load_cbuf_to_ca_s4EPvS0_mb15addr_cal_mode_t] -> 0xe7fff3e5a398
cceprint: [_ZN8cceprint18load_cbuf_to_ca_s4EPvS0_thtthb15addr_cal_mode_t] -> 0xe7fff3e5a524
cceprint: [_ZN8cceprint18load_cbuf_to_ca_s4EPvS0_thtthbb15addr_cal_mode_t] -> 0xe7fff3e5a7a8
cceprint: [_ZN8cceprint18load_cbuf_to_ca_s4EPvS0_tthhstb] -> 0xe7fff3e5aa64
cceprint: [_ZN8cceprint25load_cbuf_to_ca_transposeEPN7float165Fp16TES2_mm] -> 0xe7fff3e5acdc
cceprint: [_ZN8cceprint25load_cbuf_to_ca_transposeEPN7float165Fp16TES2_thttbt] -> 0xe7fff3e5ae2c
cceprint: [_ZN8cceprint25load_cbuf_to_ca_transposeEPfS0_mm] -> 0xe7fff3e5b060
cceprint: [_ZN8cceprint25load_cbuf_to_ca_transposeEPfS0_thttbt] -> 0xe7fff3e5b1b0
cceprint: [_ZN8cceprint25load_cbuf_to_ca_transposeEPiS0_mm] -> 0xe7fff3e5b3e4
cceprint: [_ZN8cceprint25load_cbuf_to_ca_transposeEPiS0_thttbt] -> 0xe7fff3e5b534
cceprint: [_ZN8cceprint25load_cbuf_to_ca_transposeEPaS0_mm] -> 0xe7fff3e5b768
cceprint: [_ZN8cceprint25load_cbuf_to_ca_transposeEPaS0_thttbt] -> 0xe7fff3e5b8b8
cceprint: [_ZN8cceprint25load_cbuf_to_ca_transposeEPjS0_mm] -> 0xe7fff3e5baec
cceprint: [_ZN8cceprint25load_cbuf_to_ca_transposeEPjS0_thttbt] -> 0xe7fff3e5bc3c
cceprint: [_ZN8cceprint25load_cbuf_to_ca_transposeEPhS0_mm] -> 0xe7fff3e5be70
cceprint: [_ZN8cceprint25load_cbuf_to_ca_transposeEPhS0_thttbt] -> 0xe7fff3e5bfc0
cceprint: [_ZN8cceprint25load_cbuf_to_ca_transposeEPN8bfloat165Bf16TES2_thttbt] -> 0xe7fff3e5c1f4
cceprint: [_ZN8cceprint24load_cbuf_to_ca_winogradEPN7float165Fp16TES2_mm] -> 0xe7fff3e5c428
cceprint: [_ZN8cceprint24load_cbuf_to_ca_winogradEPN7float165Fp16TES2_ttthhhhtttt] -> 0xe7fff3e5c578
cceprint: [_ZN8cceprint24load_cbuf_to_ca_winogradEPaS0_mm] -> 0xe7fff3e5c8e8
cceprint: [_ZN8cceprint24load_cbuf_to_ca_winogradEPaS0_ttthhhhtttt] -> 0xe7fff3e5ca38
cceprint: [_ZN8cceprint24load_cbuf_to_ca_winogradEPhS0_mm] -> 0xe7fff3e5cda8
cceprint: [_ZN8cceprint24load_cbuf_to_ca_winogradEPhS0_ttthhhhtttt] -> 0xe7fff3e5cef8
cceprint: [_ZN8cceprint27load_cbuf_to_ca_winograd_v2EPsS0_mm] -> 0xe7fff3e5d268
cceprint: [_ZN8cceprint27load_cbuf_to_ca_winograd_v2EPsS0_ttthhtttt] -> 0xe7fff3e5d3b8
cceprint: [_ZN8cceprint27load_cbuf_to_ca_winograd_v2EPsS0_ttthhttttb] -> 0xe7fff3e5d6a0
cceprint: [_ZN8cceprint27load_cbuf_to_ca_winograd_v2EPaS0_mm] -> 0xe7fff3e5d9c0
cceprint: [_ZN8cceprint27load_cbuf_to_ca_winograd_v2EPaS0_ttthhtttt] -> 0xe7fff3e5db10
cceprint: [_ZN8cceprint27load_cbuf_to_ca_winograd_v2EPaS0_ttthhttttb] -> 0xe7fff3e5ddf8
cceprint: [_ZN8cceprint27load_cbuf_to_ca_winograd_v2EPhS0_mm] -> 0xe7fff3e5e118
cceprint: [_ZN8cceprint27load_cbuf_to_ca_winograd_v2EPhS0_ttthhttttb] -> 0xe7fff3e5e268
cceprint: [_ZN8cceprint15load_cbuf_to_cbEPN8bfloat165Bf16TES2_mb] -> 0xe7fff3e5e588
cceprint: [_ZN8cceprint15load_cbuf_to_cbEPN8bfloat165Bf16TES2_mb15addr_cal_mode_t] -> 0xe7fff3e5e6cc
cceprint: [_ZN8cceprint15load_cbuf_to_cbEPN8bfloat165Bf16TES2_thtthb15addr_cal_mode_t] -> 0xe7fff3e5e858
cceprint: [_ZN8cceprint15load_cbuf_to_cbEPN8bfloat165Bf16TES2_thtthbb15addr_cal_mode_t] -> 0xe7fff3e5eadc
cceprint: [_ZN8cceprint15load_cbuf_to_cbEPN8bfloat165Bf16TES2_ththb] -> 0xe7fff3e5ed98
cceprint: [_ZN8cceprint15load_cbuf_to_cbEPN8bfloat165Bf16TES2_thttb15addr_cal_mode_t] -> 0xe7fff3e5ef9c
cceprint: [_ZN8cceprint15load_cbuf_to_cbEPN8bfloat165Bf16TES2_mmb] -> 0xe7fff3e5f1dc
cceprint: [_ZN8cceprint15load_cbuf_to_cbEPN8bfloat165Bf16TES2_tthhttb] -> 0xe7fff3e5f368
cceprint: [_ZN8cceprint15load_cbuf_to_cbEPN7float165Fp16TES2_tthhstb] -> 0xe7fff3e5f5e0
cceprint: [_ZN8cceprint15load_cbuf_to_cbEPaS0_tthhstb] -> 0xe7fff3e5f858
cceprint: [_ZN8cceprint15load_cbuf_to_cbEPhS0_tthhstb] -> 0xe7fff3e5fad0
cceprint: [_ZN8cceprint15load_cbuf_to_cbEPsS0_tthhstb] -> 0xe7fff3e5fd48
cceprint: [_ZN8cceprint15load_cbuf_to_cbEPtS0_tthhstb] -> 0xe7fff3e5ffc0
cceprint: [_ZN8cceprint15load_cbuf_to_cbEPN7float165Fp16TES2_mb] -> 0xe7fff3e60238
cceprint: [_ZN8cceprint15load_cbuf_to_cbEPN7float165Fp16TES2_mb15addr_cal_mode_t] -> 0xe7fff3e6037c
cceprint: [_ZN8cceprint15load_cbuf_to_cbEPN7float165Fp16TES2_thtthb15addr_cal_mode_t] -> 0xe7fff3e60508
cceprint: [_ZN8cceprint15load_cbuf_to_cbEPN7float165Fp16TES2_thtthbb15addr_cal_mode_t] -> 0xe7fff3e6078c
cceprint: [_ZN8cceprint15load_cbuf_to_cbEPN7float165Fp16TES2_ththb] -> 0xe7fff3e60a48
cceprint: [_ZN8cceprint15load_cbuf_to_cbEPN7float165Fp16TES2_thttb15addr_cal_mode_t] -> 0xe7fff3e60c4c
cceprint: [_ZN8cceprint15load_cbuf_to_cbEPfS0_mb15addr_cal_mode_t] -> 0xe7fff3e60e8c
cceprint: [_ZN8cceprint15load_cbuf_to_cbEPfS0_thtthb15addr_cal_mode_t] -> 0xe7fff3e61018
cceprint: [_ZN8cceprint15load_cbuf_to_cbEPfS0_thtthbb15addr_cal_mode_t] -> 0xe7fff3e6129c
cceprint: [_ZN8cceprint15load_cbuf_to_cbEPfS0_thttb15addr_cal_mode_t] -> 0xe7fff3e61558
cceprint: [_ZN8cceprint15load_cbuf_to_cbEPiS0_mb15addr_cal_mode_t] -> 0xe7fff3e61798
cceprint: [_ZN8cceprint15load_cbuf_to_cbEPiS0_thtthb15addr_cal_mode_t] -> 0xe7fff3e61924
cceprint: [_ZN8cceprint15load_cbuf_to_cbEPiS0_thtthbb15addr_cal_mode_t] -> 0xe7fff3e61ba8
cceprint: [_ZN8cceprint15load_cbuf_to_cbEPiS0_thttb15addr_cal_mode_t] -> 0xe7fff3e61e64
cceprint: [_ZN8cceprint15load_cbuf_to_cbEPaS0_mb] -> 0xe7fff3e620a4
cceprint: [_ZN8cceprint15load_cbuf_to_cbEPaS0_mb15addr_cal_mode_t] -> 0xe7fff3e621e8
cceprint: [_ZN8cceprint15load_cbuf_to_cbEPaS0_thtthb15addr_cal_mode_t] -> 0xe7fff3e62374
cceprint: [_ZN8cceprint15load_cbuf_to_cbEPaS0_thtthbb15addr_cal_mode_t] -> 0xe7fff3e625f8
cceprint: [_ZN8cceprint15load_cbuf_to_cbEPaS0_ththb] -> 0xe7fff3e628b4
cceprint: [_ZN8cceprint15load_cbuf_to_cbEPaS0_thttb15addr_cal_mode_t] -> 0xe7fff3e62ab8
cceprint: [_ZN8cceprint15load_cbuf_to_cbEPjS0_mb15addr_cal_mode_t] -> 0xe7fff3e62cf8
cceprint: [_ZN8cceprint15load_cbuf_to_cbEPjS0_thtthb15addr_cal_mode_t] -> 0xe7fff3e62e84
cceprint: [_ZN8cceprint15load_cbuf_to_cbEPjS0_thtthbb15addr_cal_mode_t] -> 0xe7fff3e63108
cceprint: [_ZN8cceprint15load_cbuf_to_cbEPjS0_thttb15addr_cal_mode_t] -> 0xe7fff3e633c4
cceprint: [_ZN8cceprint15load_cbuf_to_cbEPhS0_mb] -> 0xe7fff3e63604
cceprint: [_ZN8cceprint15load_cbuf_to_cbEPhS0_mb15addr_cal_mode_t] -> 0xe7fff3e63748
cceprint: [_ZN8cceprint15load_cbuf_to_cbEPhS0_thtthb15addr_cal_mode_t] -> 0xe7fff3e638d4
cceprint: [_ZN8cceprint15load_cbuf_to_cbEPhS0_thtthbb15addr_cal_mode_t] -> 0xe7fff3e63b58
cceprint: [_ZN8cceprint15load_cbuf_to_cbEPhS0_ththb] -> 0xe7fff3e63e14
cceprint: [_ZN8cceprint15load_cbuf_to_cbEPhS0_thttb15addr_cal_mode_t] -> 0xe7fff3e64018
cceprint: [_ZN8cceprint15load_cbuf_to_cbEPN7float165Fp16TES2_ththb15addr_cal_mode_t] -> 0xe7fff3e64258
cceprint: [_ZN8cceprint15load_cbuf_to_cbEPaS0_ththb15addr_cal_mode_t] -> 0xe7fff3e644a4
cceprint: [_ZN8cceprint15load_cbuf_to_cbEPhS0_ththb15addr_cal_mode_t] -> 0xe7fff3e646f0
cceprint: [_ZN8cceprint18load_cbuf_to_cb_b2EPvS0_m] -> 0xe7fff3e6493c
cceprint: [_ZN8cceprint18load_cbuf_to_cb_b2EPN7float165Fp16TES2_m] -> 0xe7fff3e64a44
cceprint: [_ZN8cceprint18load_cbuf_to_cb_b2EPN7float165Fp16TES2_hh] -> 0xe7fff3e64b4c
cceprint: [_ZN8cceprint18load_cbuf_to_cb_b2EPN7float165Fp16TES2_h] -> 0xe7fff3e64c9c
cceprint: [_ZN8cceprint18load_cbuf_to_cb_b2EPaS0_m] -> 0xe7fff3e64da4
cceprint: [_ZN8cceprint18load_cbuf_to_cb_b2EPaS0_hh] -> 0xe7fff3e64eac
cceprint: [_ZN8cceprint18load_cbuf_to_cb_b2EPaS0_h] -> 0xe7fff3e64ffc
cceprint: [_ZN8cceprint18load_cbuf_to_cb_b2EPhS0_m] -> 0xe7fff3e65104
cceprint: [_ZN8cceprint18load_cbuf_to_cb_b2EPhS0_hh] -> 0xe7fff3e6520c
cceprint: [_ZN8cceprint18load_cbuf_to_cb_b2EPhS0_h] -> 0xe7fff3e6535c
cceprint: [_ZN8cceprint18load_cbuf_to_cb_s4EPvS0_mb15addr_cal_mode_t] -> 0xe7fff3e65464
cceprint: [_ZN8cceprint18load_cbuf_to_cb_s4EPvS0_thtthb15addr_cal_mode_t] -> 0xe7fff3e655f0
cceprint: [_ZN8cceprint18load_cbuf_to_cb_s4EPvS0_thtthbb15addr_cal_mode_t] -> 0xe7fff3e65874
cceprint: [_ZN8cceprint18load_cbuf_to_cb_s4EPvS0_tthhstb] -> 0xe7fff3e65b30
cceprint: [_ZN8cceprint18load_gm_to_ca_2dv2EPN7float165Fp16TES2_jjihhhh] -> 0xe7fff3e65da8
cceprint: [_ZN8cceprint18load_gm_to_ca_2dv2EPfS0_jjihhhh] -> 0xe7fff3e660b0
cceprint: [_ZN8cceprint18load_gm_to_ca_2dv2EPsS0_jjihhhh] -> 0xe7fff3e663b8
cceprint: [_ZN8cceprint18load_gm_to_ca_2dv2EPiS0_jjihhhh] -> 0xe7fff3e666c0
cceprint: [_ZN8cceprint18load_gm_to_ca_2dv2EPjS0_jjihhhh] -> 0xe7fff3e669c8
cceprint: [_ZN8cceprint18load_gm_to_ca_2dv2EPlPijjihhhh] -> 0xe7fff3e66cd0
cceprint: [_ZN8cceprint18load_gm_to_ca_2dv2EPaS0_jjihhhh] -> 0xe7fff3e66fd8
cceprint: [_ZN8cceprint18load_gm_to_ca_2dv2EPhS0_jjihhhh] -> 0xe7fff3e672e0
cceprint: [_ZN8cceprint21load_gm_to_ca_2dv2_s4EPvS0_jjihhhh] -> 0xe7fff3e675e8
cceprint: [_ZN8cceprint18load_gm_to_cb_2dv2EPN7float165Fp16TES2_jjihhhh] -> 0xe7fff3e678f0
cceprint: [_ZN8cceprint18load_gm_to_cb_2dv2EPfS0_jjihhhh] -> 0xe7fff3e67bf8
cceprint: [_ZN8cceprint18load_gm_to_cb_2dv2EPsS0_jjihhhh] -> 0xe7fff3e67f00
cceprint: [_ZN8cceprint18load_gm_to_cb_2dv2EPiS0_jjihhhh] -> 0xe7fff3e68208
cceprint: [_ZN8cceprint18load_gm_to_cb_2dv2EPjS0_jjihhhh] -> 0xe7fff3e68510
cceprint: [_ZN8cceprint18load_gm_to_cb_2dv2EPlS0_jjihhhh] -> 0xe7fff3e68818
cceprint: [_ZN8cceprint18load_gm_to_cb_2dv2EPaS0_jjihhhh] -> 0xe7fff3e68b20
cceprint: [_ZN8cceprint18load_gm_to_cb_2dv2EPhS0_jjihhhh] -> 0xe7fff3e68e28
cceprint: [_ZN8cceprint21load_gm_to_cb_2dv2_s4EPvS0_jjihhhh] -> 0xe7fff3e69130
cceprint: [_ZN8cceprint20load_gm_to_cbuf_2dv2EPN7float165Fp16TES2_jjihhhh] -> 0xe7fff3e69438
cceprint: [_ZN8cceprint20load_gm_to_cbuf_2dv2EPfS0_jjihhhh] -> 0xe7fff3e69740
cceprint: [_ZN8cceprint20load_gm_to_cbuf_2dv2EPsS0_jjihhhh] -> 0xe7fff3e69a48
cceprint: [_ZN8cceprint20load_gm_to_cbuf_2dv2EPiS0_jjihhhh] -> 0xe7fff3e69d50
cceprint: [_ZN8cceprint20load_gm_to_cbuf_2dv2EPjS0_jjihhhh] -> 0xe7fff3e6a058
cceprint: [_ZN8cceprint20load_gm_to_cbuf_2dv2EPlS0_jjihhhh] -> 0xe7fff3e6a360
cceprint: [_ZN8cceprint20load_gm_to_cbuf_2dv2EPaS0_jjihhhh] -> 0xe7fff3e6a668
cceprint: [_ZN8cceprint20load_gm_to_cbuf_2dv2EPhS0_jjihhhh] -> 0xe7fff3e6a970
cceprint: [_ZN8cceprint23load_gm_to_cbuf_2dv2_s4EPvS0_jjihhhh] -> 0xe7fff3e6ac78
cceprint: [_ZN8cceprint18load_cbuf_to_cb_spEPaS0_m] -> 0xe7fff3e6af80
cceprint: [_ZN8cceprint18load_cbuf_to_cb_spEPaS0_th] -> 0xe7fff3e6b088
cceprint: [_ZN8cceprint25load_cbuf_to_cb_transposeEPN7float165Fp16TES2_mm] -> 0xe7fff3e6b1cc
cceprint: [_ZN8cceprint25load_cbuf_to_cb_transposeEPN7float165Fp16TES2_thttbt] -> 0xe7fff3e6b31c
cceprint: [_ZN8cceprint25load_cbuf_to_cb_transposeEPN8bfloat165Bf16TES2_thttbt] -> 0xe7fff3e6b550
cceprint: [_ZN8cceprint25load_cbuf_to_cb_transposeEPfS0_mm] -> 0xe7fff3e6b784
cceprint: [_ZN8cceprint25load_cbuf_to_cb_transposeEPfS0_thttbt] -> 0xe7fff3e6b8d4
cceprint: [_ZN8cceprint25load_cbuf_to_cb_transposeEPiS0_mm] -> 0xe7fff3e6bb08
cceprint: [_ZN8cceprint25load_cbuf_to_cb_transposeEPiS0_thttbt] -> 0xe7fff3e6bc58
cceprint: [_ZN8cceprint25load_cbuf_to_cb_transposeEPaS0_mm] -> 0xe7fff3e6be8c
cceprint: [_ZN8cceprint25load_cbuf_to_cb_transposeEPaS0_thttbt] -> 0xe7fff3e6bfdc
cceprint: [_ZN8cceprint25load_cbuf_to_cb_transposeEPjS0_mm] -> 0xe7fff3e6c210
cceprint: [_ZN8cceprint25load_cbuf_to_cb_transposeEPjS0_thttbt] -> 0xe7fff3e6c360
cceprint: [_ZN8cceprint25load_cbuf_to_cb_transposeEPhS0_mm] -> 0xe7fff3e6c594
cceprint: [_ZN8cceprint25load_cbuf_to_cb_transposeEPhS0_thttbt] -> 0xe7fff3e6c6e4
cceprint: [_ZN8cceprint28load_cbuf_to_cb_transpose_s4EPvS0_mm] -> 0xe7fff3e6c918
cceprint: [_ZN8cceprint28load_cbuf_to_cb_transpose_s4EPvS0_thttbt] -> 0xe7fff3e6ca68
cceprint: [_ZN8cceprint28load_cbuf_to_cb_transpose_s4EPvS0_thttbtt] -> 0xe7fff3e6cc9c
cceprint: [_ZN8cceprint25load_cbuf_to_cb_transposeEPN7float165Fp16TES2_thttbtt] -> 0xe7fff3e6cf08
cceprint: [_ZN8cceprint25load_cbuf_to_cb_transposeEPaS0_thttbtt] -> 0xe7fff3e6d174
cceprint: [_ZN8cceprint25load_cbuf_to_cb_transposeEPhS0_thttbtt] -> 0xe7fff3e6d3e0
cceprint: [_ZN8cceprint24load_cbuf_to_cb_winogradEPN7float165Fp16TES2_m] -> 0xe7fff3e6d64c
cceprint: [_ZN8cceprint24load_cbuf_to_cb_winogradEPN7float165Fp16TES2_hthhhbbh] -> 0xe7fff3e6d754
cceprint: [_ZN8cceprint24load_cbuf_to_cb_winogradEPaS0_m] -> 0xe7fff3e6da28
cceprint: [_ZN8cceprint24load_cbuf_to_cb_winogradEPaS0_hthhhbbh] -> 0xe7fff3e6db30
cceprint: [_ZN8cceprint27load_cbuf_to_cb_winograd_v2EPaS0_m] -> 0xe7fff3e6de04
cceprint: [_ZN8cceprint27load_cbuf_to_cb_winograd_v2EPaS0_tttb] -> 0xe7fff3e6df0c
cceprint: [_ZN8cceprint30load_decompress_header_from_gmEPvm] -> 0xe7fff3e6e0bc
cceprint: [_ZN8cceprint30load_decompress_header_from_gmEPvth] -> 0xe7fff3e6e200
cceprint: [_ZN8cceprint13load_gm_to_caEPN7float165Fp16TES2_m] -> 0xe7fff3e6e380
cceprint: [_ZN8cceprint13load_gm_to_caEPN7float165Fp16TES2_m15addr_cal_mode_t] -> 0xe7fff3e6e500
cceprint: [_ZN8cceprint13load_gm_to_caEPN7float165Fp16TES2_thtth15addr_cal_mode_t] -> 0xe7fff3e6e6c8
cceprint: [_ZN8cceprint13load_gm_to_caEPN7float165Fp16TES2_thtthb15addr_cal_mode_t] -> 0xe7fff3e6e98c
cceprint: [_ZN8cceprint13load_gm_to_caEPN7float165Fp16TES2_thth] -> 0xe7fff3e6ec88
cceprint: [_ZN8cceprint13load_gm_to_caEPN8bfloat165Bf16TES2_m] -> 0xe7fff3e6eec8
cceprint: [_ZN8cceprint13load_gm_to_caEPN8bfloat165Bf16TES2_m15addr_cal_mode_t] -> 0xe7fff3e6f048
cceprint: [_ZN8cceprint13load_gm_to_caEPN8bfloat165Bf16TES2_thtth15addr_cal_mode_t] -> 0xe7fff3e6f210
cceprint: [_ZN8cceprint13load_gm_to_caEPN8bfloat165Bf16TES2_thtthb15addr_cal_mode_t] -> 0xe7fff3e6f4d4
cceprint: [_ZN8cceprint13load_gm_to_caEPN8bfloat165Bf16TES2_thth] -> 0xe7fff3e6f7d0
cceprint: [_ZN8cceprint13load_gm_to_caEPfS0_m15addr_cal_mode_t] -> 0xe7fff3e6fa10
cceprint: [_ZN8cceprint13load_gm_to_caEPfS0_thtth15addr_cal_mode_t] -> 0xe7fff3e6fbd8
cceprint: [_ZN8cceprint13load_gm_to_caEPfS0_thtthb15addr_cal_mode_t] -> 0xe7fff3e6fe9c
cceprint: [_ZN8cceprint13load_gm_to_caEPiS0_m15addr_cal_mode_t] -> 0xe7fff3e70198
cceprint: [_ZN8cceprint13load_gm_to_caEPiS0_thtth15addr_cal_mode_t] -> 0xe7fff3e70360
cceprint: [_ZN8cceprint13load_gm_to_caEPiS0_thtthb15addr_cal_mode_t] -> 0xe7fff3e70624
cceprint: [_ZN8cceprint13load_gm_to_caEPaS0_m] -> 0xe7fff3e70920
cceprint: [_ZN8cceprint13load_gm_to_caEPaS0_m15addr_cal_mode_t] -> 0xe7fff3e70aa0
cceprint: [_ZN8cceprint13load_gm_to_caEPaS0_thtth15addr_cal_mode_t] -> 0xe7fff3e70c68
cceprint: [_ZN8cceprint13load_gm_to_caEPaS0_thtthb15addr_cal_mode_t] -> 0xe7fff3e70f2c
cceprint: [_ZN8cceprint13load_gm_to_caEPaS0_thth] -> 0xe7fff3e71228
cceprint: [_ZN8cceprint13load_gm_to_caEPjS0_m15addr_cal_mode_t] -> 0xe7fff3e71468
cceprint: [_ZN8cceprint13load_gm_to_caEPjS0_thtth15addr_cal_mode_t] -> 0xe7fff3e71630
cceprint: [_ZN8cceprint13load_gm_to_caEPjS0_thtthb15addr_cal_mode_t] -> 0xe7fff3e718f4
cceprint: [_ZN8cceprint13load_gm_to_caEPhS0_m] -> 0xe7fff3e71bf0
cceprint: [_ZN8cceprint13load_gm_to_caEPhS0_m15addr_cal_mode_t] -> 0xe7fff3e71d70
cceprint: [_ZN8cceprint13load_gm_to_caEPhS0_thtth15addr_cal_mode_t] -> 0xe7fff3e71f38
cceprint: [_ZN8cceprint13load_gm_to_caEPhS0_thtthb15addr_cal_mode_t] -> 0xe7fff3e721fc
cceprint: [_ZN8cceprint13load_gm_to_caEPhS0_thth] -> 0xe7fff3e724f8
cceprint: [_ZN8cceprint13load_gm_to_caEPN7float165Fp16TES2_thth15addr_cal_mode_t] -> 0xe7fff3e72738
cceprint: [_ZN8cceprint13load_gm_to_caEPaS0_thth15addr_cal_mode_t] -> 0xe7fff3e729c0
cceprint: [_ZN8cceprint13load_gm_to_caEPhS0_thth15addr_cal_mode_t] -> 0xe7fff3e72c48
cceprint: [_ZN8cceprint16load_gm_to_ca_s4EPvS0_m15addr_cal_mode_t] -> 0xe7fff3e72ed0
cceprint: [_ZN8cceprint16load_gm_to_ca_s4EPvS0_thtth15addr_cal_mode_t] -> 0xe7fff3e73098
cceprint: [_ZN8cceprint16load_gm_to_ca_s4EPvS0_thtthb15addr_cal_mode_t] -> 0xe7fff3e7335c
cceprint: [_ZN8cceprint19load_gm_to_ca_unzipEPN7float165Fp16TES2_] -> 0xe7fff3e73658
cceprint: [_ZN8cceprint19load_gm_to_ca_unzipEPvS0_] -> 0xe7fff3e73790
cceprint: [_ZN8cceprint13load_gm_to_cbEPN7float165Fp16TES2_m] -> 0xe7fff3e738c8
cceprint: [_ZN8cceprint13load_gm_to_cbEPN7float165Fp16TES2_m15addr_cal_mode_t] -> 0xe7fff3e73a48
cceprint: [_ZN8cceprint13load_gm_to_cbEPN7float165Fp16TES2_thtth15addr_cal_mode_t] -> 0xe7fff3e73c10
cceprint: [_ZN8cceprint13load_gm_to_cbEPN7float165Fp16TES2_thtthb15addr_cal_mode_t] -> 0xe7fff3e73ed4
cceprint: [_ZN8cceprint13load_gm_to_cbEPN7float165Fp16TES2_thth] -> 0xe7fff3e741d0
cceprint: [_ZN8cceprint13load_gm_to_cbEPN8bfloat165Bf16TES2_m] -> 0xe7fff3e74410
cceprint: [_ZN8cceprint13load_gm_to_cbEPN8bfloat165Bf16TES2_m15addr_cal_mode_t] -> 0xe7fff3e74590
cceprint: [_ZN8cceprint13load_gm_to_cbEPN8bfloat165Bf16TES2_thtth15addr_cal_mode_t] -> 0xe7fff3e74758
cceprint: [_ZN8cceprint13load_gm_to_cbEPN8bfloat165Bf16TES2_thtthb15addr_cal_mode_t] -> 0xe7fff3e74a1c
cceprint: [_ZN8cceprint13load_gm_to_cbEPN8bfloat165Bf16TES2_thth] -> 0xe7fff3e74d18
cceprint: [_ZN8cceprint13load_gm_to_cbEPfS0_m15addr_cal_mode_t] -> 0xe7fff3e74f58
cceprint: [_ZN8cceprint13load_gm_to_cbEPfS0_thtth15addr_cal_mode_t] -> 0xe7fff3e75120
cceprint: [_ZN8cceprint13load_gm_to_cbEPfS0_thtthb15addr_cal_mode_t] -> 0xe7fff3e753e4
cceprint: [_ZN8cceprint13load_gm_to_cbEPiS0_m15addr_cal_mode_t] -> 0xe7fff3e756e0
cceprint: [_ZN8cceprint13load_gm_to_cbEPiS0_thtth15addr_cal_mode_t] -> 0xe7fff3e758a8
cceprint: [_ZN8cceprint13load_gm_to_cbEPiS0_thtthb15addr_cal_mode_t] -> 0xe7fff3e75b6c
cceprint: [_ZN8cceprint13load_gm_to_cbEPaS0_m] -> 0xe7fff3e75e68
cceprint: [_ZN8cceprint13load_gm_to_cbEPaS0_m15addr_cal_mode_t] -> 0xe7fff3e75fe8
cceprint: [_ZN8cceprint13load_gm_to_cbEPaS0_thtth15addr_cal_mode_t] -> 0xe7fff3e761b0
cceprint: [_ZN8cceprint13load_gm_to_cbEPaS0_thtthb15addr_cal_mode_t] -> 0xe7fff3e76474
cceprint: [_ZN8cceprint13load_gm_to_cbEPaS0_thth] -> 0xe7fff3e76770
cceprint: [_ZN8cceprint13load_gm_to_cbEPjS0_m15addr_cal_mode_t] -> 0xe7fff3e769b0
cceprint: [_ZN8cceprint13load_gm_to_cbEPjS0_thtth15addr_cal_mode_t] -> 0xe7fff3e76b78
cceprint: [_ZN8cceprint13load_gm_to_cbEPjS0_thtthb15addr_cal_mode_t] -> 0xe7fff3e76e3c
cceprint: [_ZN8cceprint13load_gm_to_cbEPhS0_m] -> 0xe7fff3e77138
cceprint: [_ZN8cceprint13load_gm_to_cbEPhS0_m15addr_cal_mode_t] -> 0xe7fff3e772b8
cceprint: [_ZN8cceprint13load_gm_to_cbEPhS0_thtth15addr_cal_mode_t] -> 0xe7fff3e77480
cceprint: [_ZN8cceprint13load_gm_to_cbEPhS0_thtthb15addr_cal_mode_t] -> 0xe7fff3e77744
cceprint: [_ZN8cceprint13load_gm_to_cbEPhS0_thth] -> 0xe7fff3e77a40
cceprint: [_ZN8cceprint13load_gm_to_cbEPN7float165Fp16TES2_thth15addr_cal_mode_t] -> 0xe7fff3e77c80
cceprint: [_ZN8cceprint13load_gm_to_cbEPaS0_thth15addr_cal_mode_t] -> 0xe7fff3e77f08
cceprint: [_ZN8cceprint13load_gm_to_cbEPhS0_thth15addr_cal_mode_t] -> 0xe7fff3e78190
cceprint: [_ZN8cceprint16load_gm_to_cb_s4EPvS0_m15addr_cal_mode_t] -> 0xe7fff3e78418
cceprint: [_ZN8cceprint16load_gm_to_cb_s4EPvS0_thtth15addr_cal_mode_t] -> 0xe7fff3e785e0
cceprint: [_ZN8cceprint16load_gm_to_cb_s4EPvS0_thtthb15addr_cal_mode_t] -> 0xe7fff3e788a4
cceprint: [_ZN8cceprint19load_gm_to_cb_unzipEPN7float165Fp16TES2_] -> 0xe7fff3e78ba0
cceprint: [_ZN8cceprint19load_gm_to_cb_unzipEPvS0_] -> 0xe7fff3e78cd8
cceprint: [_ZN8cceprint15load_gm_to_cbufEPN7float165Fp16TES2_m] -> 0xe7fff3e78e10
cceprint: [_ZN8cceprint15load_gm_to_cbufEPN7float165Fp16TES2_m15addr_cal_mode_t] -> 0xe7fff3e78f90
cceprint: [_ZN8cceprint15load_gm_to_cbufEPN7float165Fp16TES2_thtth15addr_cal_mode_t] -> 0xe7fff3e79158
cceprint: [_ZN8cceprint15load_gm_to_cbufEPN7float165Fp16TES2_thtthb15addr_cal_mode_t] -> 0xe7fff3e7941c
cceprint: [_ZN8cceprint15load_gm_to_cbufEPN7float165Fp16TES2_thth] -> 0xe7fff3e79718
cceprint: [_ZN8cceprint15load_gm_to_cbufEPN8bfloat165Bf16TES2_m] -> 0xe7fff3e79958
cceprint: [_ZN8cceprint15load_gm_to_cbufEPN8bfloat165Bf16TES2_m15addr_cal_mode_t] -> 0xe7fff3e79ad8
cceprint: [_ZN8cceprint15load_gm_to_cbufEPN8bfloat165Bf16TES2_thtth15addr_cal_mode_t] -> 0xe7fff3e79ca0
cceprint: [_ZN8cceprint15load_gm_to_cbufEPN8bfloat165Bf16TES2_thtthb15addr_cal_mode_t] -> 0xe7fff3e79f64
cceprint: [_ZN8cceprint15load_gm_to_cbufEPN8bfloat165Bf16TES2_thth] -> 0xe7fff3e7a260
cceprint: [_ZN8cceprint15load_gm_to_cbufEPfS0_m15addr_cal_mode_t] -> 0xe7fff3e7a4a0
cceprint: [_ZN8cceprint15load_gm_to_cbufEPfS0_thtth15addr_cal_mode_t] -> 0xe7fff3e7a668
cceprint: [_ZN8cceprint15load_gm_to_cbufEPfS0_thtthb15addr_cal_mode_t] -> 0xe7fff3e7a92c
cceprint: [_ZN8cceprint15load_gm_to_cbufEPiS0_m15addr_cal_mode_t] -> 0xe7fff3e7ac28
cceprint: [_ZN8cceprint15load_gm_to_cbufEPiS0_thtth15addr_cal_mode_t] -> 0xe7fff3e7adf0
cceprint: [_ZN8cceprint15load_gm_to_cbufEPiS0_thtthb15addr_cal_mode_t] -> 0xe7fff3e7b0b4
cceprint: [_ZN8cceprint15load_gm_to_cbufEPaS0_m] -> 0xe7fff3e7b3b0
cceprint: [_ZN8cceprint15load_gm_to_cbufEPaS0_m15addr_cal_mode_t] -> 0xe7fff3e7b530
cceprint: [_ZN8cceprint15load_gm_to_cbufEPaS0_thtth15addr_cal_mode_t] -> 0xe7fff3e7b6f8
cceprint: [_ZN8cceprint15load_gm_to_cbufEPaS0_thtthb15addr_cal_mode_t] -> 0xe7fff3e7b9bc
cceprint: [_ZN8cceprint15load_gm_to_cbufEPaS0_thth] -> 0xe7fff3e7bcb8
cceprint: [_ZN8cceprint15load_gm_to_cbufEPjS0_m15addr_cal_mode_t] -> 0xe7fff3e7bef8
cceprint: [_ZN8cceprint15load_gm_to_cbufEPjS0_thtth15addr_cal_mode_t] -> 0xe7fff3e7c0c0
cceprint: [_ZN8cceprint15load_gm_to_cbufEPjS0_thtthb15addr_cal_mode_t] -> 0xe7fff3e7c384
cceprint: [_ZN8cceprint15load_gm_to_cbufEPhS0_m] -> 0xe7fff3e7c680
cceprint: [_ZN8cceprint15load_gm_to_cbufEPhS0_m15addr_cal_mode_t] -> 0xe7fff3e7c800
cceprint: [_ZN8cceprint15load_gm_to_cbufEPhS0_thtth15addr_cal_mode_t] -> 0xe7fff3e7c9c8
cceprint: [_ZN8cceprint15load_gm_to_cbufEPhS0_thtthb15addr_cal_mode_t] -> 0xe7fff3e7cc8c
cceprint: [_ZN8cceprint15load_gm_to_cbufEPhS0_thth] -> 0xe7fff3e7cf88
cceprint: [_ZN8cceprint15load_gm_to_cbufEPN7float165Fp16TES2_thth15addr_cal_mode_t] -> 0xe7fff3e7d1c8
cceprint: [_ZN8cceprint15load_gm_to_cbufEPaS0_thth15addr_cal_mode_t] -> 0xe7fff3e7d450
cceprint: [_ZN8cceprint15load_gm_to_cbufEPhS0_thth15addr_cal_mode_t] -> 0xe7fff3e7d6d8
cceprint: [_ZN8cceprint18load_gm_to_cbuf_s4EPvS0_m15addr_cal_mode_t] -> 0xe7fff3e7d960
cceprint: [_ZN8cceprint18load_gm_to_cbuf_s4EPvS0_thtth15addr_cal_mode_t] -> 0xe7fff3e7db28
cceprint: [_ZN8cceprint18load_gm_to_cbuf_s4EPvS0_thtthb15addr_cal_mode_t] -> 0xe7fff3e7ddec
cceprint: [_ZN8cceprint21load_gm_to_cbuf_unzipEPN7float165Fp16TES2_] -> 0xe7fff3e7e0e8
cceprint: [_ZN8cceprint21load_gm_to_cbuf_unzipEPvS0_] -> 0xe7fff3e7e220
cceprint: [_ZN8cceprint18load_image_to_cbufEPN7float165Fp16TEmm] -> 0xe7fff3e7e358
cceprint: [_ZN8cceprint18load_image_to_cbufEPN7float165Fp16TEttttthhtth] -> 0xe7fff3e7e46c
cceprint: [_ZN8cceprint18load_image_to_cbufEPsmm] -> 0xe7fff3e7e760
cceprint: [_ZN8cceprint18load_image_to_cbufEPsttttthhtth] -> 0xe7fff3e7e874
cceprint: [_ZN8cceprint18load_image_to_cbufEPamm] -> 0xe7fff3e7eb68
cceprint: [_ZN8cceprint18load_image_to_cbufEPattttthhtth] -> 0xe7fff3e7ec7c
cceprint: [_ZN8cceprint18load_image_to_cbufEPhmm] -> 0xe7fff3e7ef70
cceprint: [_ZN8cceprint18load_image_to_cbufEPhttttthhtth] -> 0xe7fff3e7f084
cceprint: [_ZN8cceprint26load_smask_table_from_cbufEtPvm] -> 0xe7fff3e7f378
cceprint: [_ZN8cceprint24load_smask_table_from_gmEtPvm] -> 0xe7fff3e7f480
cceprint: [_ZN8cceprint24load_smask_table_from_ubEtPvm] -> 0xe7fff3e7f600
cceprint: [_ZN8cceprint24load_unzip_index_from_gmEPvm] -> 0xe7fff3e7f708
cceprint: [_ZN8cceprint24load_unzip_index_from_gmEPvjh] -> 0xe7fff3e7f84c
cceprint: [_ZN8cceprint3madEPN7float165Fp16TES2_S2_m] -> 0xe7fff3e7f9cc
cceprint: [_ZN8cceprint3madEPN7float165Fp16TES2_S2_tttb] -> 0xe7fff3e7fb10
cceprint: [_ZN8cceprint3madEPN7float165Fp16TES2_S2_ttthhbbbbb] -> 0xe7fff3e7fcfc
cceprint: [_ZN8cceprint3madEPN7float165Fp16TES2_S2_ttthbbb] -> 0xe7fff3e80054
cceprint: [_ZN8cceprint3madEPfPN7float165Fp16TES3_m] -> 0xe7fff3e802f8
cceprint: [_ZN8cceprint3madEPfPN7float165Fp16TES3_tttb] -> 0xe7fff3e8043c
cceprint: [_ZN8cceprint3madEPfPN7float165Fp16TES3_ttthhbbbbb] -> 0xe7fff3e80628
cceprint: [_ZN8cceprint3madEPfPN7float165Fp16TES3_ttthbbb] -> 0xe7fff3e80980
cceprint: [_ZN8cceprint3madEPfPN7float165Fp16TES3_ttthhhbbbb] -> 0xe7fff3e80c24
cceprint: [_ZN8cceprint3madEPfPN8bfloat165Bf16TES3_m] -> 0xe7fff3e80f88
cceprint: [_ZN8cceprint3madEPfPN8bfloat165Bf16TES3_ttthbbb] -> 0xe7fff3e810cc
cceprint: [_ZN8cceprint3madEPfPN8bfloat165Bf16TES3_ttthhhbbbb] -> 0xe7fff3e81370
cceprint: [_ZN8cceprint3madEPfS0_S0_m] -> 0xe7fff3e816d4
cceprint: [_ZN8cceprint3madEPfS0_S0_ttthbbb] -> 0xe7fff3e81818
cceprint: [_ZN8cceprint3madEPfS0_S0_ttthhhbbbb] -> 0xe7fff3e81abc
cceprint: [_ZN8cceprint3madEPiPsPam] -> 0xe7fff3e81e20
cceprint: [_ZN8cceprint3madEPiPsPattth11unit_flag_tbb] -> 0xe7fff3e81f64
cceprint: [_ZN8cceprint3madEPiPaS1_m] -> 0xe7fff3e82214
cceprint: [_ZN8cceprint3madEPiPaS1_tttb] -> 0xe7fff3e82358
cceprint: [_ZN8cceprint3madEPiPaS1_ttthhbbbbb] -> 0xe7fff3e82544
cceprint: [_ZN8cceprint3madEPiPaS1_ttthbbb] -> 0xe7fff3e8289c
cceprint: [_ZN8cceprint3madEPiPaS1_ttthhhbbbb] -> 0xe7fff3e82b40
cceprint: [_ZN8cceprint3madEPjPhS1_m] -> 0xe7fff3e82ea4
cceprint: [_ZN8cceprint3madEPjPhS1_tttb] -> 0xe7fff3e82fe8
cceprint: [_ZN8cceprint3madEPjPhS1_ttthhbbbbb] -> 0xe7fff3e831d4
cceprint: [_ZN8cceprint3madEPjPhS1_ttthbbb] -> 0xe7fff3e8352c
cceprint: [_ZN8cceprint3madEPiPhS1_m] -> 0xe7fff3e837d0
cceprint: [_ZN8cceprint3madEPiPhS1_tttb] -> 0xe7fff3e83914
cceprint: [_ZN8cceprint3madEPiPhS1_ttthhbbbbb] -> 0xe7fff3e83b00
cceprint: [_ZN8cceprint3madEPiPhS1_ttthbbb] -> 0xe7fff3e83e58
cceprint: [_ZN8cceprint3madEPiPhS1_ttthhhbbbb] -> 0xe7fff3e840fc
cceprint: [_ZN8cceprint3madEPiPhPam] -> 0xe7fff3e84460
cceprint: [_ZN8cceprint3madEPiPhPatttb] -> 0xe7fff3e845a4
cceprint: [_ZN8cceprint3madEPiPhPattthhbbbbb] -> 0xe7fff3e84790
cceprint: [_ZN8cceprint3madEPiPhPattthbbb] -> 0xe7fff3e84ae8
cceprint: [_ZN8cceprint3madEPN7float165Fp16TES2_S2_mm] -> 0xe7fff3e84d8c
cceprint: [_ZN8cceprint3madEPN7float165Fp16TES2_S2_mtttb] -> 0xe7fff3e84f18
cceprint: [_ZN8cceprint3madEPN7float165Fp16TES2_S2_mttthbbb] -> 0xe7fff3e8514c
cceprint: [_ZN8cceprint3madEPfPN7float165Fp16TES3_mm] -> 0xe7fff3e85434
cceprint: [_ZN8cceprint3madEPfPN7float165Fp16TES3_mtttb] -> 0xe7fff3e855c0
cceprint: [_ZN8cceprint3madEPfPN7float165Fp16TES3_mttthbbb] -> 0xe7fff3e857f4
cceprint: [_ZN8cceprint3madEPfPN8bfloat165Bf16TES3_mm] -> 0xe7fff3e85adc
cceprint: [_ZN8cceprint3madEPfPN8bfloat165Bf16TES3_mttthbbb] -> 0xe7fff3e85c68
cceprint: [_ZN8cceprint3madEPfS0_S0_mm] -> 0xe7fff3e85f50
cceprint: [_ZN8cceprint3madEPfS0_S0_mttthbbb] -> 0xe7fff3e860dc
cceprint: [_ZN8cceprint3madEPiPsPamm] -> 0xe7fff3e863c4
cceprint: [_ZN8cceprint3madEPiPsPamttth11unit_flag_tbb] -> 0xe7fff3e86550
cceprint: [_ZN8cceprint3madEPiPaS1_mm] -> 0xe7fff3e86844
cceprint: [_ZN8cceprint3madEPiPaS1_mtttb] -> 0xe7fff3e869d0
cceprint: [_ZN8cceprint3madEPiPaS1_mttthbbb] -> 0xe7fff3e86c04
cceprint: [_ZN8cceprint3madEPjPhS1_mm] -> 0xe7fff3e86eec
cceprint: [_ZN8cceprint3madEPjPhS1_mtttb] -> 0xe7fff3e87078
cceprint: [_ZN8cceprint3madEPjPhS1_mttthbbb] -> 0xe7fff3e872ac
cceprint: [_ZN8cceprint3madEPiPhS1_mm] -> 0xe7fff3e87594
cceprint: [_ZN8cceprint3madEPiPhS1_mtttb] -> 0xe7fff3e87720
cceprint: [_ZN8cceprint3madEPiPhS1_mttthbbb] -> 0xe7fff3e87954
cceprint: [_ZN8cceprint3madEPiPhPamm] -> 0xe7fff3e87c3c
cceprint: [_ZN8cceprint3madEPiPhPamtttb] -> 0xe7fff3e87dc8
cceprint: [_ZN8cceprint3madEPiPhPamttthbbb] -> 0xe7fff3e87ffc
cceprint: [_ZN8cceprint8mad_b8u2EPiPaPvm] -> 0xe7fff3e882e4
cceprint: [_ZN8cceprint8mad_b8u2EPiPaPvtttb] -> 0xe7fff3e88428
cceprint: [_ZN8cceprint8mad_b8u2EPiPaPvttthhbbbbb] -> 0xe7fff3e88614
cceprint: [_ZN8cceprint8mad_b8u2EPiPhPvm] -> 0xe7fff3e8896c
cceprint: [_ZN8cceprint8mad_b8u2EPiPhPvtttb] -> 0xe7fff3e88ab0
cceprint: [_ZN8cceprint8mad_b8u2EPiPhPvttthhbbbbb] -> 0xe7fff3e88c9c
cceprint: [_ZN8cceprint12mad_bf162f32EPfPtS1_m] -> 0xe7fff3e88ff4
cceprint: [_ZN8cceprint12mad_bf162f32EPfPtS1_ttthbbb] -> 0xe7fff3e89138
cceprint: [_ZN8cceprint12mad_bf162f32EPfPtS1_ttthhhbbbb] -> 0xe7fff3e893dc
cceprint: [_ZN8cceprint9mad_f16u2EPN7float165Fp16TES2_Pvm] -> 0xe7fff3e89740
cceprint: [_ZN8cceprint9mad_f16u2EPN7float165Fp16TES2_Pvtttb] -> 0xe7fff3e89884
cceprint: [_ZN8cceprint9mad_f16u2EPN7float165Fp16TES2_Pvttthhbbbbb] -> 0xe7fff3e89a70
cceprint: [_ZN8cceprint6mad_s4EPiPvS1_m] -> 0xe7fff3e89dc8
cceprint: [_ZN8cceprint6mad_s4EPiPvS1_tttb] -> 0xe7fff3e89f0c
cceprint: [_ZN8cceprint6mad_s4EPiPvS1_ttthhbbbbb] -> 0xe7fff3e8a0f8
cceprint: [_ZN8cceprint6mad_s4EPiPvS1_ttthbbb] -> 0xe7fff3e8a450
cceprint: [_ZN8cceprint6mad_s4EPiPvS1_ttthhhbbbb] -> 0xe7fff3e8a6f4
cceprint: [_ZN8cceprint6mad_spEPiPaS1_m] -> 0xe7fff3e8aa58
cceprint: [_ZN8cceprint6mad_spEPiPaS1_ttthbb] -> 0xe7fff3e8ab9c
cceprint: [_ZN8cceprint12mad_tf322f32EPfS0_S0_m] -> 0xe7fff3e8ae08
cceprint: [_ZN8cceprint12mad_tf322f32EPfS0_S0_ttthbbb] -> 0xe7fff3e8af4c
cceprint: [_ZN8cceprint12mad_tf322f32EPfS0_S0_ttthhhbbbb] -> 0xe7fff3e8b1f0
cceprint: [_ZN8cceprint8mov_vsprE6VSPR_tm] -> 0xe7fff3e8b554
cceprint: [_ZN8cceprint13mte4_mte5_offEv] -> 0xe7fff3e8b62c
cceprint: [_ZN8cceprint12mte4_mte5_onEv] -> 0xe7fff3e8b68c
cceprint: [_ZN8cceprint7mvf_dciEv] -> 0xe7fff3e8b6ec
cceprint: [_ZN8cceprint21mvf_gm_to_ub_b128_u16EPvS0_S0_m] -> 0xe7fff3e8b74c
cceprint: [_ZN8cceprint21mvf_gm_to_ub_b128_u16EPvS0_S0_thh] -> 0xe7fff3e8b908
cceprint: [_ZN8cceprint21mvf_gm_to_ub_b128_u32EPvS0_S0_m] -> 0xe7fff3e8bb48
cceprint: [_ZN8cceprint21mvf_gm_to_ub_b128_u32EPvS0_S0_thh] -> 0xe7fff3e8bd04
cceprint: [_ZN8cceprint21mvf_gm_to_ub_b256_u16EPvS0_S0_m] -> 0xe7fff3e8bf44
cceprint: [_ZN8cceprint21mvf_gm_to_ub_b256_u16EPvS0_S0_thh] -> 0xe7fff3e8c100
cceprint: [_ZN8cceprint21mvf_gm_to_ub_b256_u32EPvS0_S0_m] -> 0xe7fff3e8c340
cceprint: [_ZN8cceprint21mvf_gm_to_ub_b256_u32EPvS0_S0_thh] -> 0xe7fff3e8c4fc
cceprint: [_ZN8cceprint20mvf_gm_to_ub_b32_u16EPvS0_S0_m] -> 0xe7fff3e8c73c
cceprint: [_ZN8cceprint20mvf_gm_to_ub_b32_u16EPvS0_S0_thh] -> 0xe7fff3e8c8f8
cceprint: [_ZN8cceprint20mvf_gm_to_ub_b32_u32EPvS0_S0_m] -> 0xe7fff3e8cb38
cceprint: [_ZN8cceprint20mvf_gm_to_ub_b32_u32EPvS0_S0_thh] -> 0xe7fff3e8ccf4
cceprint: [_ZN8cceprint21mvf_gm_to_ub_b512_u16EPvS0_S0_m] -> 0xe7fff3e8cf34
cceprint: [_ZN8cceprint21mvf_gm_to_ub_b512_u16EPvS0_S0_thh] -> 0xe7fff3e8d0f0
cceprint: [_ZN8cceprint21mvf_gm_to_ub_b512_u32EPvS0_S0_m] -> 0xe7fff3e8d330
cceprint: [_ZN8cceprint21mvf_gm_to_ub_b512_u32EPvS0_S0_thh] -> 0xe7fff3e8d4ec
cceprint: [_ZN8cceprint20mvf_gm_to_ub_b64_u16EPvS0_S0_m] -> 0xe7fff3e8d72c
cceprint: [_ZN8cceprint20mvf_gm_to_ub_b64_u16EPvS0_S0_thh] -> 0xe7fff3e8d8e8
cceprint: [_ZN8cceprint20mvf_gm_to_ub_b64_u32EPvS0_S0_m] -> 0xe7fff3e8db28
cceprint: [_ZN8cceprint20mvf_gm_to_ub_b64_u32EPvS0_S0_thh] -> 0xe7fff3e8dce4
cceprint: [_ZN8cceprint12pc_trace_offEv] -> 0xe7fff3e8df24
cceprint: [_ZN8cceprint11pc_trace_onEv] -> 0xe7fff3e8df84
cceprint: [_ZN8cceprint12pipe_barrierE6pipe_t] -> 0xe7fff3e8dfe4
cceprint: [_ZN8cceprint7preloadEPKv] -> 0xe7fff3e8e080
cceprint: [_ZN8cceprint7preloadEPKvl] -> 0xe7fff3e8e104
cceprint: [_ZN8cceprint12release_pbidEm] -> 0xe7fff3e8e1c4
cceprint: [_ZN8cceprint7rpn_corEPN7float165Fp16TES2_m] -> 0xe7fff3e8e254
cceprint: [_ZN8cceprint7rpn_corEPN7float165Fp16TES2_htt] -> 0xe7fff3e8e35c
cceprint: [_ZN8cceprint12rpn_cor_diagEPN7float165Fp16TES2_] -> 0xe7fff3e8e4dc
cceprint: [_ZN8cceprint13rpn_cor_diag2EPN7float165Fp16TES2_] -> 0xe7fff3e8e59c
cceprint: [_ZN8cceprint8sbitset0Eml] -> 0xe7fff3e8e65c
cceprint: [_ZN8cceprint8sbitset1Eml] -> 0xe7fff3e8e6ac
cceprint: [_ZN8cceprint12scatter_vabsE7vtype_t10ub_addr8_tS1_m] -> 0xe7fff3e8e6fc
cceprint: [_ZN8cceprint12scatter_vabsE7vtype_t10ub_addr8_tS1_htt] -> 0xe7fff3e8e864
cceprint: [_ZN8cceprint16scatter_vabs_f16E10ub_addr8_tS0_m] -> 0xe7fff3e8ea44
cceprint: [_ZN8cceprint16scatter_vabs_f16E10ub_addr8_tS0_htt] -> 0xe7fff3e8eb64
cceprint: [_ZN8cceprint16scatter_vabs_f32E10ub_addr8_tS0_m] -> 0xe7fff3e8ecfc
cceprint: [_ZN8cceprint16scatter_vabs_f32E10ub_addr8_tS0_htt] -> 0xe7fff3e8ee1c
cceprint: [_ZN8cceprint16scatter_vabs_s16E10ub_addr8_tS0_m] -> 0xe7fff3e8efb4
cceprint: [_ZN8cceprint16scatter_vabs_s16E10ub_addr8_tS0_htt] -> 0xe7fff3e8f0d4
cceprint: [_ZN8cceprint12scatter_vaddE7vtype_t10ub_addr8_tS1_S1_m] -> 0xe7fff3e8f26c
cceprint: [_ZN8cceprint12scatter_vaddE7vtype_t10ub_addr8_tS1_S1_httt] -> 0xe7fff3e8f41c
cceprint: [_ZN8cceprint16scatter_vadd_f16E10ub_addr8_tS0_S0_m] -> 0xe7fff3e8f680
cceprint: [_ZN8cceprint16scatter_vadd_f16E10ub_addr8_tS0_S0_httt] -> 0xe7fff3e8f7e8
cceprint: [_ZN8cceprint16scatter_vadd_f32E10ub_addr8_tS0_S0_m] -> 0xe7fff3e8fa04
cceprint: [_ZN8cceprint16scatter_vadd_f32E10ub_addr8_tS0_S0_httt] -> 0xe7fff3e8fb6c
cceprint: [_ZN8cceprint16scatter_vadd_s16E10ub_addr8_tS0_S0_m] -> 0xe7fff3e8fd88
cceprint: [_ZN8cceprint16scatter_vadd_s16E10ub_addr8_tS0_S0_httt] -> 0xe7fff3e8fef0
cceprint: [_ZN8cceprint16scatter_vadd_s32E10ub_addr8_tS0_S0_m] -> 0xe7fff3e9010c
cceprint: [_ZN8cceprint16scatter_vadd_s32E10ub_addr8_tS0_S0_httt] -> 0xe7fff3e90274
cceprint: [_ZN8cceprint13scatter_vaddsE7vtype_t10ub_addr8_tS1_N7float165Fp16TEm] -> 0xe7fff3e90490
cceprint: [_ZN8cceprint13scatter_vaddsE7vtype_t10ub_addr8_tS1_N7float165Fp16TEhtt] -> 0xe7fff3e90648
cceprint: [_ZN8cceprint13scatter_vaddsE7vtype_t10ub_addr8_tS1_fm] -> 0xe7fff3e90878
cceprint: [_ZN8cceprint13scatter_vaddsE7vtype_t10ub_addr8_tS1_fhtt] -> 0xe7fff3e90a1c
cceprint: [_ZN8cceprint17scatter_vadds_f16E10ub_addr8_tS0_N7float165Fp16TEm] -> 0xe7fff3e90c38
cceprint: [_ZN8cceprint17scatter_vadds_f16E10ub_addr8_tS0_N7float165Fp16TEhtt] -> 0xe7fff3e90da8
cceprint: [_ZN8cceprint17scatter_vadds_f32E10ub_addr8_tS0_fm] -> 0xe7fff3e90f90
cceprint: [_ZN8cceprint17scatter_vadds_f32E10ub_addr8_tS0_fhtt] -> 0xe7fff3e910ec
cceprint: [_ZN8cceprint17scatter_vadds_s16E10ub_addr8_tS0_sm] -> 0xe7fff3e912c0
cceprint: [_ZN8cceprint17scatter_vadds_s16E10ub_addr8_tS0_shtt] -> 0xe7fff3e9141c
cceprint: [_ZN8cceprint17scatter_vadds_s32E10ub_addr8_tS0_im] -> 0xe7fff3e915f0
cceprint: [_ZN8cceprint17scatter_vadds_s32E10ub_addr8_tS0_ihtt] -> 0xe7fff3e9174c
cceprint: [_ZN8cceprint13scatter_vaxpyE7vtype_t10ub_addr8_tS1_N7float165Fp16TEmb] -> 0xe7fff3e91920
cceprint: [_ZN8cceprint13scatter_vaxpyE7vtype_t10ub_addr8_tS1_N7float165Fp16TEhttb] -> 0xe7fff3e91b14
cceprint: [_ZN8cceprint13scatter_vaxpyE7vtype_t10ub_addr8_tS1_fmb] -> 0xe7fff3e91d80
cceprint: [_ZN8cceprint13scatter_vaxpyE7vtype_t10ub_addr8_tS1_fhttb] -> 0xe7fff3e91f60
cceprint: [_ZN8cceprint17scatter_vaxpy_f16E10ub_addr8_tS0_N7float165Fp16TEmb] -> 0xe7fff3e921b8
cceprint: [_ZN8cceprint17scatter_vaxpy_f16E10ub_addr8_tS0_N7float165Fp16TEhttb] -> 0xe7fff3e92364
cceprint: [_ZN8cceprint17scatter_vaxpy_f32E10ub_addr8_tS0_fmb] -> 0xe7fff3e92588
cceprint: [_ZN8cceprint17scatter_vaxpy_f32E10ub_addr8_tS0_fhttb] -> 0xe7fff3e92720
cceprint: [_ZN8cceprint18scatter_vaxpy_fmixE10ub_addr8_tS0_N7float165Fp16TEmb] -> 0xe7fff3e92930
cceprint: [_ZN8cceprint18scatter_vaxpy_fmixE10ub_addr8_tS0_N7float165Fp16TEhttb] -> 0xe7fff3e92adc
cceprint: [_ZN8cceprint15scatter_vcmp_eqE7vtype_t10ub_addr8_tS1_m] -> 0xe7fff3e92d00
cceprint: [_ZN8cceprint19scatter_vcmp_eq_f16E10ub_addr8_tS0_m] -> 0xe7fff3e92e68
cceprint: [_ZN8cceprint19scatter_vcmp_eq_f32E10ub_addr8_tS0_m] -> 0xe7fff3e92f88
cceprint: [_ZN8cceprint19scatter_vcmp_eq_s16E10ub_addr8_tS0_m] -> 0xe7fff3e930a8
cceprint: [_ZN8cceprint15scatter_vcmp_geE7vtype_t10ub_addr8_tS1_m] -> 0xe7fff3e931c8
cceprint: [_ZN8cceprint19scatter_vcmp_ge_f16E10ub_addr8_tS0_m] -> 0xe7fff3e93330
cceprint: [_ZN8cceprint19scatter_vcmp_ge_f32E10ub_addr8_tS0_m] -> 0xe7fff3e93450
cceprint: [_ZN8cceprint19scatter_vcmp_ge_s16E10ub_addr8_tS0_m] -> 0xe7fff3e93570
cceprint: [_ZN8cceprint15scatter_vcmp_gtE7vtype_t10ub_addr8_tS1_m] -> 0xe7fff3e93690
cceprint: [_ZN8cceprint19scatter_vcmp_gt_f16E10ub_addr8_tS0_m] -> 0xe7fff3e937f8
cceprint: [_ZN8cceprint19scatter_vcmp_gt_f32E10ub_addr8_tS0_m] -> 0xe7fff3e93918
cceprint: [_ZN8cceprint19scatter_vcmp_gt_s16E10ub_addr8_tS0_m] -> 0xe7fff3e93a38
cceprint: [_ZN8cceprint15scatter_vcmp_leE7vtype_t10ub_addr8_tS1_m] -> 0xe7fff3e93b58
cceprint: [_ZN8cceprint19scatter_vcmp_le_f16E10ub_addr8_tS0_m] -> 0xe7fff3e93cc0
cceprint: [_ZN8cceprint19scatter_vcmp_le_f32E10ub_addr8_tS0_m] -> 0xe7fff3e93de0
cceprint: [_ZN8cceprint19scatter_vcmp_le_s16E10ub_addr8_tS0_m] -> 0xe7fff3e93f00
cceprint: [_ZN8cceprint15scatter_vcmp_ltE7vtype_t10ub_addr8_tS1_m] -> 0xe7fff3e94020
cceprint: [_ZN8cceprint19scatter_vcmp_lt_f16E10ub_addr8_tS0_m] -> 0xe7fff3e94188
cceprint: [_ZN8cceprint19scatter_vcmp_lt_f32E10ub_addr8_tS0_m] -> 0xe7fff3e942a8
cceprint: [_ZN8cceprint19scatter_vcmp_lt_s16E10ub_addr8_tS0_m] -> 0xe7fff3e943c8
cceprint: [_ZN8cceprint15scatter_vcmp_neE7vtype_t10ub_addr8_tS1_m] -> 0xe7fff3e944e8
cceprint: [_ZN8cceprint19scatter_vcmp_ne_f16E10ub_addr8_tS0_m] -> 0xe7fff3e94650
cceprint: [_ZN8cceprint19scatter_vcmp_ne_f32E10ub_addr8_tS0_m] -> 0xe7fff3e94770
cceprint: [_ZN8cceprint19scatter_vcmp_ne_s16E10ub_addr8_tS0_m] -> 0xe7fff3e94890
cceprint: [_ZN8cceprint8vcmps_eqERhPtth] -> 0xe7fff3e949b0
cceprint: [_ZN8cceprint8vcmps_neERhPtth] -> 0xe7fff3e94b04
cceprint: [_ZN8cceprint8vcmps_gtERhPtth] -> 0xe7fff3e94c58
cceprint: [_ZN8cceprint8vcmps_geERhPtth] -> 0xe7fff3e94dac
cceprint: [_ZN8cceprint8vcmps_ltERhPtth] -> 0xe7fff3e94f00
cceprint: [_ZN8cceprint8vcmps_leERhPtth] -> 0xe7fff3e95054
cceprint: [_ZN8cceprint8vcmps_eqERhPssh] -> 0xe7fff3e951a8
cceprint: [_ZN8cceprint8vcmps_neERhPssh] -> 0xe7fff3e952fc
cceprint: [_ZN8cceprint8vcmps_gtERhPssh] -> 0xe7fff3e95450
cceprint: [_ZN8cceprint8vcmps_geERhPssh] -> 0xe7fff3e955a4
cceprint: [_ZN8cceprint8vcmps_ltERhPssh] -> 0xe7fff3e956f8
cceprint: [_ZN8cceprint8vcmps_leERhPssh] -> 0xe7fff3e9584c
cceprint: [_ZN8cceprint8vcmps_eqERhPjjh] -> 0xe7fff3e959a0
cceprint: [_ZN8cceprint8vcmps_neERhPjjh] -> 0xe7fff3e95af4
cceprint: [_ZN8cceprint8vcmps_gtERhPjjh] -> 0xe7fff3e95c48
cceprint: [_ZN8cceprint8vcmps_geERhPjjh] -> 0xe7fff3e95d9c
cceprint: [_ZN8cceprint8vcmps_ltERhPjjh] -> 0xe7fff3e95ef0
cceprint: [_ZN8cceprint8vcmps_leERhPjjh] -> 0xe7fff3e96044
cceprint: [_ZN8cceprint8vcmps_eqERhPiih] -> 0xe7fff3e96198
cceprint: [_ZN8cceprint8vcmps_neERhPiih] -> 0xe7fff3e962ec
cceprint: [_ZN8cceprint8vcmps_gtERhPiih] -> 0xe7fff3e96440
cceprint: [_ZN8cceprint8vcmps_geERhPiih] -> 0xe7fff3e96594
cceprint: [_ZN8cceprint8vcmps_ltERhPiih] -> 0xe7fff3e966e8
cceprint: [_ZN8cceprint8vcmps_leERhPiih] -> 0xe7fff3e9683c
cceprint: [_ZN8cceprint8vcmps_eqERhPN7float165Fp16TES2_h] -> 0xe7fff3e96990
cceprint: [_ZN8cceprint8vcmps_neERhPN7float165Fp16TES2_h] -> 0xe7fff3e96af8
cceprint: [_ZN8cceprint8vcmps_gtERhPN7float165Fp16TES2_h] -> 0xe7fff3e96c60
cceprint: [_ZN8cceprint8vcmps_geERhPN7float165Fp16TES2_h] -> 0xe7fff3e96dc8
cceprint: [_ZN8cceprint8vcmps_ltERhPN7float165Fp16TES2_h] -> 0xe7fff3e96f30
cceprint: [_ZN8cceprint8vcmps_leERhPN7float165Fp16TES2_h] -> 0xe7fff3e97098
cceprint: [_ZN8cceprint8vcmps_eqERhPffh] -> 0xe7fff3e97200
cceprint: [_ZN8cceprint8vcmps_neERhPffh] -> 0xe7fff3e97354
cceprint: [_ZN8cceprint8vcmps_gtERhPffh] -> 0xe7fff3e974a8
cceprint: [_ZN8cceprint8vcmps_geERhPffh] -> 0xe7fff3e975fc
cceprint: [_ZN8cceprint8vcmps_ltERhPffh] -> 0xe7fff3e97750
cceprint: [_ZN8cceprint8vcmps_leERhPffh] -> 0xe7fff3e978a4
cceprint: [_ZN8cceprint19scatter_vconcat_f16EPN7float165Fp16TE10ub_addr8_tm] -> 0xe7fff3e979f8
cceprint: [_ZN8cceprint19scatter_vconcat_f16EPN7float165Fp16TE10ub_addr8_thh] -> 0xe7fff3e97b0c
cceprint: [_ZN8cceprint19scatter_vconcat_f32EPf10ub_addr8_tm] -> 0xe7fff3e97c68
cceprint: [_ZN8cceprint19scatter_vconcat_f32EPf10ub_addr8_thh] -> 0xe7fff3e97d7c
cceprint: [_ZN8cceprint17scatter_vconv_deqE10ub_addr8_tS0_mb] -> 0xe7fff3e97ed8
cceprint: [_ZN8cceprint17scatter_vconv_deqE10ub_addr8_tS0_httb] -> 0xe7fff3e98034
cceprint: [_ZN8cceprint21scatter_vconv_f162f32E10ub_addr8_tS0_mb] -> 0xe7fff3e98208
cceprint: [_ZN8cceprint21scatter_vconv_f162f32E10ub_addr8_tS0_httb] -> 0xe7fff3e98364
cceprint: [_ZN8cceprint22scatter_vconv_f162s32aE10ub_addr8_tS0_mb] -> 0xe7fff3e98538
cceprint: [_ZN8cceprint22scatter_vconv_f162s32aE10ub_addr8_tS0_httb] -> 0xe7fff3e98694
cceprint: [_ZN8cceprint22scatter_vconv_f162s32cE10ub_addr8_tS0_mb] -> 0xe7fff3e98868
cceprint: [_ZN8cceprint22scatter_vconv_f162s32cE10ub_addr8_tS0_httb] -> 0xe7fff3e989c4
cceprint: [_ZN8cceprint22scatter_vconv_f162s32fE10ub_addr8_tS0_mb] -> 0xe7fff3e98b98
cceprint: [_ZN8cceprint22scatter_vconv_f162s32fE10ub_addr8_tS0_httb] -> 0xe7fff3e98cf4
cceprint: [_ZN8cceprint22scatter_vconv_f162s32rE10ub_addr8_tS0_mb] -> 0xe7fff3e98ec8
cceprint: [_ZN8cceprint22scatter_vconv_f162s32rE10ub_addr8_tS0_httb] -> 0xe7fff3e99024
cceprint: [_ZN8cceprint22scatter_vconv_f162s32zE10ub_addr8_tS0_mb] -> 0xe7fff3e991f8
cceprint: [_ZN8cceprint22scatter_vconv_f162s32zE10ub_addr8_tS0_httb] -> 0xe7fff3e99354
cceprint: [_ZN8cceprint20scatter_vconv_f162s8E10ub_addr8_tS0_mb] -> 0xe7fff3e99528
cceprint: [_ZN8cceprint20scatter_vconv_f162s8E10ub_addr8_tS0_httb] -> 0xe7fff3e99684
cceprint: [_ZN8cceprint21scatter_vconv_f162s8aE10ub_addr8_tS0_mb] -> 0xe7fff3e99858
cceprint: [_ZN8cceprint21scatter_vconv_f162s8aE10ub_addr8_tS0_httb] -> 0xe7fff3e999b4
cceprint: [_ZN8cceprint21scatter_vconv_f162s8cE10ub_addr8_tS0_mb] -> 0xe7fff3e99b88
cceprint: [_ZN8cceprint21scatter_vconv_f162s8cE10ub_addr8_tS0_httb] -> 0xe7fff3e99ce4
cceprint: [_ZN8cceprint21scatter_vconv_f162s8fE10ub_addr8_tS0_mb] -> 0xe7fff3e99eb8
cceprint: [_ZN8cceprint21scatter_vconv_f162s8fE10ub_addr8_tS0_httb] -> 0xe7fff3e9a014
cceprint: [_ZN8cceprint21scatter_vconv_f162s8zE10ub_addr8_tS0_mb] -> 0xe7fff3e9a1e8
cceprint: [_ZN8cceprint21scatter_vconv_f162s8zE10ub_addr8_tS0_httb] -> 0xe7fff3e9a344
cceprint: [_ZN8cceprint20scatter_vconv_f162u8E10ub_addr8_tS0_mb] -> 0xe7fff3e9a518
cceprint: [_ZN8cceprint20scatter_vconv_f162u8E10ub_addr8_tS0_httb] -> 0xe7fff3e9a674
cceprint: [_ZN8cceprint21scatter_vconv_f162u8aE10ub_addr8_tS0_mb] -> 0xe7fff3e9a848
cceprint: [_ZN8cceprint21scatter_vconv_f162u8aE10ub_addr8_tS0_httb] -> 0xe7fff3e9a9a4
cceprint: [_ZN8cceprint21scatter_vconv_f162u8cE10ub_addr8_tS0_mb] -> 0xe7fff3e9ab78
cceprint: [_ZN8cceprint21scatter_vconv_f162u8cE10ub_addr8_tS0_httb] -> 0xe7fff3e9acd4
cceprint: [_ZN8cceprint21scatter_vconv_f162u8fE10ub_addr8_tS0_mb] -> 0xe7fff3e9aea8
cceprint: [_ZN8cceprint21scatter_vconv_f162u8fE10ub_addr8_tS0_httb] -> 0xe7fff3e9b004
cceprint: [_ZN8cceprint21scatter_vconv_f162u8zE10ub_addr8_tS0_mb] -> 0xe7fff3e9b1d8
cceprint: [_ZN8cceprint21scatter_vconv_f162u8zE10ub_addr8_tS0_httb] -> 0xe7fff3e9b334
cceprint: [_ZN8cceprint21scatter_vconv_f322f16E10ub_addr8_tS0_mb] -> 0xe7fff3e9b508
cceprint: [_ZN8cceprint21scatter_vconv_f322f16E10ub_addr8_tS0_httb] -> 0xe7fff3e9b664
cceprint: [_ZN8cceprint22scatter_vconv_f322f16oE10ub_addr8_tS0_mb] -> 0xe7fff3e9b838
cceprint: [_ZN8cceprint22scatter_vconv_f322f16oE10ub_addr8_tS0_httb] -> 0xe7fff3e9b994
cceprint: [_ZN8cceprint22scatter_vconv_f322s32aE10ub_addr8_tS0_mb] -> 0xe7fff3e9bb68
cceprint: [_ZN8cceprint22scatter_vconv_f322s32aE10ub_addr8_tS0_httb] -> 0xe7fff3e9bcc4
cceprint: [_ZN8cceprint22scatter_vconv_f322s32cE10ub_addr8_tS0_mb] -> 0xe7fff3e9be98
cceprint: [_ZN8cceprint22scatter_vconv_f322s32cE10ub_addr8_tS0_httb] -> 0xe7fff3e9bff4
cceprint: [_ZN8cceprint22scatter_vconv_f322s32fE10ub_addr8_tS0_mb] -> 0xe7fff3e9c1c8
cceprint: [_ZN8cceprint22scatter_vconv_f322s32fE10ub_addr8_tS0_httb] -> 0xe7fff3e9c324
cceprint: [_ZN8cceprint22scatter_vconv_f322s32rE10ub_addr8_tS0_mb] -> 0xe7fff3e9c4f8
cceprint: [_ZN8cceprint22scatter_vconv_f322s32rE10ub_addr8_tS0_httb] -> 0xe7fff3e9c654
cceprint: [_ZN8cceprint22scatter_vconv_f322s32zE10ub_addr8_tS0_mb] -> 0xe7fff3e9c828
cceprint: [_ZN8cceprint22scatter_vconv_f322s32zE10ub_addr8_tS0_httb] -> 0xe7fff3e9c984
cceprint: [_ZN8cceprint21scatter_vconv_s322f32E10ub_addr8_tS0_mb] -> 0xe7fff3e9cb58
cceprint: [_ZN8cceprint21scatter_vconv_s322f32E10ub_addr8_tS0_httb] -> 0xe7fff3e9ccb4
cceprint: [_ZN8cceprint20scatter_vconv_s82f16E10ub_addr8_tS0_mb] -> 0xe7fff3e9ce88
cceprint: [_ZN8cceprint20scatter_vconv_s82f16E10ub_addr8_tS0_httb] -> 0xe7fff3e9cfe4
cceprint: [_ZN8cceprint20scatter_vconv_u82f16E10ub_addr8_tS0_mb] -> 0xe7fff3e9d1b8
cceprint: [_ZN8cceprint20scatter_vconv_u82f16E10ub_addr8_tS0_httb] -> 0xe7fff3e9d314
cceprint: [_ZN8cceprint21scatter_vcshuffle_b16E10ub_addr8_tS0_m] -> 0xe7fff3e9d4e8
cceprint: [_ZN8cceprint21scatter_vcshuffle_b16E10ub_addr8_tS0_htth] -> 0xe7fff3e9d608
cceprint: [_ZN8cceprint21scatter_vcshuffle_b32E10ub_addr8_tS0_m] -> 0xe7fff3e9d7e8
cceprint: [_ZN8cceprint21scatter_vcshuffle_b32E10ub_addr8_tS0_htth] -> 0xe7fff3e9d908
cceprint: [_ZN8cceprint20scatter_vcshuffle_b8E10ub_addr8_tS0_m] -> 0xe7fff3e9dae8
cceprint: [_ZN8cceprint20scatter_vcshuffle_b8E10ub_addr8_tS0_htth] -> 0xe7fff3e9dc08
cceprint: [_ZN8cceprint12scatter_vdivE7vtype_t10ub_addr8_tS1_S1_m] -> 0xe7fff3e9dde8
cceprint: [_ZN8cceprint12scatter_vdivE7vtype_t10ub_addr8_tS1_S1_httt] -> 0xe7fff3e9df98
cceprint: [_ZN8cceprint16scatter_vdiv_f16E10ub_addr8_tS0_S0_m] -> 0xe7fff3e9e1fc
cceprint: [_ZN8cceprint16scatter_vdiv_f16E10ub_addr8_tS0_S0_httt] -> 0xe7fff3e9e364
cceprint: [_ZN8cceprint16scatter_vdiv_f32E10ub_addr8_tS0_S0_m] -> 0xe7fff3e9e580
cceprint: [_ZN8cceprint16scatter_vdiv_f32E10ub_addr8_tS0_S0_httt] -> 0xe7fff3e9e6e8
cceprint: [_ZN8cceprint18scatter_vector_movE7vtype_t10ub_addr8_tS1_m] -> 0xe7fff3e9e904
cceprint: [_ZN8cceprint18scatter_vector_movE7vtype_t10ub_addr8_tS1_htt] -> 0xe7fff3e9ea6c
cceprint: [_ZN8cceprint22scatter_vector_mov_f16E10ub_addr8_tS0_m] -> 0xe7fff3e9ec4c
cceprint: [_ZN8cceprint22scatter_vector_mov_f16E10ub_addr8_tS0_htt] -> 0xe7fff3e9ed6c
cceprint: [_ZN8cceprint22scatter_vector_mov_s16E10ub_addr8_tS0_m] -> 0xe7fff3e9ef04
cceprint: [_ZN8cceprint22scatter_vector_mov_s16E10ub_addr8_tS0_htt] -> 0xe7fff3e9f024
cceprint: [_ZN8cceprint22scatter_vector_mov_u16E10ub_addr8_tS0_m] -> 0xe7fff3e9f1bc
cceprint: [_ZN8cceprint22scatter_vector_mov_u16E10ub_addr8_tS0_htt] -> 0xe7fff3e9f2dc
cceprint: [_ZN8cceprint12scatter_vexpE7vtype_t10ub_addr8_tS1_m] -> 0xe7fff3e9f474
cceprint: [_ZN8cceprint12scatter_vexpE7vtype_t10ub_addr8_tS1_htt] -> 0xe7fff3e9f5dc
cceprint: [_ZN8cceprint16scatter_vexp_f16E10ub_addr8_tS0_m] -> 0xe7fff3e9f7bc
cceprint: [_ZN8cceprint16scatter_vexp_f16E10ub_addr8_tS0_htt] -> 0xe7fff3e9f8dc
cceprint: [_ZN8cceprint16scatter_vexp_f32E10ub_addr8_tS0_m] -> 0xe7fff3e9fa74
cceprint: [_ZN8cceprint16scatter_vexp_f32E10ub_addr8_tS0_htt] -> 0xe7fff3e9fb94
cceprint: [_ZN8cceprint20scatter_vextract_f16E10ub_addr8_tPN7float165Fp16TEm] -> 0xe7fff3e9fd2c
cceprint: [_ZN8cceprint20scatter_vextract_f16E10ub_addr8_tPN7float165Fp16TEhh] -> 0xe7fff3e9fe40
cceprint: [_ZN8cceprint20scatter_vextract_f32E10ub_addr8_tPfm] -> 0xe7fff3e9ff9c
cceprint: [_ZN8cceprint20scatter_vextract_f32E10ub_addr8_tPfhh] -> 0xe7fff3ea00b0
cceprint: [_ZN8cceprint11scatter_vlnE7vtype_t10ub_addr8_tS1_m] -> 0xe7fff3ea020c
cceprint: [_ZN8cceprint11scatter_vlnE7vtype_t10ub_addr8_tS1_htt] -> 0xe7fff3ea0374
cceprint: [_ZN8cceprint15scatter_vln_f16E10ub_addr8_tS0_m] -> 0xe7fff3ea0554
cceprint: [_ZN8cceprint15scatter_vln_f16E10ub_addr8_tS0_htt] -> 0xe7fff3ea0674
cceprint: [_ZN8cceprint15scatter_vln_f32E10ub_addr8_tS0_m] -> 0xe7fff3ea080c
cceprint: [_ZN8cceprint15scatter_vln_f32E10ub_addr8_tS0_htt] -> 0xe7fff3ea092c
cceprint: [_ZN8cceprint13scatter_vmaddE7vtype_t10ub_addr8_tS1_S1_m] -> 0xe7fff3ea0ac4
cceprint: [_ZN8cceprint13scatter_vmaddE7vtype_t10ub_addr8_tS1_S1_httt] -> 0xe7fff3ea0c74
cceprint: [_ZN8cceprint17scatter_vmadd_f16E10ub_addr8_tS0_S0_m] -> 0xe7fff3ea0ed8
cceprint: [_ZN8cceprint17scatter_vmadd_f16E10ub_addr8_tS0_S0_httt] -> 0xe7fff3ea1040
cceprint: [_ZN8cceprint17scatter_vmadd_f32E10ub_addr8_tS0_S0_m] -> 0xe7fff3ea125c
cceprint: [_ZN8cceprint17scatter_vmadd_f32E10ub_addr8_tS0_S0_httt] -> 0xe7fff3ea13c4
cceprint: [_ZN8cceprint17scatter_vmaddreluE7vtype_t10ub_addr8_tS1_S1_m] -> 0xe7fff3ea15e0
cceprint: [_ZN8cceprint17scatter_vmaddreluE7vtype_t10ub_addr8_tS1_S1_httt] -> 0xe7fff3ea1790
cceprint: [_ZN8cceprint21scatter_vmaddrelu_f16E10ub_addr8_tS0_S0_m] -> 0xe7fff3ea19f4
cceprint: [_ZN8cceprint21scatter_vmaddrelu_f16E10ub_addr8_tS0_S0_httt] -> 0xe7fff3ea1b5c
cceprint: [_ZN8cceprint21scatter_vmaddrelu_f32E10ub_addr8_tS0_S0_m] -> 0xe7fff3ea1d78
cceprint: [_ZN8cceprint21scatter_vmaddrelu_f32E10ub_addr8_tS0_S0_httt] -> 0xe7fff3ea1ee0
cceprint: [_ZN8cceprint12scatter_vmaxE7vtype_t10ub_addr8_tS1_S1_m] -> 0xe7fff3ea20fc
cceprint: [_ZN8cceprint12scatter_vmaxE7vtype_t10ub_addr8_tS1_S1_httt] -> 0xe7fff3ea22ac
cceprint: [_ZN8cceprint16scatter_vmax_f16E10ub_addr8_tS0_S0_m] -> 0xe7fff3ea2510
cceprint: [_ZN8cceprint16scatter_vmax_f16E10ub_addr8_tS0_S0_httt] -> 0xe7fff3ea2678
cceprint: [_ZN8cceprint16scatter_vmax_f32E10ub_addr8_tS0_S0_m] -> 0xe7fff3ea2894
cceprint: [_ZN8cceprint16scatter_vmax_f32E10ub_addr8_tS0_S0_httt] -> 0xe7fff3ea29fc
cceprint: [_ZN8cceprint16scatter_vmax_s16E10ub_addr8_tS0_S0_m] -> 0xe7fff3ea2c18
cceprint: [_ZN8cceprint16scatter_vmax_s16E10ub_addr8_tS0_S0_httt] -> 0xe7fff3ea2d80
cceprint: [_ZN8cceprint16scatter_vmax_s32E10ub_addr8_tS0_S0_m] -> 0xe7fff3ea2f9c
cceprint: [_ZN8cceprint16scatter_vmax_s32E10ub_addr8_tS0_S0_httt] -> 0xe7fff3ea3104
cceprint: [_ZN8cceprint17scatter_vmaxs_f16E10ub_addr8_tS0_N7float165Fp16TEm] -> 0xe7fff3ea3320
cceprint: [_ZN8cceprint17scatter_vmaxs_f16E10ub_addr8_tS0_N7float165Fp16TEhtt] -> 0xe7fff3ea3490
cceprint: [_ZN8cceprint17scatter_vmaxs_f32E10ub_addr8_tS0_fm] -> 0xe7fff3ea3678
cceprint: [_ZN8cceprint17scatter_vmaxs_f32E10ub_addr8_tS0_fhtt] -> 0xe7fff3ea37d4
cceprint: [_ZN8cceprint17scatter_vmaxs_s16E10ub_addr8_tS0_sm] -> 0xe7fff3ea39a8
cceprint: [_ZN8cceprint17scatter_vmaxs_s16E10ub_addr8_tS0_shtt] -> 0xe7fff3ea3b04
cceprint: [_ZN8cceprint17scatter_vmaxs_s32E10ub_addr8_tS0_im] -> 0xe7fff3ea3cd8
cceprint: [_ZN8cceprint17scatter_vmaxs_s32E10ub_addr8_tS0_ihtt] -> 0xe7fff3ea3e34
cceprint: [_ZN8cceprint12scatter_vminE7vtype_t10ub_addr8_tS1_S1_m] -> 0xe7fff3ea4008
cceprint: [_ZN8cceprint12scatter_vminE7vtype_t10ub_addr8_tS1_S1_httt] -> 0xe7fff3ea41b8
cceprint: [_ZN8cceprint16scatter_vmin_f16E10ub_addr8_tS0_S0_m] -> 0xe7fff3ea441c
cceprint: [_ZN8cceprint16scatter_vmin_f16E10ub_addr8_tS0_S0_httt] -> 0xe7fff3ea4584
cceprint: [_ZN8cceprint16scatter_vmin_f32E10ub_addr8_tS0_S0_m] -> 0xe7fff3ea47a0
cceprint: [_ZN8cceprint16scatter_vmin_f32E10ub_addr8_tS0_S0_httt] -> 0xe7fff3ea4908
cceprint: [_ZN8cceprint16scatter_vmin_s16E10ub_addr8_tS0_S0_m] -> 0xe7fff3ea4b24
cceprint: [_ZN8cceprint16scatter_vmin_s16E10ub_addr8_tS0_S0_httt] -> 0xe7fff3ea4c8c
cceprint: [_ZN8cceprint16scatter_vmin_s32E10ub_addr8_tS0_S0_m] -> 0xe7fff3ea4ea8
cceprint: [_ZN8cceprint16scatter_vmin_s32E10ub_addr8_tS0_S0_httt] -> 0xe7fff3ea5010
cceprint: [_ZN8cceprint17scatter_vmins_f16E10ub_addr8_tS0_N7float165Fp16TEm] -> 0xe7fff3ea522c
cceprint: [_ZN8cceprint17scatter_vmins_f16E10ub_addr8_tS0_N7float165Fp16TEhtt] -> 0xe7fff3ea539c
cceprint: [_ZN8cceprint17scatter_vmins_f32E10ub_addr8_tS0_fm] -> 0xe7fff3ea5584
cceprint: [_ZN8cceprint17scatter_vmins_f32E10ub_addr8_tS0_fhtt] -> 0xe7fff3ea56e0
cceprint: [_ZN8cceprint17scatter_vmins_s16E10ub_addr8_tS0_sm] -> 0xe7fff3ea58b4
cceprint: [_ZN8cceprint17scatter_vmins_s16E10ub_addr8_tS0_shtt] -> 0xe7fff3ea5a10
cceprint: [_ZN8cceprint17scatter_vmins_s32E10ub_addr8_tS0_im] -> 0xe7fff3ea5be4
cceprint: [_ZN8cceprint17scatter_vmins_s32E10ub_addr8_tS0_ihtt] -> 0xe7fff3ea5d40
cceprint: [_ZN8cceprint12scatter_vmlaE7vtype_t10ub_addr8_tS1_S1_m] -> 0xe7fff3ea5f14
cceprint: [_ZN8cceprint12scatter_vmlaE7vtype_t10ub_addr8_tS1_S1_httt] -> 0xe7fff3ea60c4
cceprint: [_ZN8cceprint16scatter_vmla_f16E10ub_addr8_tS0_S0_m] -> 0xe7fff3ea6328
cceprint: [_ZN8cceprint16scatter_vmla_f16E10ub_addr8_tS0_S0_httt] -> 0xe7fff3ea6490
cceprint: [_ZN8cceprint16scatter_vmla_f32E10ub_addr8_tS0_S0_m] -> 0xe7fff3ea66ac
cceprint: [_ZN8cceprint16scatter_vmla_f32E10ub_addr8_tS0_S0_httt] -> 0xe7fff3ea6814
cceprint: [_ZN8cceprint17scatter_vmla_fmixE10ub_addr8_tS0_S0_m] -> 0xe7fff3ea6a30
cceprint: [_ZN8cceprint17scatter_vmla_fmixE10ub_addr8_tS0_S0_httt] -> 0xe7fff3ea6b98
cceprint: [_ZN8cceprint12scatter_vmulE7vtype_t10ub_addr8_tS1_S1_m] -> 0xe7fff3ea6db4
cceprint: [_ZN8cceprint12scatter_vmulE7vtype_t10ub_addr8_tS1_S1_httt] -> 0xe7fff3ea6f64
cceprint: [_ZN8cceprint16scatter_vmul_f16E10ub_addr8_tS0_S0_m] -> 0xe7fff3ea71c8
cceprint: [_ZN8cceprint16scatter_vmul_f16E10ub_addr8_tS0_S0_httt] -> 0xe7fff3ea7330
cceprint: [_ZN8cceprint16scatter_vmul_f32E10ub_addr8_tS0_S0_m] -> 0xe7fff3ea754c
cceprint: [_ZN8cceprint16scatter_vmul_f32E10ub_addr8_tS0_S0_httt] -> 0xe7fff3ea76b4
cceprint: [_ZN8cceprint16scatter_vmul_s16E10ub_addr8_tS0_S0_m] -> 0xe7fff3ea78d0
cceprint: [_ZN8cceprint16scatter_vmul_s16E10ub_addr8_tS0_S0_httt] -> 0xe7fff3ea7a38
cceprint: [_ZN8cceprint16scatter_vmul_s32E10ub_addr8_tS0_S0_m] -> 0xe7fff3ea7c54
cceprint: [_ZN8cceprint16scatter_vmul_s32E10ub_addr8_tS0_S0_httt] -> 0xe7fff3ea7dbc
cceprint: [_ZN8cceprint23scatter_vmulconv_f162s8E10ub_addr8_tS0_S0_mb] -> 0xe7fff3ea7fd8
cceprint: [_ZN8cceprint23scatter_vmulconv_f162s8E10ub_addr8_tS0_S0_htttb] -> 0xe7fff3ea817c
cceprint: [_ZN8cceprint23scatter_vmulconv_f162u8E10ub_addr8_tS0_S0_mb] -> 0xe7fff3ea83d4
cceprint: [_ZN8cceprint23scatter_vmulconv_f162u8E10ub_addr8_tS0_S0_htttb] -> 0xe7fff3ea8578
cceprint: [_ZN8cceprint13scatter_vmulsE7vtype_t10ub_addr8_tS1_N7float165Fp16TEm] -> 0xe7fff3ea87d0
cceprint: [_ZN8cceprint13scatter_vmulsE7vtype_t10ub_addr8_tS1_N7float165Fp16TEhtt] -> 0xe7fff3ea8988
cceprint: [_ZN8cceprint13scatter_vmulsE7vtype_t10ub_addr8_tS1_fm] -> 0xe7fff3ea8bb8
cceprint: [_ZN8cceprint13scatter_vmulsE7vtype_t10ub_addr8_tS1_fhtt] -> 0xe7fff3ea8d5c
cceprint: [_ZN8cceprint17scatter_vmuls_f16E10ub_addr8_tS0_N7float165Fp16TEm] -> 0xe7fff3ea8f78
cceprint: [_ZN8cceprint17scatter_vmuls_f16E10ub_addr8_tS0_N7float165Fp16TEhtt] -> 0xe7fff3ea90e8
cceprint: [_ZN8cceprint17scatter_vmuls_f32E10ub_addr8_tS0_fm] -> 0xe7fff3ea92d0
cceprint: [_ZN8cceprint17scatter_vmuls_f32E10ub_addr8_tS0_fhtt] -> 0xe7fff3ea942c
cceprint: [_ZN8cceprint17scatter_vmuls_s16E10ub_addr8_tS0_sm] -> 0xe7fff3ea9600
cceprint: [_ZN8cceprint17scatter_vmuls_s16E10ub_addr8_tS0_shtt] -> 0xe7fff3ea975c
cceprint: [_ZN8cceprint17scatter_vmuls_s32E10ub_addr8_tS0_im] -> 0xe7fff3ea9930
cceprint: [_ZN8cceprint17scatter_vmuls_s32E10ub_addr8_tS0_ihtt] -> 0xe7fff3ea9a8c
cceprint: [_ZN8cceprint21scatter_vnchwconv_b16E10ub_addr8_tPsm] -> 0xe7fff3ea9c60
cceprint: [_ZN8cceprint21scatter_vnchwconv_b16E10ub_addr8_tPshtt] -> 0xe7fff3ea9d74
cceprint: [_ZN8cceprint21scatter_vnchwconv_b16E10ub_addr8_tPtm] -> 0xe7fff3ea9f00
cceprint: [_ZN8cceprint21scatter_vnchwconv_b16E10ub_addr8_tPthtt] -> 0xe7fff3eaa014
cceprint: [_ZN8cceprint21scatter_vnchwconv_b16EPs10ub_addr8_tm] -> 0xe7fff3eaa1a0
cceprint: [_ZN8cceprint21scatter_vnchwconv_b16EPs10ub_addr8_thtt] -> 0xe7fff3eaa2b4
cceprint: [_ZN8cceprint21scatter_vnchwconv_b16EPt10ub_addr8_tm] -> 0xe7fff3eaa440
cceprint: [_ZN8cceprint21scatter_vnchwconv_b16EPt10ub_addr8_thtt] -> 0xe7fff3eaa554
cceprint: [_ZN8cceprint21scatter_vnchwconv_b16E10ub_addr8_tS0_m] -> 0xe7fff3eaa6e0
cceprint: [_ZN8cceprint21scatter_vnchwconv_b16E10ub_addr8_tS0_htt] -> 0xe7fff3eaa800
cceprint: [_ZN8cceprint21scatter_vnchwconv_b32E10ub_addr8_tPim] -> 0xe7fff3eaa998
cceprint: [_ZN8cceprint21scatter_vnchwconv_b32E10ub_addr8_tPihtt] -> 0xe7fff3eaaaac
cceprint: [_ZN8cceprint21scatter_vnchwconv_b32E10ub_addr8_tPjm] -> 0xe7fff3eaac38
cceprint: [_ZN8cceprint21scatter_vnchwconv_b32E10ub_addr8_tPjhtt] -> 0xe7fff3eaad4c
cceprint: [_ZN8cceprint21scatter_vnchwconv_b32EPi10ub_addr8_tm] -> 0xe7fff3eaaed8
cceprint: [_ZN8cceprint21scatter_vnchwconv_b32EPi10ub_addr8_thtt] -> 0xe7fff3eaafec
cceprint: [_ZN8cceprint21scatter_vnchwconv_b32EPj10ub_addr8_tm] -> 0xe7fff3eab178
cceprint: [_ZN8cceprint21scatter_vnchwconv_b32EPj10ub_addr8_thtt] -> 0xe7fff3eab28c
cceprint: [_ZN8cceprint21scatter_vnchwconv_b32E10ub_addr8_tS0_m] -> 0xe7fff3eab418
cceprint: [_ZN8cceprint21scatter_vnchwconv_b32E10ub_addr8_tS0_htt] -> 0xe7fff3eab538
cceprint: [_ZN8cceprint20scatter_vnchwconv_b8E10ub_addr8_tPambb] -> 0xe7fff3eab6d0
cceprint: [_ZN8cceprint20scatter_vnchwconv_b8E10ub_addr8_tPahttbb] -> 0xe7fff3eab85c
cceprint: [_ZN8cceprint20scatter_vnchwconv_b8E10ub_addr8_tPhmbb] -> 0xe7fff3eaba60
cceprint: [_ZN8cceprint20scatter_vnchwconv_b8E10ub_addr8_tPhhttbb] -> 0xe7fff3eabbec
cceprint: [_ZN8cceprint20scatter_vnchwconv_b8EPa10ub_addr8_tmbb] -> 0xe7fff3eabdf0
cceprint: [_ZN8cceprint20scatter_vnchwconv_b8EPa10ub_addr8_thttbb] -> 0xe7fff3eabf7c
cceprint: [_ZN8cceprint20scatter_vnchwconv_b8EPh10ub_addr8_tmbb] -> 0xe7fff3eac180
cceprint: [_ZN8cceprint20scatter_vnchwconv_b8EPh10ub_addr8_thttbb] -> 0xe7fff3eac30c
cceprint: [_ZN8cceprint20scatter_vnchwconv_b8E10ub_addr8_tS0_mbb] -> 0xe7fff3eac510
cceprint: [_ZN8cceprint20scatter_vnchwconv_b8E10ub_addr8_tS0_httbb] -> 0xe7fff3eac6a8
cceprint: [_ZN8cceprint12scatter_vrecE7vtype_t10ub_addr8_tS1_m] -> 0xe7fff3eac8b8
cceprint: [_ZN8cceprint12scatter_vrecE7vtype_t10ub_addr8_tS1_htt] -> 0xe7fff3eaca20
cceprint: [_ZN8cceprint16scatter_vrec_f16E10ub_addr8_tS0_m] -> 0xe7fff3eacc00
cceprint: [_ZN8cceprint16scatter_vrec_f16E10ub_addr8_tS0_htt] -> 0xe7fff3eacd20
cceprint: [_ZN8cceprint16scatter_vrec_f32E10ub_addr8_tS0_m] -> 0xe7fff3eaceb8
cceprint: [_ZN8cceprint16scatter_vrec_f32E10ub_addr8_tS0_htt] -> 0xe7fff3eacfd8
cceprint: [_ZN8cceprint13scatter_vreluE7vtype_t10ub_addr8_tS1_m] -> 0xe7fff3ead170
cceprint: [_ZN8cceprint13scatter_vreluE7vtype_t10ub_addr8_tS1_htt] -> 0xe7fff3ead2d8
cceprint: [_ZN8cceprint17scatter_vrelu_f16E10ub_addr8_tS0_m] -> 0xe7fff3ead4b8
cceprint: [_ZN8cceprint17scatter_vrelu_f16E10ub_addr8_tS0_htt] -> 0xe7fff3ead5d8
cceprint: [_ZN8cceprint17scatter_vrelu_f32E10ub_addr8_tS0_m] -> 0xe7fff3ead770
cceprint: [_ZN8cceprint17scatter_vrelu_f32E10ub_addr8_tS0_htt] -> 0xe7fff3ead890
cceprint: [_ZN8cceprint17scatter_vrelu_s32E10ub_addr8_tS0_m] -> 0xe7fff3eada28
cceprint: [_ZN8cceprint17scatter_vrelu_s32E10ub_addr8_tS0_htt] -> 0xe7fff3eadb48
cceprint: [_ZN8cceprint14scatter_vrsqrtE7vtype_t10ub_addr8_tS1_m] -> 0xe7fff3eadce0
cceprint: [_ZN8cceprint14scatter_vrsqrtE7vtype_t10ub_addr8_tS1_htt] -> 0xe7fff3eade48
cceprint: [_ZN8cceprint18scatter_vrsqrt_f16E10ub_addr8_tS0_m] -> 0xe7fff3eae028
cceprint: [_ZN8cceprint18scatter_vrsqrt_f16E10ub_addr8_tS0_htt] -> 0xe7fff3eae148
cceprint: [_ZN8cceprint18scatter_vrsqrt_f32E10ub_addr8_tS0_m] -> 0xe7fff3eae2e0
cceprint: [_ZN8cceprint18scatter_vrsqrt_f32E10ub_addr8_tS0_htt] -> 0xe7fff3eae400
cceprint: [_ZN8cceprint16scatter_vscmergeEPt10ub_addr8_tm] -> 0xe7fff3eae598
cceprint: [_ZN8cceprint16scatter_vscmergeEPt10ub_addr8_tth] -> 0xe7fff3eae6ac
cceprint: [_ZN8cceprint16scatter_vscmergeEPh10ub_addr8_tm] -> 0xe7fff3eae7fc
cceprint: [_ZN8cceprint16scatter_vscmergeEPh10ub_addr8_tth] -> 0xe7fff3eae910
cceprint: [_ZN8cceprint16scatter_vscmergeEPN7float165Fp16TE10ub_addr8_tm] -> 0xe7fff3eaea60
cceprint: [_ZN8cceprint16scatter_vscmergeEPN7float165Fp16TE10ub_addr8_tth] -> 0xe7fff3eaeb74
cceprint: [_ZN8cceprint20scatter_vscmerge_b16EPt10ub_addr8_tm] -> 0xe7fff3eaecc4
cceprint: [_ZN8cceprint20scatter_vscmerge_b16EPt10ub_addr8_tth] -> 0xe7fff3eaedd8
cceprint: [_ZN8cceprint19scatter_vscmerge_b8EPh10ub_addr8_tm] -> 0xe7fff3eaef28
cceprint: [_ZN8cceprint19scatter_vscmerge_b8EPh10ub_addr8_tth] -> 0xe7fff3eaf03c
cceprint: [_ZN8cceprint20scatter_vscmerge_f16EPN7float165Fp16TE10ub_addr8_tm] -> 0xe7fff3eaf18c
cceprint: [_ZN8cceprint20scatter_vscmerge_f16EPN7float165Fp16TE10ub_addr8_tth] -> 0xe7fff3eaf2a0
cceprint: [_ZN8cceprint16scatter_vscsplitE10ub_addr8_tPtm] -> 0xe7fff3eaf3f0
cceprint: [_ZN8cceprint16scatter_vscsplitE10ub_addr8_tPtth] -> 0xe7fff3eaf504
cceprint: [_ZN8cceprint16scatter_vscsplitE10ub_addr8_tPhm] -> 0xe7fff3eaf654
cceprint: [_ZN8cceprint16scatter_vscsplitE10ub_addr8_tPhth] -> 0xe7fff3eaf768
cceprint: [_ZN8cceprint16scatter_vscsplitE10ub_addr8_tPN7float165Fp16TEm] -> 0xe7fff3eaf8b8
cceprint: [_ZN8cceprint16scatter_vscsplitE10ub_addr8_tPN7float165Fp16TEth] -> 0xe7fff3eaf9cc
cceprint: [_ZN8cceprint20scatter_vscsplit_b16E10ub_addr8_tPtm] -> 0xe7fff3eafb1c
cceprint: [_ZN8cceprint20scatter_vscsplit_b16E10ub_addr8_tPtth] -> 0xe7fff3eafc30
cceprint: [_ZN8cceprint20scatter_vscsplit_b16E10ub_addr8_tPsm] -> 0xe7fff3eafd80
cceprint: [_ZN8cceprint20scatter_vscsplit_b16E10ub_addr8_tPsth] -> 0xe7fff3eafe94
cceprint: [_ZN8cceprint19scatter_vscsplit_b8E10ub_addr8_tPhm] -> 0xe7fff3eaffe4
cceprint: [_ZN8cceprint19scatter_vscsplit_b8E10ub_addr8_tPhth] -> 0xe7fff3eb00f8
cceprint: [_ZN8cceprint19scatter_vscsplit_b8E10ub_addr8_tPam] -> 0xe7fff3eb0248
cceprint: [_ZN8cceprint19scatter_vscsplit_b8E10ub_addr8_tPath] -> 0xe7fff3eb035c
cceprint: [_ZN8cceprint20scatter_vscsplit_f16E10ub_addr8_tPN7float165Fp16TEm] -> 0xe7fff3eb04ac
cceprint: [_ZN8cceprint20scatter_vscsplit_f16E10ub_addr8_tPN7float165Fp16TEth] -> 0xe7fff3eb05c0
cceprint: [_ZN8cceprint12scatter_vselE7vtype_t10ub_addr8_tS1_S1_m] -> 0xe7fff3eb0710
cceprint: [_ZN8cceprint12scatter_vselE7vtype_t10ub_addr8_tS1_S1_httt] -> 0xe7fff3eb08c0
cceprint: [_ZN8cceprint16scatter_vsel_f16E10ub_addr8_tS0_S0_m] -> 0xe7fff3eb0b24
cceprint: [_ZN8cceprint16scatter_vsel_f16E10ub_addr8_tS0_S0_httth] -> 0xe7fff3eb0c8c
cceprint: [_ZN8cceprint16scatter_vsel_f32E10ub_addr8_tS0_S0_m] -> 0xe7fff3eb0ef0
cceprint: [_ZN8cceprint16scatter_vsel_f32E10ub_addr8_tS0_S0_httth] -> 0xe7fff3eb1058
cceprint: [_ZN8cceprint13scatter_vsqrtE7vtype_t10ub_addr8_tS1_m] -> 0xe7fff3eb12bc
cceprint: [_ZN8cceprint13scatter_vsqrtE7vtype_t10ub_addr8_tS1_htt] -> 0xe7fff3eb1424
cceprint: [_ZN8cceprint17scatter_vsqrt_f16E10ub_addr8_tS0_m] -> 0xe7fff3eb1604
cceprint: [_ZN8cceprint17scatter_vsqrt_f16E10ub_addr8_tS0_htt] -> 0xe7fff3eb1724
cceprint: [_ZN8cceprint17scatter_vsqrt_f32E10ub_addr8_tS0_m] -> 0xe7fff3eb18bc
cceprint: [_ZN8cceprint17scatter_vsqrt_f32E10ub_addr8_tS0_htt] -> 0xe7fff3eb19dc
cceprint: [_ZN8cceprint12scatter_vsubE7vtype_t10ub_addr8_tS1_S1_m] -> 0xe7fff3eb1b74
cceprint: [_ZN8cceprint12scatter_vsubE7vtype_t10ub_addr8_tS1_S1_httt] -> 0xe7fff3eb1d24
cceprint: [_ZN8cceprint16scatter_vsub_f16E10ub_addr8_tS0_S0_m] -> 0xe7fff3eb1f88
cceprint: [_ZN8cceprint16scatter_vsub_f16E10ub_addr8_tS0_S0_httt] -> 0xe7fff3eb20f0
cceprint: [_ZN8cceprint16scatter_vsub_f32E10ub_addr8_tS0_S0_m] -> 0xe7fff3eb230c
cceprint: [_ZN8cceprint16scatter_vsub_f32E10ub_addr8_tS0_S0_httt] -> 0xe7fff3eb2474
cceprint: [_ZN8cceprint16scatter_vsub_s16E10ub_addr8_tS0_S0_m] -> 0xe7fff3eb2690
cceprint: [_ZN8cceprint16scatter_vsub_s16E10ub_addr8_tS0_S0_httt] -> 0xe7fff3eb27f8
cceprint: [_ZN8cceprint16scatter_vsub_s32E10ub_addr8_tS0_S0_m] -> 0xe7fff3eb2a14
cceprint: [_ZN8cceprint16scatter_vsub_s32E10ub_addr8_tS0_S0_httt] -> 0xe7fff3eb2b7c
cceprint: [_ZN8cceprint14set_aipp_spr_0Em] -> 0xe7fff3eb2d98
cceprint: [_ZN8cceprint14set_aipp_spr_1Em] -> 0xe7fff3eb2e28
cceprint: [_ZN8cceprint15set_aipp_spr_10Em] -> 0xe7fff3eb2eb8
cceprint: [_ZN8cceprint15set_aipp_spr_11Em] -> 0xe7fff3eb2f48
cceprint: [_ZN8cceprint15set_aipp_spr_12Em] -> 0xe7fff3eb2fd8
cceprint: [_ZN8cceprint15set_aipp_spr_13Em] -> 0xe7fff3eb3068
cceprint: [_ZN8cceprint15set_aipp_spr_14Em] -> 0xe7fff3eb30f8
cceprint: [_ZN8cceprint15set_aipp_spr_15Em] -> 0xe7fff3eb3188
cceprint: [_ZN8cceprint15set_aipp_spr_16Em] -> 0xe7fff3eb3218
cceprint: [_ZN8cceprint15set_aipp_spr_17Em] -> 0xe7fff3eb32a8
cceprint: [_ZN8cceprint15set_aipp_spr_18Em] -> 0xe7fff3eb3338
cceprint: [_ZN8cceprint15set_aipp_spr_19Em] -> 0xe7fff3eb33c8
cceprint: [_ZN8cceprint14set_aipp_spr_2Em] -> 0xe7fff3eb3458
cceprint: [_ZN8cceprint15set_aipp_spr_20Em] -> 0xe7fff3eb34e8
cceprint: [_ZN8cceprint15set_aipp_spr_21Em] -> 0xe7fff3eb3578
cceprint: [_ZN8cceprint15set_aipp_spr_22Em] -> 0xe7fff3eb3608
cceprint: [_ZN8cceprint15set_aipp_spr_23Em] -> 0xe7fff3eb3698
cceprint: [_ZN8cceprint15set_aipp_spr_24Em] -> 0xe7fff3eb3728
cceprint: [_ZN8cceprint15set_aipp_spr_25Em] -> 0xe7fff3eb37b8
cceprint: [_ZN8cceprint15set_aipp_spr_26Em] -> 0xe7fff3eb3848
cceprint: [_ZN8cceprint15set_aipp_spr_27Em] -> 0xe7fff3eb38d8
cceprint: [_ZN8cceprint15set_aipp_spr_28Em] -> 0xe7fff3eb3968
cceprint: [_ZN8cceprint15set_aipp_spr_29Em] -> 0xe7fff3eb39f8
cceprint: [_ZN8cceprint14set_aipp_spr_3Em] -> 0xe7fff3eb3a88
cceprint: [_ZN8cceprint15set_aipp_spr_30Em] -> 0xe7fff3eb3b18
cceprint: [_ZN8cceprint15set_aipp_spr_31Em] -> 0xe7fff3eb3ba8
cceprint: [_ZN8cceprint14set_aipp_spr_4Em] -> 0xe7fff3eb3c38
cceprint: [_ZN8cceprint14set_aipp_spr_5Em] -> 0xe7fff3eb3cc8
cceprint: [_ZN8cceprint14set_aipp_spr_6Em] -> 0xe7fff3eb3d58
cceprint: [_ZN8cceprint14set_aipp_spr_7Em] -> 0xe7fff3eb3de8
cceprint: [_ZN8cceprint14set_aipp_spr_8Em] -> 0xe7fff3eb3e78
cceprint: [_ZN8cceprint14set_aipp_spr_9Em] -> 0xe7fff3eb3f08
cceprint: [_ZN8cceprint14set_atomic_addEv] -> 0xe7fff3eb3f98
cceprint: [_ZN8cceprint15set_atomic_bf16Ev] -> 0xe7fff3eb3ff8
cceprint: [_ZN8cceprint14set_atomic_f16Ev] -> 0xe7fff3eb4058
cceprint: [_ZN8cceprint14set_atomic_f32Ev] -> 0xe7fff3eb40b8
cceprint: [_ZN8cceprint14set_atomic_maxEv] -> 0xe7fff3eb4118
cceprint: [_ZN8cceprint14set_atomic_minEv] -> 0xe7fff3eb4178
cceprint: [_ZN8cceprint15set_atomic_noneEv] -> 0xe7fff3eb41d8
cceprint: [_ZN8cceprint14set_atomic_s16Ev] -> 0xe7fff3eb4238
cceprint: [_ZN8cceprint14set_atomic_s32Ev] -> 0xe7fff3eb4298
cceprint: [_ZN8cceprint13set_atomic_s8Ev] -> 0xe7fff3eb42f8
cceprint: [_ZN8cceprint18set_cache_normreadEv] -> 0xe7fff3eb4358
cceprint: [_ZN8cceprint22set_cache_notwritebackEv] -> 0xe7fff3eb43b8
cceprint: [_ZN8cceprint17set_cache_readinvEv] -> 0xe7fff3eb4418
cceprint: [_ZN8cceprint18set_cache_readlastEv] -> 0xe7fff3eb4478
cceprint: [_ZN8cceprint16set_channel_paraEm] -> 0xe7fff3eb44d8
cceprint: [_ZN8cceprint11set_cmpmaskEPv] -> 0xe7fff3eb4568
cceprint: [_ZN8cceprint8set_condEm] -> 0xe7fff3eb45ec
cceprint: [_ZN8cceprint18set_condition_flagEm] -> 0xe7fff3eb467c
cceprint: [_ZN8cceprint8set_ctrlEm] -> 0xe7fff3eb470c
cceprint: [_ZN8cceprint14set_data_exp_0Em] -> 0xe7fff3eb479c
cceprint: [_ZN8cceprint14set_data_exp_1Em] -> 0xe7fff3eb482c
cceprint: [_ZN8cceprint14set_data_exp_2Em] -> 0xe7fff3eb48bc
cceprint: [_ZN8cceprint14set_data_exp_3Em] -> 0xe7fff3eb494c
cceprint: [_ZN8cceprint12set_deqscaleEN7float165Fp16TE] -> 0xe7fff3eb49dc
cceprint: [_ZN8cceprint12set_deqscaleEm] -> 0xe7fff3eb4a74
cceprint: [_ZN8cceprint18set_elt_antiq_paraEm] -> 0xe7fff3eb4b04
cceprint: [_ZN8cceprint16set_elt_src_paraEm] -> 0xe7fff3eb4b94
cceprint: [_ZN8cceprint12set_fcol2imgEm] -> 0xe7fff3eb4c24
cceprint: [_ZN8cceprint18set_ffts_base_addrEm] -> 0xe7fff3eb4cb4
cceprint: [_ZN8cceprint17set_fix_clip_reluEm] -> 0xe7fff3eb4d44
cceprint: [_ZN8cceprint13set_fixp_addrEm] -> 0xe7fff3eb4dd4
cceprint: [_ZN8cceprint8set_flagE6pipe_tS0_7event_t] -> 0xe7fff3eb4e64
cceprint: [_ZN8cceprint8set_flagE6pipe_t7event_t] -> 0xe7fff3eb4f94
cceprint: [_ZN8cceprint8set_flagE6pipe_tS0_m] -> 0xe7fff3eb5078
cceprint: [_ZN8cceprint8set_flagE6pipe_tm] -> 0xe7fff3eb51a8
cceprint: [_ZN8cceprint11set_fmatrixEm] -> 0xe7fff3eb528c
cceprint: [_ZN8cceprint13set_fmatrix_bEm] -> 0xe7fff3eb531c
cceprint: [_ZN8cceprint18set_fmatrix_dual_0Em] -> 0xe7fff3eb53ac
cceprint: [_ZN8cceprint18set_fmatrix_dual_1Em] -> 0xe7fff3eb543c
cceprint: [_ZN8cceprint7set_fpcEm] -> 0xe7fff3eb54cc
cceprint: [_ZN8cceprint9set_fpdeqEm] -> 0xe7fff3eb555c
cceprint: [_ZN8cceprint16set_l0_set_valueEN7float165Fp16TE] -> 0xe7fff3eb55ec
cceprint: [_ZN8cceprint16set_l0_set_valueEj] -> 0xe7fff3eb5684
cceprint: [_ZN8cceprint10set_l0a_2dEPvl] -> 0xe7fff3eb5708
cceprint: [_ZN8cceprint10set_l0a_2dEPN7float165Fp16TEl] -> 0xe7fff3eb57c8
cceprint: [_ZN8cceprint10set_l0a_2dEPfl] -> 0xe7fff3eb5888
cceprint: [_ZN8cceprint10set_l0a_2dEPsl] -> 0xe7fff3eb5948
cceprint: [_ZN8cceprint10set_l0a_2dEPil] -> 0xe7fff3eb5a08
cceprint: [_ZN8cceprint10set_l0a_2dEPtl] -> 0xe7fff3eb5ac8
cceprint: [_ZN8cceprint10set_l0a_2dEPjl] -> 0xe7fff3eb5b88
cceprint: [_ZN8cceprint10set_l0b_2dEPvl] -> 0xe7fff3eb5c48
cceprint: [_ZN8cceprint10set_l0b_2dEPN7float165Fp16TEl] -> 0xe7fff3eb5d08
cceprint: [_ZN8cceprint10set_l0b_2dEPfl] -> 0xe7fff3eb5dc8
cceprint: [_ZN8cceprint10set_l0b_2dEPsl] -> 0xe7fff3eb5e88
cceprint: [_ZN8cceprint10set_l0b_2dEPil] -> 0xe7fff3eb5f48
cceprint: [_ZN8cceprint10set_l0b_2dEPtl] -> 0xe7fff3eb6008
cceprint: [_ZN8cceprint10set_l0b_2dEPjl] -> 0xe7fff3eb60c8
cceprint: [_ZN8cceprint9set_l1_2dEPvl] -> 0xe7fff3eb6188
cceprint: [_ZN8cceprint9set_l1_2dEPN7float165Fp16TEl] -> 0xe7fff3eb6248
cceprint: [_ZN8cceprint9set_l1_2dEPfl] -> 0xe7fff3eb6308
cceprint: [_ZN8cceprint9set_l1_2dEPsl] -> 0xe7fff3eb63c8
cceprint: [_ZN8cceprint9set_l1_2dEPil] -> 0xe7fff3eb6488
cceprint: [_ZN8cceprint9set_l1_2dEPtl] -> 0xe7fff3eb6548
cceprint: [_ZN8cceprint9set_l1_2dEPjl] -> 0xe7fff3eb6608
cceprint: [_ZN8cceprint14set_l1_3d_sizeEm] -> 0xe7fff3eb66c8
cceprint: [_ZN8cceprint11set_l3d_rptEm] -> 0xe7fff3eb6758
cceprint: [_ZN8cceprint14set_loop3_paraEm] -> 0xe7fff3eb67e8
cceprint: [_ZN8cceprint15set_low_pre_tblEm] -> 0xe7fff3eb6878
cceprint: [_ZN8cceprint9set_lpcntEm] -> 0xe7fff3eb6908
cceprint: [_ZN8cceprint15set_lrelu_alphaEm] -> 0xe7fff3eb6998
cceprint: [_ZN8cceprint15set_lrelu_alphaEN7float165Fp16TE] -> 0xe7fff3eb6a28
cceprint: [_ZN8cceprint15set_lrelu_alphaEf] -> 0xe7fff3eb6ac0
cceprint: [_ZN8cceprint14set_mask_countEv] -> 0xe7fff3eb6b44
cceprint: [_ZN8cceprint13set_mask_normEv] -> 0xe7fff3eb6ba4
cceprint: [_ZN8cceprint15set_mov_pad_valEm] -> 0xe7fff3eb6c04
cceprint: [_ZN8cceprint19set_pad_val_outtoubEm] -> 0xe7fff3eb6c94
cceprint: [_ZN8cceprint19set_pad_val_outtol1Em] -> 0xe7fff3eb6d24
cceprint: [_ZN8cceprint11set_nd_paraEm] -> 0xe7fff3eb6db4
cceprint: [_ZN8cceprint11set_paddingEm] -> 0xe7fff3eb6e44
cceprint: [_ZN8cceprint11set_paddingEN7float165Fp16TE] -> 0xe7fff3eb6ed4
cceprint: [_ZN8cceprint11set_paddingEs] -> 0xe7fff3eb6f6c
cceprint: [_ZN8cceprint11set_paddingEt] -> 0xe7fff3eb6ff0
cceprint: [_ZN8cceprint16set_pcie_rd_ctrlEm] -> 0xe7fff3eb7074
cceprint: [_ZN8cceprint16set_pcie_wr_ctrlEm] -> 0xe7fff3eb7104
cceprint: [_ZN8cceprint11set_pnt_coeEm] -> 0xe7fff3eb7194
cceprint: [_ZN8cceprint14set_quant_postEm] -> 0xe7fff3eb7224
cceprint: [_ZN8cceprint13set_quant_preEm] -> 0xe7fff3eb72b4
cceprint: [_ZN8cceprint19set_rawheader_to_gmEPvm] -> 0xe7fff3eb7344
cceprint: [_ZN8cceprint19set_rawheader_to_gmEPvtbh] -> 0xe7fff3eb7488
cceprint: [_ZN8cceprint14set_relu_alphaEm] -> 0xe7fff3eb7644
cceprint: [_ZN8cceprint12set_reqscaleEm] -> 0xe7fff3eb76d4
cceprint: [_ZN8cceprint14set_rpn_cor_irEm] -> 0xe7fff3eb7764
cceprint: [_ZN8cceprint14set_rpn_offsetEN7float165Fp16TE] -> 0xe7fff3eb77f4
cceprint: [_ZN8cceprint17set_safety_crc_enEm] -> 0xe7fff3eb788c
cceprint: [_ZN8cceprint19set_safety_crc_excpEm] -> 0xe7fff3eb791c
cceprint: [_ZN8cceprint15set_smask_indexEm] -> 0xe7fff3eb79ac
cceprint: [_ZN8cceprint17set_st_atomic_cfgEm] -> 0xe7fff3eb7a3c
cceprint: [_ZN8cceprint17set_st_atomic_cfgE13atomic_type_t11atomic_op_t] -> 0xe7fff3eb7acc
cceprint: [_ZN8cceprint13set_va_reg_sbE10ub_addr8_tPm] -> 0xe7fff3eb7ba4
cceprint: [_ZN8cceprint15set_vector_maskEmm] -> 0xe7fff3eb7c70
cceprint: [_ZN8cceprint19set_vector_mask_dupEm] -> 0xe7fff3eb7d48
cceprint: [_ZN8cceprint9set_vpipeEm] -> 0xe7fff3eb7dd8
cceprint: [_ZN8cceprint7set_vspEm] -> 0xe7fff3eb7e68
cceprint: [_ZN8cceprint4sff0Em] -> 0xe7fff3eb7ef8
cceprint: [_ZN8cceprint4sff1Em] -> 0xe7fff3eb7f44
cceprint: [_ZN8cceprint7sflbitsEl] -> 0xe7fff3eb7f90
cceprint: [_ZN8cceprint6st_devEtPts] -> 0xe7fff3eb7fdc
cceprint: [_ZN8cceprint6st_devEjPjs] -> 0xe7fff3eb8150
cceprint: [_ZN8cceprint6st_devEmPms] -> 0xe7fff3eb82c4
cceprint: [_ZN8cceprint6st_devEhPhs] -> 0xe7fff3eb8444
cceprint: [_ZN8cceprint21store_l1_to_out_imageEPN7float165Fp16TES2_mm] -> 0xe7fff3eb85c4
cceprint: [_ZN8cceprint21store_l1_to_out_imageEPN7float165Fp16TES2_thththbhm] -> 0xe7fff3eb878c
cceprint: [_ZN8cceprint21store_l1_to_out_imageEPsS0_mm] -> 0xe7fff3eb8b10
cceprint: [_ZN8cceprint21store_l1_to_out_imageEPsS0_thththbhm] -> 0xe7fff3eb8cd8
cceprint: [_ZN8cceprint4trapEm] -> 0xe7fff3eb905c
cceprint: [_ZN8cceprint6plt_b8ERj7Literal] -> 0xe7fff3eb90ec
cceprint: [_ZN8cceprint7plt_b16ERj7Literal] -> 0xe7fff3eb91c8
cceprint: [_ZN8cceprint7plt_b32ERj7Literal] -> 0xe7fff3eb92a4
cceprint: [_ZN8cceprint7pltm_b8Etj] -> 0xe7fff3eb9380
cceprint: [_ZN8cceprint8pltm_b16Etj] -> 0xe7fff3eb9440
cceprint: [_ZN8cceprint8pltm_b32Etj] -> 0xe7fff3eb9500
cceprint: [_ZN8cceprint7vag_b32Et] -> 0xe7fff3eb95c0
cceprint: [_ZN8cceprint7vag_b32Ett] -> 0xe7fff3eb9644
cceprint: [_ZN8cceprint7vag_b32Ettt] -> 0xe7fff3eb9704
cceprint: [_ZN8cceprint7vag_b32Etttt] -> 0xe7fff3eb9800
cceprint: [_ZN8cceprint7vag_b16Et] -> 0xe7fff3eb9938
cceprint: [_ZN8cceprint7vag_b16Ett] -> 0xe7fff3eb99bc
cceprint: [_ZN8cceprint7vag_b16Ettt] -> 0xe7fff3eb9a7c
cceprint: [_ZN8cceprint7vag_b16Etttt] -> 0xe7fff3eb9b78
cceprint: [_ZN8cceprint4trapEv] -> 0xe7fff3eb9cb0
cceprint: [_ZN8cceprint7mem_barE7Literal] -> 0xe7fff3eb9d10
cceprint: [_ZN8cceprint8vgather2ERA128_sPaPth] -> 0xe7fff3eb9da0
cceprint: [_ZN8cceprint8vgather2ERA128_tPhPth] -> 0xe7fff3eb9ee4
cceprint: [_ZN8cceprint8vgather2ERA128_sPsPth] -> 0xe7fff3eba028
cceprint: [_ZN8cceprint8vgather2ERA128_tPtS2_h] -> 0xe7fff3eba16c
cceprint: [_ZN8cceprint8vgather2ERA64_iPiPjh] -> 0xe7fff3eba2b0
cceprint: [_ZN8cceprint8vgather2ERA64_jPjS2_h] -> 0xe7fff3eba3f4
cceprint: [_ZN8cceprint8vgather2ERA128_N7float165Fp16TEPS1_Pth] -> 0xe7fff3eba538
cceprint: [_ZN8cceprint8vgather2ERA64_fPfPjh] -> 0xe7fff3eba67c
cceprint: [_ZN8cceprint8vgather2ERA128_N8bfloat165Bf16TEPS1_Pth] -> 0xe7fff3eba7c0
cceprint: [_ZN8cceprint8vgatherbERA256_aPaPjh] -> 0xe7fff3eba904
cceprint: [_ZN8cceprint8vgatherbERA256_hPhPjh] -> 0xe7fff3ebaa48
cceprint: [_ZN8cceprint8vgatherbERA128_sPsPjh] -> 0xe7fff3ebab8c
cceprint: [_ZN8cceprint8vgatherbERA128_tPtPjh] -> 0xe7fff3ebacd0
cceprint: [_ZN8cceprint8vgatherbERA64_iPiPjh] -> 0xe7fff3ebae14
cceprint: [_ZN8cceprint8vgatherbERA64_jPjS2_h] -> 0xe7fff3ebaf58
cceprint: [_ZN8cceprint8vgatherbERA128_N8bfloat165Bf16TEPS1_Pjh] -> 0xe7fff3ebb09c
cceprint: [_ZN8cceprint8vgatherbERA128_N7float165Fp16TEPS1_Pjh] -> 0xe7fff3ebb1e0
cceprint: [_ZN8cceprint8vgatherbERA64_fPfPjh] -> 0xe7fff3ebb324
cceprint: [_ZN8cceprint8vgatherbERA32_lPlPjh] -> 0xe7fff3ebb468
cceprint: [_ZN8cceprint8vgatherbERA256_aPaPj] -> 0xe7fff3ebb5ac
cceprint: [_ZN8cceprint8vgatherbERA256_hPhPj] -> 0xe7fff3ebb6a8
cceprint: [_ZN8cceprint8vgatherbERA128_sPsPj] -> 0xe7fff3ebb7a4
cceprint: [_ZN8cceprint8vgatherbERA128_tPtPj] -> 0xe7fff3ebb8a0
cceprint: [_ZN8cceprint8vgatherbERA64_iPiPj] -> 0xe7fff3ebb99c
cceprint: [_ZN8cceprint8vgatherbERA64_jPjS2_] -> 0xe7fff3ebba98
cceprint: [_ZN8cceprint8vgatherbERA128_N8bfloat165Bf16TEPS1_Pj] -> 0xe7fff3ebbb94
cceprint: [_ZN8cceprint8vgatherbERA128_N7float165Fp16TEPS1_Pj] -> 0xe7fff3ebbc90
cceprint: [_ZN8cceprint8vgatherbERA64_fPfPj] -> 0xe7fff3ebbd8c
cceprint: [_ZN8cceprint8vgatherbERA32_lPlPj] -> 0xe7fff3ebbe88
cceprint: [_ZN8cceprint8vscatterERA256_aPaPth] -> 0xe7fff3ebbf84
cceprint: [_ZN8cceprint8vscatterERA256_hPhPth] -> 0xe7fff3ebc0c8
cceprint: [_ZN8cceprint8vscatterERA128_sPsPth] -> 0xe7fff3ebc20c
cceprint: [_ZN8cceprint8vscatterERA128_tPtS2_h] -> 0xe7fff3ebc350
cceprint: [_ZN8cceprint8vscatterERA64_iPiPjh] -> 0xe7fff3ebc494
cceprint: [_ZN8cceprint8vscatterERA64_jPjS2_h] -> 0xe7fff3ebc5d8
cceprint: [_ZN8cceprint8vscatterERA128_N8bfloat165Bf16TEPS1_Pth] -> 0xe7fff3ebc71c
cceprint: [_ZN8cceprint8vscatterERA128_N7float165Fp16TEPS1_Pth] -> 0xe7fff3ebc860
cceprint: [_ZN8cceprint8vscatterERA64_fPfPjh] -> 0xe7fff3ebc9a4
cceprint: [_ZN8cceprint4vaddERA64_iPiS2_h7Literal] -> 0xe7fff3ebcae8
cceprint: [_ZN8cceprint4vaddERA64_jPjS2_h7Literal] -> 0xe7fff3ebcc74
cceprint: [_ZN8cceprint4vaddERA128_sPsS2_h7Literal] -> 0xe7fff3ebce00
cceprint: [_ZN8cceprint4vaddERA128_tPtS2_h7Literal] -> 0xe7fff3ebcf8c
cceprint: [_ZN8cceprint4vaddERA256_aPaS2_h7Literal] -> 0xe7fff3ebd118
cceprint: [_ZN8cceprint4vaddERA256_hPhS2_h7Literal] -> 0xe7fff3ebd2a4
cceprint: [_ZN8cceprint4vaddERA64_fPfS2_h7Literal] -> 0xe7fff3ebd430
cceprint: [_ZN8cceprint4vaddERA128_N7float165Fp16TEPS1_S4_h7Literal] -> 0xe7fff3ebd5bc
cceprint: [_ZN8cceprint3vciERA64_iii] -> 0xe7fff3ebd748
cceprint: [_ZN8cceprint3vciERA128_ssi] -> 0xe7fff3ebd844
cceprint: [_ZN8cceprint3vciERA256_aai] -> 0xe7fff3ebd940
cceprint: [_ZN8cceprint3vciERA128_N7float165Fp16TES1_i] -> 0xe7fff3ebda48
cceprint: [_ZN8cceprint3vciERA64_ffi] -> 0xe7fff3ebdb58
cceprint: [_ZN8cceprint3vciERA64_ii7Literal] -> 0xe7fff3ebdc54
cceprint: [_ZN8cceprint3vciERA128_ss7Literal] -> 0xe7fff3ebdd5c
cceprint: [_ZN8cceprint3vciERA256_aa7Literal] -> 0xe7fff3ebde64
cceprint: [_ZN8cceprint3vciERA128_N7float165Fp16TES1_7Literal] -> 0xe7fff3ebdf78
cceprint: [_ZN8cceprint3vciERA64_ff7Literal] -> 0xe7fff3ebe094
cceprint: [_ZN8cceprint4vabsERA64_fPfh7Literal] -> 0xe7fff3ebe19c
cceprint: [_ZN8cceprint4vabsERA128_N7float165Fp16TEPS1_h7Literal] -> 0xe7fff3ebe2ec
cceprint: [_ZN8cceprint4vabsERA256_aPah7Literal] -> 0xe7fff3ebe43c
cceprint: [_ZN8cceprint4vabsERA128_sPsh7Literal] -> 0xe7fff3ebe58c
cceprint: [_ZN8cceprint4vabsERA64_iPih7Literal] -> 0xe7fff3ebe6dc
cceprint: [_ZN8cceprint4vrecERA64_fPfh7Literal] -> 0xe7fff3ebe82c
cceprint: [_ZN8cceprint4vrecERA128_N7float165Fp16TEPS1_h7Literal] -> 0xe7fff3ebe97c
cceprint: [_ZN8cceprint6vrsqrtERA64_fPfh7Literal] -> 0xe7fff3ebeacc
cceprint: [_ZN8cceprint6vrsqrtERA128_N7float165Fp16TEPS1_h7Literal] -> 0xe7fff3ebec1c
cceprint: [_ZN8cceprint5vreluERA64_fPfh7Literal] -> 0xe7fff3ebed6c
cceprint: [_ZN8cceprint5vreluERA128_N7float165Fp16TEPS1_h7Literal] -> 0xe7fff3ebeebc
cceprint: [_ZN8cceprint5vreluERA64_iPih7Literal] -> 0xe7fff3ebf00c
cceprint: [_ZN8cceprint5vsqrtERA64_fPfh7Literal] -> 0xe7fff3ebf15c
cceprint: [_ZN8cceprint5vsqrtERA128_N7float165Fp16TEPS1_h7Literal] -> 0xe7fff3ebf2ac
cceprint: [_ZN8cceprint3vlnERA64_fPfh7Literal] -> 0xe7fff3ebf3fc
cceprint: [_ZN8cceprint3vlnERA128_N7float165Fp16TEPS1_h7Literal] -> 0xe7fff3ebf54c
cceprint: [_ZN8cceprint4vexpERA64_fPfh7Literal] -> 0xe7fff3ebf69c
cceprint: [_ZN8cceprint4vexpERA128_N7float165Fp16TEPS1_h7Literal] -> 0xe7fff3ebf7ec
cceprint: [_ZN8cceprint4vnotERA256_hPhh7Literal] -> 0xe7fff3ebf93c
cceprint: [_ZN8cceprint4vnotERA256_aPah7Literal] -> 0xe7fff3ebfa8c
cceprint: [_ZN8cceprint4vnotERA128_tPth7Literal] -> 0xe7fff3ebfbdc
cceprint: [_ZN8cceprint4vnotERA128_sPsh7Literal] -> 0xe7fff3ebfd2c
cceprint: [_ZN8cceprint4vnotERA128_N7float165Fp16TEPS1_h7Literal] -> 0xe7fff3ebfe7c
cceprint: [_ZN8cceprint4vnotERA64_iPih7Literal] -> 0xe7fff3ebffcc
cceprint: [_ZN8cceprint4vnotERA64_jPjh7Literal] -> 0xe7fff3ec011c
cceprint: [_ZN8cceprint4vnotERA64_fPfh7Literal] -> 0xe7fff3ec026c
cceprint: [_ZN8cceprint4pldsERhPji7Literal] -> 0xe7fff3ec03bc
cceprint: [_ZN8cceprint4pldsERhRPji7LiteralS3_] -> 0xe7fff3ec0510
cceprint: [_ZN8cceprint8movp_b16Ev] -> 0xe7fff3ec06bc
cceprint: [_ZN8cceprint8movp_b32Ev] -> 0xe7fff3ec071c
cceprint: [_ZN8cceprint4pstsEhPji7Literal] -> 0xe7fff3ec077c
cceprint: [_ZN8cceprint5ppackERhh7Literal] -> 0xe7fff3ec08cc
cceprint: [_ZN8cceprint7punpackERhh7Literal] -> 0xe7fff3ec09f0
cceprint: [_ZN8cceprint6vintlvERA256_hS1_PhS2_] -> 0xe7fff3ec0b14
cceprint: [_ZN8cceprint6vintlvERA256_aS1_PaS2_] -> 0xe7fff3ec0c4c
cceprint: [_ZN8cceprint6vintlvERA128_N7float165Fp16TES3_PS1_S4_] -> 0xe7fff3ec0d84
cceprint: [_ZN8cceprint6vintlvERA128_sS1_PsS2_] -> 0xe7fff3ec0ebc
cceprint: [_ZN8cceprint6vintlvERA128_tS1_PtS2_] -> 0xe7fff3ec0ff4
cceprint: [_ZN8cceprint6vintlvERA64_fS1_PfS2_] -> 0xe7fff3ec112c
cceprint: [_ZN8cceprint6vintlvERA64_iS1_PiS2_] -> 0xe7fff3ec1264
cceprint: [_ZN8cceprint6vintlvERA64_jS1_PjS2_] -> 0xe7fff3ec139c
cceprint: [_ZN8cceprint7vdintlvERA256_hS1_PhS2_] -> 0xe7fff3ec14d4
cceprint: [_ZN8cceprint7vdintlvERA256_aS1_PaS2_] -> 0xe7fff3ec160c
cceprint: [_ZN8cceprint7vdintlvERA128_N7float165Fp16TES3_PS1_S4_] -> 0xe7fff3ec1744
cceprint: [_ZN8cceprint7vdintlvERA128_sS1_PsS2_] -> 0xe7fff3ec187c
cceprint: [_ZN8cceprint7vdintlvERA128_tS1_PtS2_] -> 0xe7fff3ec19b4
cceprint: [_ZN8cceprint7vdintlvERA64_fS1_PfS2_] -> 0xe7fff3ec1aec
cceprint: [_ZN8cceprint7vdintlvERA64_iS1_PiS2_] -> 0xe7fff3ec1c24
cceprint: [_ZN8cceprint7vdintlvERA64_jS1_PjS2_] -> 0xe7fff3ec1d5c
cceprint: [_ZN8cceprint5vpackERA256_hPt7LiteralS3_] -> 0xe7fff3ec1e94
cceprint: [_ZN8cceprint5vpackERA256_hPs7LiteralS3_] -> 0xe7fff3ec1fe4
cceprint: [_ZN8cceprint5vpackERA128_tPj7LiteralS3_] -> 0xe7fff3ec2134
cceprint: [_ZN8cceprint5vpackERA128_tPi7LiteralS3_] -> 0xe7fff3ec2284
cceprint: [_ZN8cceprint9pintlv_b8ERhS0_hh] -> 0xe7fff3ec23d4
cceprint: [_ZN8cceprint10pintlv_b16ERhS0_hh] -> 0xe7fff3ec2544
cceprint: [_ZN8cceprint10pintlv_b32ERhS0_hh] -> 0xe7fff3ec26b4
cceprint: [_ZN8cceprint10pdintlv_b8ERhS0_hh] -> 0xe7fff3ec2824
cceprint: [_ZN8cceprint11pdintlv_b16ERhS0_hh] -> 0xe7fff3ec2994
cceprint: [_ZN8cceprint11pdintlv_b32ERhS0_hh] -> 0xe7fff3ec2b04
cceprint: [_ZN8cceprint5vsstbEPaS0_ih] -> 0xe7fff3ec2c74
cceprint: [_ZN8cceprint5vsstbEPhS0_ih] -> 0xe7fff3ec2db8
cceprint: [_ZN8cceprint5vsstbEPsS0_ih] -> 0xe7fff3ec2efc
cceprint: [_ZN8cceprint5vsstbEPtS0_ih] -> 0xe7fff3ec3040
cceprint: [_ZN8cceprint5vsstbEPiS0_ih] -> 0xe7fff3ec3184
cceprint: [_ZN8cceprint5vsstbEPjS0_ih] -> 0xe7fff3ec32c8
cceprint: [_ZN8cceprint5vsstbEPN8bfloat165Bf16TES2_ih] -> 0xe7fff3ec340c
cceprint: [_ZN8cceprint5vsstbEPN7float165Fp16TES2_ih] -> 0xe7fff3ec3550
cceprint: [_ZN8cceprint5vsstbEPfS0_ih] -> 0xe7fff3ec3694
cceprint: [_ZN8cceprint5vsstbEPaRS0_ih7Literal] -> 0xe7fff3ec37d8
cceprint: [_ZN8cceprint5vsstbEPhRS0_ih7Literal] -> 0xe7fff3ec3974
cceprint: [_ZN8cceprint5vsstbEPsRS0_ih7Literal] -> 0xe7fff3ec3b10
cceprint: [_ZN8cceprint5vsstbEPtRS0_ih7Literal] -> 0xe7fff3ec3cac
cceprint: [_ZN8cceprint5vsstbEPiRS0_ih7Literal] -> 0xe7fff3ec3e48
cceprint: [_ZN8cceprint5vsstbEPjRS0_ih7Literal] -> 0xe7fff3ec3fe4
cceprint: [_ZN8cceprint5vsstbEPN8bfloat165Bf16TERS2_ih7Literal] -> 0xe7fff3ec4180
cceprint: [_ZN8cceprint5vsstbEPN7float165Fp16TERS2_ih7Literal] -> 0xe7fff3ec431c
cceprint: [_ZN8cceprint5vsstbEPfRS0_ih7Literal] -> 0xe7fff3ec44b8
cceprint: [_ZN8cceprint5vsldbERA256_aPaih] -> 0xe7fff3ec4654
cceprint: [_ZN8cceprint5vsldbERA256_hPhih] -> 0xe7fff3ec4798
cceprint: [_ZN8cceprint5vsldbERA128_sPsih] -> 0xe7fff3ec48dc
cceprint: [_ZN8cceprint5vsldbERA128_tPtih] -> 0xe7fff3ec4a20
cceprint: [_ZN8cceprint5vsldbERA64_iPiih] -> 0xe7fff3ec4b64
cceprint: [_ZN8cceprint5vsldbERA64_jPjih] -> 0xe7fff3ec4ca8
cceprint: [_ZN8cceprint5vsldbERA32_lPlih] -> 0xe7fff3ec4dec
cceprint: [_ZN8cceprint5vsldbERA128_N8bfloat165Bf16TEPS1_ih] -> 0xe7fff3ec4f30
cceprint: [_ZN8cceprint5vsldbERA128_N7float165Fp16TEPS1_ih] -> 0xe7fff3ec5074
cceprint: [_ZN8cceprint5vsldbERA64_fPfih] -> 0xe7fff3ec51b8
cceprint: [_ZN8cceprint5vsldbERA256_aRPaih7Literal] -> 0xe7fff3ec52fc
cceprint: [_ZN8cceprint5vsldbERA256_hRPhih7Literal] -> 0xe7fff3ec5498
cceprint: [_ZN8cceprint5vsldbERA128_sRPsih7Literal] -> 0xe7fff3ec5634
cceprint: [_ZN8cceprint5vsldbERA128_tRPtih7Literal] -> 0xe7fff3ec57d0
cceprint: [_ZN8cceprint5vsldbERA64_iRPiih7Literal] -> 0xe7fff3ec596c
cceprint: [_ZN8cceprint5vsldbERA64_jRPjih7Literal] -> 0xe7fff3ec5b08
cceprint: [_ZN8cceprint5vsldbERA32_lRPlih7Literal] -> 0xe7fff3ec5ca4
cceprint: [_ZN8cceprint5vsldbERA128_N8bfloat165Bf16TERPS1_ih7Literal] -> 0xe7fff3ec5e40
cceprint: [_ZN8cceprint5vsldbERA128_N7float165Fp16TERPS1_ih7Literal] -> 0xe7fff3ec5fdc
cceprint: [_ZN8cceprint5vsldbERA64_fRPfih7Literal] -> 0xe7fff3ec6178
cceprint: [_ZN8cceprint3vstEPaS0_i7Literalh] -> 0xe7fff3ec6314
cceprint: [_ZN8cceprint3vstEPhS0_i7Literalh] -> 0xe7fff3ec64a0
cceprint: [_ZN8cceprint3vstEPsS0_i7Literalh] -> 0xe7fff3ec662c
cceprint: [_ZN8cceprint3vstEPtS0_i7Literalh] -> 0xe7fff3ec67b8
cceprint: [_ZN8cceprint3vstEPiS0_i7Literalh] -> 0xe7fff3ec6944
cceprint: [_ZN8cceprint3vstEPjS0_i7Literalh] -> 0xe7fff3ec6ad0
cceprint: [_ZN8cceprint3vstEPmS0_i7Literalh] -> 0xe7fff3ec6c5c
cceprint: [_ZN8cceprint3vstEPlS0_i7Literalh] -> 0xe7fff3ec6de8
cceprint: [_ZN8cceprint3vstEPN8bfloat165Bf16TES2_i7Literalh] -> 0xe7fff3ec6f74
cceprint: [_ZN8cceprint3vstEPN7float165Fp16TES2_i7Literalh] -> 0xe7fff3ec7100
cceprint: [_ZN8cceprint3vstEPfS0_i7Literalh] -> 0xe7fff3ec728c
cceprint: [_ZN8cceprint3vstEPaS0_S0_i7Literalh] -> 0xe7fff3ec7418
cceprint: [_ZN8cceprint3vstEPhS0_S0_i7Literalh] -> 0xe7fff3ec75e0
cceprint: [_ZN8cceprint3vstEPsS0_S0_i7Literalh] -> 0xe7fff3ec77a8
cceprint: [_ZN8cceprint3vstEPtS0_S0_i7Literalh] -> 0xe7fff3ec7970
cceprint: [_ZN8cceprint3vstEPN8bfloat165Bf16TES2_S2_i7Literalh] -> 0xe7fff3ec7b38
cceprint: [_ZN8cceprint3vstEPN7float165Fp16TES2_S2_i7Literalh] -> 0xe7fff3ec7d00
cceprint: [_ZN8cceprint4vstsEPaS0_i7Literalh] -> 0xe7fff3ec7ec8
cceprint: [_ZN8cceprint4vstsEPhS0_i7Literalh] -> 0xe7fff3ec8054
cceprint: [_ZN8cceprint4vstsEPsS0_i7Literalh] -> 0xe7fff3ec81e0
cceprint: [_ZN8cceprint4vstsEPtS0_i7Literalh] -> 0xe7fff3ec836c
cceprint: [_ZN8cceprint4vstsEPiS0_i7Literalh] -> 0xe7fff3ec84f8
cceprint: [_ZN8cceprint4vstsEPjS0_i7Literalh] -> 0xe7fff3ec8684
cceprint: [_ZN8cceprint4vstsEPmS0_i7Literalh] -> 0xe7fff3ec8810
cceprint: [_ZN8cceprint4vstsEPlS0_i7Literalh] -> 0xe7fff3ec899c
cceprint: [_ZN8cceprint4vstsEPN8bfloat165Bf16TES2_i7Literalh] -> 0xe7fff3ec8b28
cceprint: [_ZN8cceprint4vstsEPN7float165Fp16TES2_i7Literalh] -> 0xe7fff3ec8cb4
cceprint: [_ZN8cceprint4vstsEPfS0_i7Literalh] -> 0xe7fff3ec8e40
cceprint: [_ZN8cceprint5vstuiERA32_ajPN7float165Fp16TERS4_] -> 0xe7fff3ec8fcc
cceprint: [_ZN8cceprint5vstuiERA32_ajPN7float165Fp16TERS4_7Literal] -> 0xe7fff3ec9114
cceprint: [_ZN8cceprint5vstuiERA32_ajPfRS2_] -> 0xe7fff3ec92a4
cceprint: [_ZN8cceprint5vstuiERA32_ajPfRS2_7Literal] -> 0xe7fff3ec93ec
cceprint: [_ZN8cceprint5vstusERA32_ajPN7float165Fp16TERS4_] -> 0xe7fff3ec957c
cceprint: [_ZN8cceprint5vstusERA32_ajPN7float165Fp16TERS4_7Literal] -> 0xe7fff3ec96c4
cceprint: [_ZN8cceprint5vstusERA32_ajPfRS2_] -> 0xe7fff3ec9854
cceprint: [_ZN8cceprint5vstusERA32_ajPfRS2_7Literal] -> 0xe7fff3ec999c
cceprint: [_ZN8cceprint5vstaiEPaPN7float165Fp16TEi] -> 0xe7fff3ec9b2c
cceprint: [_ZN8cceprint5vstaiEPaRPN7float165Fp16TEi7Literal] -> 0xe7fff3ec9c28
cceprint: [_ZN8cceprint5vstaiEPaPfi] -> 0xe7fff3ec9d7c
cceprint: [_ZN8cceprint5vstaiEPaRPfi7Literal] -> 0xe7fff3ec9e78
cceprint: [_ZN8cceprint5vstasEPaPN7float165Fp16TEi] -> 0xe7fff3ec9fcc
cceprint: [_ZN8cceprint5vstasEPaRPN7float165Fp16TEi7Literal] -> 0xe7fff3eca0c8
cceprint: [_ZN8cceprint5vstasEPaPfi] -> 0xe7fff3eca21c
cceprint: [_ZN8cceprint5vstasEPaRPfi7Literal] -> 0xe7fff3eca318
cceprint: [_ZN8cceprint3vorERA256_hPhS2_h7Literal] -> 0xe7fff3eca46c
cceprint: [_ZN8cceprint3vorERA256_aPaS2_h7Literal] -> 0xe7fff3eca5f8
cceprint: [_ZN8cceprint3vorERA128_tPtS2_h7Literal] -> 0xe7fff3eca784
cceprint: [_ZN8cceprint3vorERA128_sPsS2_h7Literal] -> 0xe7fff3eca910
cceprint: [_ZN8cceprint3vorERA64_iPiS2_h7Literal] -> 0xe7fff3ecaa9c
cceprint: [_ZN8cceprint3vorERA64_jPjS2_h7Literal] -> 0xe7fff3ecac28
cceprint: [_ZN8cceprint3vorERA64_fPfS2_h7Literal] -> 0xe7fff3ecadb4
cceprint: [_ZN8cceprint3vorERA128_N7float165Fp16TEPS1_S4_h7Literal] -> 0xe7fff3ecaf40
cceprint: [_ZN8cceprint4vandERA256_hPhS2_h7Literal] -> 0xe7fff3ecb0cc
cceprint: [_ZN8cceprint4vandERA256_aPaS2_h7Literal] -> 0xe7fff3ecb258
cceprint: [_ZN8cceprint4vandERA128_tPtS2_h7Literal] -> 0xe7fff3ecb3e4
cceprint: [_ZN8cceprint4vandERA128_sPsS2_h7Literal] -> 0xe7fff3ecb570
cceprint: [_ZN8cceprint4vandERA64_iPiS2_h7Literal] -> 0xe7fff3ecb6fc
cceprint: [_ZN8cceprint4vandERA64_jPjS2_h7Literal] -> 0xe7fff3ecb888
cceprint: [_ZN8cceprint4vandERA64_fPfS2_h7Literal] -> 0xe7fff3ecba14
cceprint: [_ZN8cceprint4vandERA128_N7float165Fp16TEPS1_S4_h7Literal] -> 0xe7fff3ecbba0
cceprint: [_ZN8cceprint4vmaxERA256_hPhS2_h7Literal] -> 0xe7fff3ecbd2c
cceprint: [_ZN8cceprint4vmaxERA256_aPaS2_h7Literal] -> 0xe7fff3ecbeb8
cceprint: [_ZN8cceprint4vmaxERA128_tPtS2_h7Literal] -> 0xe7fff3ecc044
cceprint: [_ZN8cceprint4vmaxERA128_sPsS2_h7Literal] -> 0xe7fff3ecc1d0
cceprint: [_ZN8cceprint4vmaxERA64_iPiS2_h7Literal] -> 0xe7fff3ecc35c
cceprint: [_ZN8cceprint4vmaxERA64_jPjS2_h7Literal] -> 0xe7fff3ecc4e8
cceprint: [_ZN8cceprint4vmaxERA64_fPfS2_h7Literal] -> 0xe7fff3ecc674
cceprint: [_ZN8cceprint4vmaxERA128_N7float165Fp16TEPS1_S4_h7Literal] -> 0xe7fff3ecc800
cceprint: [_ZN8cceprint4vminERA256_hPhS2_h7Literal] -> 0xe7fff3ecc98c
cceprint: [_ZN8cceprint4vminERA256_aPaS2_h7Literal] -> 0xe7fff3eccb18
cceprint: [_ZN8cceprint4vminERA128_tPtS2_h7Literal] -> 0xe7fff3eccca4
cceprint: [_ZN8cceprint4vminERA128_sPsS2_h7Literal] -> 0xe7fff3ecce30
cceprint: [_ZN8cceprint4vminERA64_iPiS2_h7Literal] -> 0xe7fff3eccfbc
cceprint: [_ZN8cceprint4vminERA64_jPjS2_h7Literal] -> 0xe7fff3ecd148
cceprint: [_ZN8cceprint4vminERA64_fPfS2_h7Literal] -> 0xe7fff3ecd2d4
cceprint: [_ZN8cceprint4vminERA128_N7float165Fp16TEPS1_S4_h7Literal] -> 0xe7fff3ecd460
cceprint: [_ZN8cceprint4vsubERA256_hPhS2_h7Literal] -> 0xe7fff3ecd5ec
cceprint: [_ZN8cceprint4vsubERA256_aPaS2_h7Literal] -> 0xe7fff3ecd778
cceprint: [_ZN8cceprint4vsubERA128_tPtS2_h7Literal] -> 0xe7fff3ecd904
cceprint: [_ZN8cceprint4vsubERA128_sPsS2_h7Literal] -> 0xe7fff3ecda90
cceprint: [_ZN8cceprint4vsubERA64_iPiS2_h7Literal] -> 0xe7fff3ecdc1c
cceprint: [_ZN8cceprint4vsubERA64_jPjS2_h7Literal] -> 0xe7fff3ecdda8
cceprint: [_ZN8cceprint4vsubERA64_fPfS2_h7Literal] -> 0xe7fff3ecdf34
cceprint: [_ZN8cceprint4vsubERA128_N7float165Fp16TEPS1_S4_h7Literal] -> 0xe7fff3ece0c0
cceprint: [_ZN8cceprint4vmulERA256_hPhS2_h7Literal] -> 0xe7fff3ece24c
cceprint: [_ZN8cceprint4vmulERA256_aPaS2_h7Literal] -> 0xe7fff3ece3d8
cceprint: [_ZN8cceprint4vmulERA128_tPtS2_h7Literal] -> 0xe7fff3ece564
cceprint: [_ZN8cceprint4vmulERA128_sPsS2_h7Literal] -> 0xe7fff3ece6f0
cceprint: [_ZN8cceprint4vmulERA64_iPiS2_h7Literal] -> 0xe7fff3ece87c
cceprint: [_ZN8cceprint4vmulERA64_jPjS2_h7Literal] -> 0xe7fff3ecea08
cceprint: [_ZN8cceprint4vmulERA64_fPfS2_h7Literal] -> 0xe7fff3eceb94
cceprint: [_ZN8cceprint4vmulERA128_N7float165Fp16TEPS1_S4_h7Literal] -> 0xe7fff3eced20
cceprint: [_ZN8cceprint4vdivERA256_hPhS2_h7Literal] -> 0xe7fff3eceeac
cceprint: [_ZN8cceprint4vdivERA256_aPaS2_h7Literal] -> 0xe7fff3ecf038
cceprint: [_ZN8cceprint4vdivERA128_tPtS2_h7Literal] -> 0xe7fff3ecf1c4
cceprint: [_ZN8cceprint4vdivERA128_sPsS2_h7Literal] -> 0xe7fff3ecf350
cceprint: [_ZN8cceprint4vdivERA64_iPiS2_h7Literal] -> 0xe7fff3ecf4dc
cceprint: [_ZN8cceprint4vdivERA64_jPjS2_h7Literal] -> 0xe7fff3ecf668
cceprint: [_ZN8cceprint4vdivERA64_fPfS2_h7Literal] -> 0xe7fff3ecf7f4
cceprint: [_ZN8cceprint4vdivERA128_N7float165Fp16TEPS1_S4_h7Literal] -> 0xe7fff3ecf980
cceprint: [_ZN8cceprint7vcmp_eqERhPN7float165Fp16TES3_h] -> 0xe7fff3ecfb0c
cceprint: [_ZN8cceprint7vcmp_neERhPN7float165Fp16TES3_h] -> 0xe7fff3ecfc60
cceprint: [_ZN8cceprint7vcmp_gtERhPN7float165Fp16TES3_h] -> 0xe7fff3ecfdb4
cceprint: [_ZN8cceprint7vcmp_geERhPN7float165Fp16TES3_h] -> 0xe7fff3ecff08
cceprint: [_ZN8cceprint7vcmp_ltERhPN7float165Fp16TES3_h] -> 0xe7fff3ed005c
cceprint: [_ZN8cceprint7vcmp_leERhPN7float165Fp16TES3_h] -> 0xe7fff3ed01b0
cceprint: [_ZN8cceprint7vcmp_eqERhPfS1_h] -> 0xe7fff3ed0304
cceprint: [_ZN8cceprint7vcmp_neERhPfS1_h] -> 0xe7fff3ed0458
cceprint: [_ZN8cceprint7vcmp_gtERhPfS1_h] -> 0xe7fff3ed05ac
cceprint: [_ZN8cceprint7vcmp_geERhPfS1_h] -> 0xe7fff3ed0700
cceprint: [_ZN8cceprint7vcmp_ltERhPfS1_h] -> 0xe7fff3ed0854
cceprint: [_ZN8cceprint7vcmp_leERhPfS1_h] -> 0xe7fff3ed09a8
cceprint: [_ZN8cceprint4vselERA128_N7float165Fp16TEPS1_S4_h] -> 0xe7fff3ed0afc
cceprint: [_ZN8cceprint4vselERA64_fPfS2_h] -> 0xe7fff3ed0c40
cceprint: [_ZN8cceprint3vbrERA128_N7float165Fp16TES1_] -> 0xe7fff3ed0d84
cceprint: [_ZN8cceprint3vbrERA128_tt] -> 0xe7fff3ed0e58
cceprint: [_ZN8cceprint3vbrERA128_ss] -> 0xe7fff3ed0f18
cceprint: [_ZN8cceprint3vbrERA64_ff] -> 0xe7fff3ed0fd8
cceprint: [_ZN8cceprint3vbrERA64_jj] -> 0xe7fff3ed1098
cceprint: [_ZN8cceprint3vbrERA64_ii] -> 0xe7fff3ed1158
cceprint: [_ZN8cceprint6sprclrE7Literal] -> 0xe7fff3ed1218
cceprint: [_ZN8cceprint4pmovERhhh] -> 0xe7fff3ed12a8
cceprint: [_ZN8cceprint4vsqzERA128_N7float165Fp16TEPS1_h7Literal] -> 0xe7fff3ed13cc
cceprint: [_ZN8cceprint4vsqzERA128_tPth7Literal] -> 0xe7fff3ed151c
cceprint: [_ZN8cceprint4vsqzERA128_sPsh7Literal] -> 0xe7fff3ed166c
cceprint: [_ZN8cceprint4vsqzERA64_fPfh7Literal] -> 0xe7fff3ed17bc
cceprint: [_ZN8cceprint4vsqzERA64_jPjh7Literal] -> 0xe7fff3ed190c
cceprint: [_ZN8cceprint4vsqzERA64_iPih7Literal] -> 0xe7fff3ed1a5c
cceprint: [_ZN8cceprint5vsturERA32_aPN7float165Fp16TES4_7Literal] -> 0xe7fff3ed1bac
cceprint: [_ZN8cceprint5vsturERA32_aPtS2_7Literal] -> 0xe7fff3ed1cf0
cceprint: [_ZN8cceprint5vsturERA32_aPsS2_7Literal] -> 0xe7fff3ed1e34
cceprint: [_ZN8cceprint5vsturERA32_aPfS2_7Literal] -> 0xe7fff3ed1f78
cceprint: [_ZN8cceprint5vsturERA32_aPjS2_7Literal] -> 0xe7fff3ed20bc
cceprint: [_ZN8cceprint5vsturERA32_aPiS2_7Literal] -> 0xe7fff3ed2200
cceprint: [_ZN8cceprint5vstarEPaPN7float165Fp16TE] -> 0xe7fff3ed2344
cceprint: [_ZN8cceprint5vstarEPaPs] -> 0xe7fff3ed2404
cceprint: [_ZN8cceprint5vstarEPaPt] -> 0xe7fff3ed24c4
cceprint: [_ZN8cceprint5vstarEPaPf] -> 0xe7fff3ed2584
cceprint: [_ZN8cceprint5vstarEPaPi] -> 0xe7fff3ed2644
cceprint: [_ZN8cceprint5vstarEPaPj] -> 0xe7fff3ed2704
cceprint: [_ZN8cceprint6pge_b8E7Literal] -> 0xe7fff3ed27c4
cceprint: [_ZN8cceprint7pge_b16E7Literal] -> 0xe7fff3ed2854
cceprint: [_ZN8cceprint7pge_b32E7Literal] -> 0xe7fff3ed28e4
cceprint: [_ZN8cceprint7pset_b8E7Literal] -> 0xe7fff3ed2974
cceprint: [_ZN8cceprint8pset_b16E7Literal] -> 0xe7fff3ed2a04
cceprint: [_ZN8cceprint8pset_b32E7Literal] -> 0xe7fff3ed2a94
cceprint: [_ZN8cceprint5vldasERA32_aPh] -> 0xe7fff3ed2b24
cceprint: [_ZN8cceprint5vldasERA32_aPN7float165Fp16TE] -> 0xe7fff3ed2be4
cceprint: [_ZN8cceprint5vldasERA32_aPt] -> 0xe7fff3ed2ca4
cceprint: [_ZN8cceprint5vldasERA32_aPs] -> 0xe7fff3ed2d64
cceprint: [_ZN8cceprint5vldasERA32_aPf] -> 0xe7fff3ed2e24
cceprint: [_ZN8cceprint5vldasERA32_aPj] -> 0xe7fff3ed2ee4
cceprint: [_ZN8cceprint5vldasERA32_aPi] -> 0xe7fff3ed2fa4
cceprint: [_ZN8cceprint5vldusERA256_hRA32_aRPhj7Literal] -> 0xe7fff3ed3064
cceprint: [_ZN8cceprint5vldusERA128_N7float165Fp16TERA32_aRPS1_j7Literal] -> 0xe7fff3ed31f4
cceprint: [_ZN8cceprint5vldusERA128_tRA32_aRPtj7Literal] -> 0xe7fff3ed3384
cceprint: [_ZN8cceprint5vldusERA128_sRA32_aRPsj7Literal] -> 0xe7fff3ed3514
cceprint: [_ZN8cceprint5vldusERA64_fRA32_aRPfj7Literal] -> 0xe7fff3ed36a4
cceprint: [_ZN8cceprint5vldusERA64_jRA32_aRPjj7Literal] -> 0xe7fff3ed3834
cceprint: [_ZN8cceprint5vldusERA64_iRA32_aRPij7Literal] -> 0xe7fff3ed39c4
cceprint: [_ZN8cceprint4vdupERA256_hhh7Literal] -> 0xe7fff3ed3b54
cceprint: [_ZN8cceprint4vdupERA256_aah7Literal] -> 0xe7fff3ed3cb0
cceprint: [_ZN8cceprint4vdupERA128_tth7Literal] -> 0xe7fff3ed3e0c
cceprint: [_ZN8cceprint4vdupERA128_ssh7Literal] -> 0xe7fff3ed3f5c
cceprint: [_ZN8cceprint4vdupERA64_iih7Literal] -> 0xe7fff3ed40ac
cceprint: [_ZN8cceprint4vdupERA64_jjh7Literal] -> 0xe7fff3ed41fc
cceprint: [_ZN8cceprint4vdupERA64_ffh7Literal] -> 0xe7fff3ed434c
cceprint: [_ZN8cceprint4vdupERA128_N7float165Fp16TES1_h7Literal] -> 0xe7fff3ed449c
cceprint: [_ZN8cceprint3vldERA256_aPai7Literal] -> 0xe7fff3ed4600
cceprint: [_ZN8cceprint3vldERA256_hPhi7Literal] -> 0xe7fff3ed4744
cceprint: [_ZN8cceprint3vldERA128_sPsi7Literal] -> 0xe7fff3ed4888
cceprint: [_ZN8cceprint3vldERA128_tPti7Literal] -> 0xe7fff3ed49cc
cceprint: [_ZN8cceprint3vldERA64_iPii7Literal] -> 0xe7fff3ed4b10
cceprint: [_ZN8cceprint3vldERA64_jPji7Literal] -> 0xe7fff3ed4c54
cceprint: [_ZN8cceprint3vldERA32_lPli7Literal] -> 0xe7fff3ed4d98
cceprint: [_ZN8cceprint3vldERA32_mPmi7Literal] -> 0xe7fff3ed4edc
cceprint: [_ZN8cceprint3vldERA128_N8bfloat165Bf16TEPS1_i7Literal] -> 0xe7fff3ed5020
cceprint: [_ZN8cceprint3vldERA128_N7float165Fp16TEPS1_i7Literal] -> 0xe7fff3ed5164
cceprint: [_ZN8cceprint3vldERA64_fPfi7Literal] -> 0xe7fff3ed52a8
cceprint: [_ZN8cceprint3vldERA256_aPa7Literal] -> 0xe7fff3ed53ec
cceprint: [_ZN8cceprint3vldERA256_hPh7Literal] -> 0xe7fff3ed54f4
cceprint: [_ZN8cceprint3vldERA128_sPs7Literal] -> 0xe7fff3ed55fc
cceprint: [_ZN8cceprint3vldERA128_tPt7Literal] -> 0xe7fff3ed5704
cceprint: [_ZN8cceprint3vldERA64_iPi7Literal] -> 0xe7fff3ed580c
cceprint: [_ZN8cceprint3vldERA64_jPj7Literal] -> 0xe7fff3ed5914
cceprint: [_ZN8cceprint3vldERA32_lPl7Literal] -> 0xe7fff3ed5a1c
cceprint: [_ZN8cceprint3vldERA32_mPm7Literal] -> 0xe7fff3ed5b24
cceprint: [_ZN8cceprint3vldERA128_N8bfloat165Bf16TEPS1_7Literal] -> 0xe7fff3ed5c2c
cceprint: [_ZN8cceprint3vldERA128_N7float165Fp16TEPS1_7Literal] -> 0xe7fff3ed5d34
cceprint: [_ZN8cceprint3vldERA64_fPf7Literal] -> 0xe7fff3ed5e3c
cceprint: [_ZN8cceprint3vldERA256_aS1_Pai7Literal] -> 0xe7fff3ed5f44
cceprint: [_ZN8cceprint3vldERA256_hS1_Phi7Literal] -> 0xe7fff3ed60c4
cceprint: [_ZN8cceprint3vldERA128_sS1_Psi7Literal] -> 0xe7fff3ed6244
cceprint: [_ZN8cceprint3vldERA128_tS1_Pti7Literal] -> 0xe7fff3ed63c4
cceprint: [_ZN8cceprint3vldERA64_iS1_Pii7Literal] -> 0xe7fff3ed6544
cceprint: [_ZN8cceprint3vldERA64_jS1_Pji7Literal] -> 0xe7fff3ed66c4
cceprint: [_ZN8cceprint3vldERA32_mS1_Pmi7Literal] -> 0xe7fff3ed6844
cceprint: [_ZN8cceprint3vldERA32_lS1_Pli7Literal] -> 0xe7fff3ed69c4
cceprint: [_ZN8cceprint3vldERA128_N8bfloat165Bf16TES3_PS1_i7Literal] -> 0xe7fff3ed6b44
cceprint: [_ZN8cceprint3vldERA128_N7float165Fp16TES3_PS1_i7Literal] -> 0xe7fff3ed6cc4
cceprint: [_ZN8cceprint3vldERA64_fS1_Pfi7Literal] -> 0xe7fff3ed6e44
cceprint: [_ZN8cceprint3vldERA256_aS1_Pa7Literal] -> 0xe7fff3ed6fc4
cceprint: [_ZN8cceprint3vldERA256_hS1_Ph7Literal] -> 0xe7fff3ed7108
cceprint: [_ZN8cceprint3vldERA128_sS1_Ps7Literal] -> 0xe7fff3ed724c
cceprint: [_ZN8cceprint3vldERA128_tS1_Pt7Literal] -> 0xe7fff3ed7390
cceprint: [_ZN8cceprint3vldERA64_iS1_Pi7Literal] -> 0xe7fff3ed74d4
cceprint: [_ZN8cceprint3vldERA64_jS1_Pj7Literal] -> 0xe7fff3ed7618
cceprint: [_ZN8cceprint3vldERA32_mS1_Pm7Literal] -> 0xe7fff3ed775c
cceprint: [_ZN8cceprint3vldERA32_lS1_Pl7Literal] -> 0xe7fff3ed78a0
cceprint: [_ZN8cceprint3vldERA128_N8bfloat165Bf16TES3_PS1_7Literal] -> 0xe7fff3ed79e4
cceprint: [_ZN8cceprint3vldERA128_N7float165Fp16TES3_PS1_7Literal] -> 0xe7fff3ed7b28
cceprint: [_ZN8cceprint3vldERA64_fS1_Pf7Literal] -> 0xe7fff3ed7c6c
cceprint: [_ZN8cceprint4vldsERA256_aPai7Literal] -> 0xe7fff3ed7db0
cceprint: [_ZN8cceprint4vldsERA256_hPhi7Literal] -> 0xe7fff3ed7ef4
cceprint: [_ZN8cceprint4vldsERA128_sPsi7Literal] -> 0xe7fff3ed8038
cceprint: [_ZN8cceprint4vldsERA128_tPti7Literal] -> 0xe7fff3ed817c
cceprint: [_ZN8cceprint4vldsERA64_iPii7Literal] -> 0xe7fff3ed82c0
cceprint: [_ZN8cceprint4vldsERA64_jPji7Literal] -> 0xe7fff3ed8404
cceprint: [_ZN8cceprint4vldsERA32_mPmi7Literal] -> 0xe7fff3ed8548
cceprint: [_ZN8cceprint4vldsERA32_lPli7Literal] -> 0xe7fff3ed868c
cceprint: [_ZN8cceprint4vldsERA128_N8bfloat165Bf16TEPS1_i7Literal] -> 0xe7fff3ed87d0
cceprint: [_ZN8cceprint4vldsERA128_N7float165Fp16TEPS1_i7Literal] -> 0xe7fff3ed8914
cceprint: [_ZN8cceprint4vldsERA64_fPfi7Literal] -> 0xe7fff3ed8a58
cceprint: [_ZN8cceprint5vaddsERA64_iPiih7Literal] -> 0xe7fff3ed8b9c
cceprint: [_ZN8cceprint5vaddsERA64_jPjjh7Literal] -> 0xe7fff3ed8d28
cceprint: [_ZN8cceprint5vaddsERA128_sPssh7Literal] -> 0xe7fff3ed8eb4
cceprint: [_ZN8cceprint5vaddsERA128_tPtth7Literal] -> 0xe7fff3ed9040
cceprint: [_ZN8cceprint5vaddsERA256_aPaah7Literal] -> 0xe7fff3ed91cc
cceprint: [_ZN8cceprint5vaddsERA256_hPhhh7Literal] -> 0xe7fff3ed9364
cceprint: [_ZN8cceprint5vaddsERA64_fPffh7Literal] -> 0xe7fff3ed94fc
cceprint: [_ZN8cceprint5vaddsERA128_N7float165Fp16TEPS1_S1_h7Literal] -> 0xe7fff3ed9688
cceprint: [_ZN8cceprint5vmulsERA64_iPiih7Literal] -> 0xe7fff3ed9828
cceprint: [_ZN8cceprint5vmulsERA64_jPjjh7Literal] -> 0xe7fff3ed99b4
cceprint: [_ZN8cceprint5vmulsERA128_sPssh7Literal] -> 0xe7fff3ed9b40
cceprint: [_ZN8cceprint5vmulsERA128_tPtth7Literal] -> 0xe7fff3ed9ccc
cceprint: [_ZN8cceprint5vmulsERA256_aPaah7Literal] -> 0xe7fff3ed9e58
cceprint: [_ZN8cceprint5vmulsERA256_hPhhh7Literal] -> 0xe7fff3ed9ff0
cceprint: [_ZN8cceprint5vmulsERA64_fPffh7Literal] -> 0xe7fff3eda188
cceprint: [_ZN8cceprint5vmulsERA128_N7float165Fp16TEPS1_S1_h7Literal] -> 0xe7fff3eda314
cceprint: [_ZN8cceprint5vmaxsERA64_iPiih7Literal] -> 0xe7fff3eda4b4
cceprint: [_ZN8cceprint5vmaxsERA64_jPjjh7Literal] -> 0xe7fff3eda640
cceprint: [_ZN8cceprint5vmaxsERA128_sPssh7Literal] -> 0xe7fff3eda7cc
cceprint: [_ZN8cceprint5vmaxsERA128_tPtth7Literal] -> 0xe7fff3eda958
cceprint: [_ZN8cceprint5vmaxsERA256_aPaah7Literal] -> 0xe7fff3edaae4
cceprint: [_ZN8cceprint5vmaxsERA256_hPhhh7Literal] -> 0xe7fff3edac7c
cceprint: [_ZN8cceprint5vmaxsERA64_fPffh7Literal] -> 0xe7fff3edae14
cceprint: [_ZN8cceprint5vmaxsERA128_N7float165Fp16TEPS1_S1_h7Literal] -> 0xe7fff3edafa0
cceprint: [_ZN8cceprint5vminsERA64_iPiih7Literal] -> 0xe7fff3edb140
cceprint: [_ZN8cceprint5vminsERA64_jPjjh7Literal] -> 0xe7fff3edb2cc
cceprint: [_ZN8cceprint5vminsERA128_sPssh7Literal] -> 0xe7fff3edb458
cceprint: [_ZN8cceprint5vminsERA128_tPtth7Literal] -> 0xe7fff3edb5e4
cceprint: [_ZN8cceprint5vminsERA256_aPaah7Literal] -> 0xe7fff3edb770
cceprint: [_ZN8cceprint5vminsERA256_hPhhh7Literal] -> 0xe7fff3edb908
cceprint: [_ZN8cceprint5vminsERA64_fPffh7Literal] -> 0xe7fff3edbaa0
cceprint: [_ZN8cceprint5vminsERA128_N7float165Fp16TEPS1_S1_h7Literal] -> 0xe7fff3edbc2c
cceprint: [_ZN8cceprint5vshlsERA64_iPish7Literal] -> 0xe7fff3edbdcc
cceprint: [_ZN8cceprint5vshlsERA64_jPjsh7Literal] -> 0xe7fff3edbf58
cceprint: [_ZN8cceprint5vshlsERA128_sPssh7Literal] -> 0xe7fff3edc0e4
cceprint: [_ZN8cceprint5vshlsERA128_tPtsh7Literal] -> 0xe7fff3edc270
cceprint: [_ZN8cceprint5vshlsERA256_aPash7Literal] -> 0xe7fff3edc3fc
cceprint: [_ZN8cceprint5vshlsERA256_hPhsh7Literal] -> 0xe7fff3edc588
cceprint: [_ZN8cceprint5vshrsERA64_iPish7Literal] -> 0xe7fff3edc714
cceprint: [_ZN8cceprint5vshrsERA64_jPjsh7Literal] -> 0xe7fff3edc8a0
cceprint: [_ZN8cceprint5vshrsERA128_sPssh7Literal] -> 0xe7fff3edca2c
cceprint: [_ZN8cceprint5vshrsERA128_tPtsh7Literal] -> 0xe7fff3edcbb8
cceprint: [_ZN8cceprint5vshrsERA256_aPash7Literal] -> 0xe7fff3edcd44
cceprint: [_ZN8cceprint5vshrsERA256_hPhsh7Literal] -> 0xe7fff3edced0
cceprint: [_ZN8cceprint6vlreluERA64_fPffh7Literal] -> 0xe7fff3edd05c
cceprint: [_ZN8cceprint6vlreluERA128_N7float165Fp16TEPS1_S1_h7Literal] -> 0xe7fff3edd1e8
cceprint: [_ZN8cceprint10use_pipe_vEv] -> 0xe7fff3edd388
cceprint: [_ZN8cceprint11use_pipe_v2Ev] -> 0xe7fff3edd3e8
cceprint: [_ZN8cceprint8v4dtransEPtS0_m] -> 0xe7fff3edd448
cceprint: [_ZN8cceprint8v4dtransEPtS0_ttb] -> 0xe7fff3edd550
cceprint: [_ZN8cceprint8v4dtransEPjS0_m] -> 0xe7fff3edd6c4
cceprint: [_ZN8cceprint8v4dtransEPjS0_ttb] -> 0xe7fff3edd7cc
cceprint: [_ZN8cceprint8v4dtransEPhS0_m] -> 0xe7fff3edd940
cceprint: [_ZN8cceprint8v4dtransEPhS0_ttb] -> 0xe7fff3edda48
cceprint: [_ZN8cceprint5vaaddEPN7float165Fp16TES2_S2_m] -> 0xe7fff3eddbbc
cceprint: [_ZN8cceprint5vaaddEPN7float165Fp16TES2_S2_hhhhhhh] -> 0xe7fff3eddd00
cceprint: [_ZN8cceprint5vaaddEPN7float165Fp16TES2_S2_hhhhhhhbb] -> 0xe7fff3eddfec
cceprint: [_ZN8cceprint5vaaddEPfS0_S0_m] -> 0xe7fff3ede348
cceprint: [_ZN8cceprint5vaaddEPfS0_S0_hhhhhhh] -> 0xe7fff3ede48c
cceprint: [_ZN8cceprint5vaaddEPfS0_S0_hhhhhhhbb] -> 0xe7fff3ede778
cceprint: [_ZN8cceprint4vabsEPN7float165Fp16TES2_m] -> 0xe7fff3edead4
cceprint: [_ZN8cceprint4vabsEPN7float165Fp16TES2_htthh] -> 0xe7fff3edebdc
cceprint: [_ZN8cceprint4vabsEPN7float165Fp16TES2_htthhbb] -> 0xe7fff3ededec
cceprint: [_ZN8cceprint4vabsEPN7float165Fp16TES2_htttt] -> 0xe7fff3edf070
cceprint: [_ZN8cceprint4vabsEPfS0_m] -> 0xe7fff3edf268
cceprint: [_ZN8cceprint4vabsEPfS0_htthh] -> 0xe7fff3edf370
cceprint: [_ZN8cceprint4vabsEPfS0_htthhbb] -> 0xe7fff3edf580
cceprint: [_ZN8cceprint4vabsEPfS0_htttt] -> 0xe7fff3edf804
cceprint: [_ZN8cceprint4vabsEPsS0_m] -> 0xe7fff3edf9fc
cceprint: [_ZN8cceprint4vabsEPsS0_htthh] -> 0xe7fff3edfb04
cceprint: [_ZN8cceprint4vabsEPsS0_htthhbb] -> 0xe7fff3edfd14
cceprint: [_ZN8cceprint4vabsEPsS0_htttt] -> 0xe7fff3edff98
cceprint: [_ZN8cceprint4vaddEPN7float165Fp16TES2_S2_m] -> 0xe7fff3ee0190
cceprint: [_ZN8cceprint4vaddEPN7float165Fp16TES2_S2_hhhhhhh] -> 0xe7fff3ee02d4
cceprint: [_ZN8cceprint4vaddEPN7float165Fp16TES2_S2_hhhhhhhbb] -> 0xe7fff3ee05c0
cceprint: [_ZN8cceprint4vaddEPfS0_S0_hhhhhhh] -> 0xe7fff3ee091c
cceprint: [_ZN8cceprint4vaddEPfS0_S0_hhhhhhhbb] -> 0xe7fff3ee0c08
cceprint: [_ZN8cceprint4vaddEPsS0_S0_m] -> 0xe7fff3ee0f64
cceprint: [_ZN8cceprint4vaddEPsS0_S0_hhhhhhh] -> 0xe7fff3ee10a8
cceprint: [_ZN8cceprint4vaddEPsS0_S0_hhhhhhhbb] -> 0xe7fff3ee1394
cceprint: [_ZN8cceprint4vaddEPiS0_S0_m] -> 0xe7fff3ee16f0
cceprint: [_ZN8cceprint4vaddEPiS0_S0_hhhhhhh] -> 0xe7fff3ee1834
cceprint: [_ZN8cceprint4vaddEPiS0_S0_hhhhhhhbb] -> 0xe7fff3ee1b20
cceprint: [_ZN8cceprint11vadddeqreluEPN7float165Fp16TEPiS3_m] -> 0xe7fff3ee1e7c
cceprint: [_ZN8cceprint11vadddeqreluEPN7float165Fp16TEPiS3_hhhhhhh] -> 0xe7fff3ee1fc0
cceprint: [_ZN8cceprint11vadddeqreluEPN7float165Fp16TEPiS3_hhhhhhhbb] -> 0xe7fff3ee22ac
cceprint: [_ZN8cceprint8vaddreluEPN7float165Fp16TES2_S2_m] -> 0xe7fff3ee2608
cceprint: [_ZN8cceprint8vaddreluEPN7float165Fp16TES2_S2_hhhhhhhbb] -> 0xe7fff3ee274c
cceprint: [_ZN8cceprint8vaddreluEPN7float165Fp16TES2_S2_hhhhhhh] -> 0xe7fff3ee2aa8
cceprint: [_ZN8cceprint8vaddreluEPfS0_S0_m] -> 0xe7fff3ee2d94
cceprint: [_ZN8cceprint8vaddreluEPfS0_S0_hhhhhhhbb] -> 0xe7fff3ee2ed8
cceprint: [_ZN8cceprint8vaddreluEPfS0_S0_hhhhhhh] -> 0xe7fff3ee3234
cceprint: [_ZN8cceprint8vaddreluEPsS0_S0_m] -> 0xe7fff3ee3520
cceprint: [_ZN8cceprint8vaddreluEPsS0_S0_hhhhhhhbb] -> 0xe7fff3ee3664
cceprint: [_ZN8cceprint8vaddreluEPsS0_S0_hhhhhhh] -> 0xe7fff3ee39c0
cceprint: [_ZN8cceprint19vaddreluconv_f162s8EPaPN7float165Fp16TES3_mb] -> 0xe7fff3ee3cac
cceprint: [_ZN8cceprint19vaddreluconv_f162s8EPaPN7float165Fp16TES3_hhhhhhhbbb] -> 0xe7fff3ee3e2c
cceprint: [_ZN8cceprint19vaddreluconv_f162s8EPaPN7float165Fp16TES3_hhhhhhhb] -> 0xe7fff3ee41c0
cceprint: [_ZN8cceprint20vaddreluconv_f322f16EPN7float165Fp16TEPfS3_mb] -> 0xe7fff3ee44e4
cceprint: [_ZN8cceprint20vaddreluconv_f322f16EPN7float165Fp16TEPfS3_hhhhhhhbbb] -> 0xe7fff3ee4664
cceprint: [_ZN8cceprint20vaddreluconv_f322f16EPN7float165Fp16TEPfS3_hhhhhhhb] -> 0xe7fff3ee49f8
cceprint: [_ZN8cceprint19vaddreluconv_s162s8EPaPsS1_mb] -> 0xe7fff3ee4d1c
cceprint: [_ZN8cceprint19vaddreluconv_s162s8EPaPsS1_hhhhhhhbbb] -> 0xe7fff3ee4e9c
cceprint: [_ZN8cceprint19vaddreluconv_s162s8EPaPsS1_hhhhhhhb] -> 0xe7fff3ee5230
cceprint: [_ZN8cceprint23vaddreluconv_vdeqs162b8EPaPsS1_mb] -> 0xe7fff3ee5554
cceprint: [_ZN8cceprint23vaddreluconv_vdeqs162b8EPhPsS1_mb] -> 0xe7fff3ee56d4
cceprint: [_ZN8cceprint23vaddreluconv_vdeqs162b8EPhPsS1_hhhhhhhbbb] -> 0xe7fff3ee5854
cceprint: [_ZN8cceprint23vaddreluconv_vdeqs162b8EPhPsS1_hhhhhhhb] -> 0xe7fff3ee5be8
cceprint: [_ZN8cceprint23vaddreluconv_vdeqs162b8EPaPsS1_hhhhhhhbbb] -> 0xe7fff3ee5f0c
cceprint: [_ZN8cceprint23vaddreluconv_vdeqs162b8EPaPsS1_hhhhhhhb] -> 0xe7fff3ee62a0
cceprint: [_ZN8cceprint5vaddsEPN7float165Fp16TES2_S1_m] -> 0xe7fff3ee65c4
cceprint: [_ZN8cceprint5vaddsEPN7float165Fp16TES2_S1_htthh] -> 0xe7fff3ee671c
cceprint: [_ZN8cceprint5vaddsEPN7float165Fp16TES2_S1_htthhbb] -> 0xe7fff3ee697c
cceprint: [_ZN8cceprint5vaddsEPN7float165Fp16TES2_S1_htttt] -> 0xe7fff3ee6c4c
cceprint: [_ZN8cceprint5vaddsEPfS0_fm] -> 0xe7fff3ee6e94
cceprint: [_ZN8cceprint5vaddsEPfS0_fhtthh] -> 0xe7fff3ee6fd8
cceprint: [_ZN8cceprint5vaddsEPfS0_fhtthhbb] -> 0xe7fff3ee7224
cceprint: [_ZN8cceprint5vaddsEPfS0_fhtttt] -> 0xe7fff3ee74e4
cceprint: [_ZN8cceprint5vaddsEPsS0_sm] -> 0xe7fff3ee7718
cceprint: [_ZN8cceprint5vaddsEPsS0_shtthh] -> 0xe7fff3ee785c
cceprint: [_ZN8cceprint5vaddsEPsS0_shtthhbb] -> 0xe7fff3ee7aa8
cceprint: [_ZN8cceprint5vaddsEPsS0_shtttt] -> 0xe7fff3ee7d64
cceprint: [_ZN8cceprint5vaddsEPiS0_im] -> 0xe7fff3ee7f98
cceprint: [_ZN8cceprint5vaddsEPiS0_ihtthh] -> 0xe7fff3ee80dc
cceprint: [_ZN8cceprint5vaddsEPiS0_ihtthhbb] -> 0xe7fff3ee8328
cceprint: [_ZN8cceprint5vaddsEPiS0_ihtttt] -> 0xe7fff3ee85e4
cceprint: [_ZN8cceprint4vandEPsS0_S0_m] -> 0xe7fff3ee8818
cceprint: [_ZN8cceprint4vandEPsS0_S0_hhhhhhh] -> 0xe7fff3ee895c
cceprint: [_ZN8cceprint4vandEPsS0_S0_hhhhhhhbb] -> 0xe7fff3ee8c48
cceprint: [_ZN8cceprint4vandEPtS0_S0_m] -> 0xe7fff3ee8fa4
cceprint: [_ZN8cceprint4vandEPtS0_S0_hhhhhhh] -> 0xe7fff3ee90e8
cceprint: [_ZN8cceprint4vandEPtS0_S0_hhhhhhhbb] -> 0xe7fff3ee93d4
cceprint: [_ZN8cceprint5vaxpyEPN7float165Fp16TES2_S1_m] -> 0xe7fff3ee9730
cceprint: [_ZN8cceprint5vaxpyEPN7float165Fp16TES2_S1_htthh] -> 0xe7fff3ee9888
cceprint: [_ZN8cceprint5vaxpyEPN7float165Fp16TES2_S1_htthhbb] -> 0xe7fff3ee9ae8
cceprint: [_ZN8cceprint5vaxpyEPN7float165Fp16TES2_S1_htttt] -> 0xe7fff3ee9db8
cceprint: [_ZN8cceprint5vaxpyEPfS0_fm] -> 0xe7fff3eea000
cceprint: [_ZN8cceprint5vaxpyEPfS0_fhtthh] -> 0xe7fff3eea144
cceprint: [_ZN8cceprint5vaxpyEPfS0_fhtthhbb] -> 0xe7fff3eea390
cceprint: [_ZN8cceprint5vaxpyEPfS0_fhtttt] -> 0xe7fff3eea650
cceprint: [_ZN8cceprint5vaxpyEPfPN7float165Fp16TES2_m] -> 0xe7fff3eea884
cceprint: [_ZN8cceprint5vaxpyEPfPN7float165Fp16TES2_htthh] -> 0xe7fff3eea9dc
cceprint: [_ZN8cceprint5vaxpyEPfPN7float165Fp16TES2_htthhbb] -> 0xe7fff3eeac3c
cceprint: [_ZN8cceprint5vaxpyEPfPN7float165Fp16TES2_htttt] -> 0xe7fff3eeaf0c
cceprint: [_ZN8cceprint3vbiEPN7float165Fp16TEPtS2_m] -> 0xe7fff3eeb154
cceprint: [_ZN8cceprint3vbiEPN7float165Fp16TEPtS2_hbtth] -> 0xe7fff3eeb298
cceprint: [_ZN8cceprint8vbitsortEPN7float165Fp16TES2_m] -> 0xe7fff3eeb4d8
cceprint: [_ZN8cceprint8vbitsortEPN7float165Fp16TES2_htthh] -> 0xe7fff3eeb5e0
cceprint: [_ZN8cceprint8vbitsortEPN7float165Fp16TES2_htthhbb] -> 0xe7fff3eeb7f0
cceprint: [_ZN8cceprint8vbitsortEPfS0_m] -> 0xe7fff3eeba74
cceprint: [_ZN8cceprint8vbitsortEPfS0_htthh] -> 0xe7fff3eebb7c
cceprint: [_ZN8cceprint8vbitsortEPfS0_htthhbb] -> 0xe7fff3eebd8c
cceprint: [_ZN8cceprint8vbitsortEPN7float165Fp16TES2_Pjm] -> 0xe7fff3eec010
cceprint: [_ZN8cceprint8vbitsortEPN7float165Fp16TES2_Pjhhhhhhhbb] -> 0xe7fff3eec154
cceprint: [_ZN8cceprint8vbitsortEPfS0_Pjm] -> 0xe7fff3eec4b0
cceprint: [_ZN8cceprint8vbitsortEPfS0_Pjhhhhhhhbb] -> 0xe7fff3eec5f4
cceprint: [_ZN8cceprint8vbitsortEPN7float165Fp16TES2_Pjhhhhhhh] -> 0xe7fff3eec950
cceprint: [_ZN8cceprint8vbitsortEPfS0_Pjhhhhhhh] -> 0xe7fff3eecc3c
cceprint: [_ZN8cceprint5vbrcbEPtS0_m] -> 0xe7fff3eecf28
cceprint: [_ZN8cceprint5vbrcbEPtS0_tth] -> 0xe7fff3eed030
cceprint: [_ZN8cceprint5vbrcbEPjS0_m] -> 0xe7fff3eed1b0
cceprint: [_ZN8cceprint5vbrcbEPjS0_tth] -> 0xe7fff3eed2b8
cceprint: [_ZN8cceprint5vcaddEPN7float165Fp16TES2_m] -> 0xe7fff3eed438
cceprint: [_ZN8cceprint5vcaddEPN7float165Fp16TES2_httt] -> 0xe7fff3eed540
cceprint: [_ZN8cceprint5vcaddEPN7float165Fp16TES2_htttbb] -> 0xe7fff3eed6fc
cceprint: [_ZN8cceprint5vcaddEPN7float165Fp16TES2_mb] -> 0xe7fff3eed930
cceprint: [_ZN8cceprint5vcaddEPN7float165Fp16TES2_htttb] -> 0xe7fff3eeda74
cceprint: [_ZN8cceprint5vcaddEPfS0_m] -> 0xe7fff3eedc6c
cceprint: [_ZN8cceprint5vcaddEPfS0_httt] -> 0xe7fff3eedd74
cceprint: [_ZN8cceprint5vcaddEPfS0_htttbb] -> 0xe7fff3eedf30
cceprint: [_ZN8cceprint5vcaddEPfS0_mb] -> 0xe7fff3eee164
cceprint: [_ZN8cceprint5vcaddEPfS0_htttb] -> 0xe7fff3eee2a8
cceprint: [_ZN8cceprint5vcaddERA128_N7float165Fp16TEPS1_h7Literal] -> 0xe7fff3eee4a0
cceprint: [_ZN8cceprint5vcaddERA64_fPfh7Literal] -> 0xe7fff3eee5f0
cceprint: [_ZN8cceprint5vcmaxERA128_N7float165Fp16TEPS1_h7Literal] -> 0xe7fff3eee740
cceprint: [_ZN8cceprint5vcmaxERA64_fPfh7Literal] -> 0xe7fff3eee890
cceprint: [_ZN8cceprint5vcminERA128_N7float165Fp16TEPS1_h7Literal] -> 0xe7fff3eee9e0
cceprint: [_ZN8cceprint5vcminERA64_fPfh7Literal] -> 0xe7fff3eeeb30
cceprint: [_ZN8cceprint12vcbd_s162s32EPiPsm] -> 0xe7fff3eeec80
cceprint: [_ZN8cceprint12vcbd_s162s32EPiPshtthhbb] -> 0xe7fff3eeed88
cceprint: [_ZN8cceprint12vcbd_s162u32EPjPsm] -> 0xe7fff3eef00c
cceprint: [_ZN8cceprint12vcbd_s162u32EPjPshtthhbb] -> 0xe7fff3eef114
cceprint: [_ZN8cceprint11vcbd_s162u8EPhPsm] -> 0xe7fff3eef398
cceprint: [_ZN8cceprint11vcbd_s162u8EPhPshtthhbb] -> 0xe7fff3eef4a0
cceprint: [_ZN8cceprint12vcbd_s322s16EPsPim] -> 0xe7fff3eef724
cceprint: [_ZN8cceprint12vcbd_s322s16EPsPihtthhbb] -> 0xe7fff3eef82c
cceprint: [_ZN8cceprint12vcbd_s322u16EPtPim] -> 0xe7fff3eefab0
cceprint: [_ZN8cceprint12vcbd_s322u16EPtPihtthhbb] -> 0xe7fff3eefbb8
cceprint: [_ZN8cceprint11vcbd_s322u8EPhPim] -> 0xe7fff3eefe3c
cceprint: [_ZN8cceprint11vcbd_s322u8EPhPihtthhbb] -> 0xe7fff3eeff44
cceprint: [_ZN8cceprint12vcbd_u162s32EPiPtm] -> 0xe7fff3ef01c8
cceprint: [_ZN8cceprint12vcbd_u162s32EPiPthtthhbb] -> 0xe7fff3ef02d0
cceprint: [_ZN8cceprint12vcbd_u162u32EPjPtm] -> 0xe7fff3ef0554
cceprint: [_ZN8cceprint12vcbd_u162u32EPjPthtthhbb] -> 0xe7fff3ef065c
cceprint: [_ZN8cceprint11vcbd_u162u8EPhPtm] -> 0xe7fff3ef08e0
cceprint: [_ZN8cceprint11vcbd_u162u8EPhPthtthhbb] -> 0xe7fff3ef09e8
cceprint: [_ZN8cceprint12vcbd_u322s16EPsPjm] -> 0xe7fff3ef0c6c
cceprint: [_ZN8cceprint12vcbd_u322s16EPsPjhtthhbb] -> 0xe7fff3ef0d74
cceprint: [_ZN8cceprint12vcbd_u322u16EPtPjm] -> 0xe7fff3ef0ff8
cceprint: [_ZN8cceprint12vcbd_u322u16EPtPjhtthhbb] -> 0xe7fff3ef1100
cceprint: [_ZN8cceprint11vcbd_u322u8EPhPjm] -> 0xe7fff3ef1384
cceprint: [_ZN8cceprint11vcbd_u322u8EPhPjhtthhbb] -> 0xe7fff3ef148c
cceprint: [_ZN8cceprint11vcbd_u82s16EPsPhm] -> 0xe7fff3ef1710
cceprint: [_ZN8cceprint11vcbd_u82s16EPsPhhtthhbb] -> 0xe7fff3ef1818
cceprint: [_ZN8cceprint11vcbd_u82s32EPiPhm] -> 0xe7fff3ef1a9c
cceprint: [_ZN8cceprint11vcbd_u82s32EPiPhhtthhbb] -> 0xe7fff3ef1ba4
cceprint: [_ZN8cceprint11vcbd_u82u16EPtPhm] -> 0xe7fff3ef1e28
cceprint: [_ZN8cceprint11vcbd_u82u16EPtPhhtthhbb] -> 0xe7fff3ef1f30
cceprint: [_ZN8cceprint11vcbd_u82u32EPjPhm] -> 0xe7fff3ef21b4
cceprint: [_ZN8cceprint11vcbd_u82u32EPjPhhtthhbb] -> 0xe7fff3ef22bc
cceprint: [_ZN8cceprint6vcgaddEPN7float165Fp16TES2_m] -> 0xe7fff3ef2540
cceprint: [_ZN8cceprint6vcgaddEPN7float165Fp16TES2_httt] -> 0xe7fff3ef2648
cceprint: [_ZN8cceprint6vcgaddEPN7float165Fp16TES2_htttbb] -> 0xe7fff3ef2804
cceprint: [_ZN8cceprint6vcgaddEPfS0_m] -> 0xe7fff3ef2a38
cceprint: [_ZN8cceprint6vcgaddEPfS0_httt] -> 0xe7fff3ef2b40
cceprint: [_ZN8cceprint6vcgaddEPfS0_htttbb] -> 0xe7fff3ef2cfc
cceprint: [_ZN8cceprint6vcgaddERA128_N7float165Fp16TEPS1_h7Literal] -> 0xe7fff3ef2f30
cceprint: [_ZN8cceprint6vcgaddERA64_fPfh7Literal] -> 0xe7fff3ef3080
cceprint: [_ZN8cceprint6vcgmaxERA128_N7float165Fp16TEPS1_h7Literal] -> 0xe7fff3ef31d0
cceprint: [_ZN8cceprint6vcgmaxERA64_fPfh7Literal] -> 0xe7fff3ef3320
cceprint: [_ZN8cceprint6vcgminERA128_N7float165Fp16TEPS1_h7Literal] -> 0xe7fff3ef3470
cceprint: [_ZN8cceprint6vcgminERA64_fPfh7Literal] -> 0xe7fff3ef35c0
cceprint: [_ZN8cceprint6vcpaddERA128_N7float165Fp16TEPS1_h7Literal] -> 0xe7fff3ef3710
cceprint: [_ZN8cceprint6vcpaddERA64_fPfh7Literal] -> 0xe7fff3ef3860
cceprint: [_ZN8cceprint6vcgmaxEPN7float165Fp16TES2_m] -> 0xe7fff3ef39b0
cceprint: [_ZN8cceprint6vcgmaxEPN7float165Fp16TES2_httt] -> 0xe7fff3ef3ab8
cceprint: [_ZN8cceprint6vcgmaxEPN7float165Fp16TES2_htttbb] -> 0xe7fff3ef3c74
cceprint: [_ZN8cceprint6vcgmaxEPfS0_m] -> 0xe7fff3ef3ea8
cceprint: [_ZN8cceprint6vcgmaxEPfS0_httt] -> 0xe7fff3ef3fb0
cceprint: [_ZN8cceprint6vcgmaxEPfS0_htttbb] -> 0xe7fff3ef416c
cceprint: [_ZN8cceprint6vcgminEPN7float165Fp16TES2_m] -> 0xe7fff3ef43a0
cceprint: [_ZN8cceprint6vcgminEPN7float165Fp16TES2_httt] -> 0xe7fff3ef44a8
cceprint: [_ZN8cceprint6vcgminEPN7float165Fp16TES2_htttbb] -> 0xe7fff3ef4664
cceprint: [_ZN8cceprint6vcgminEPfS0_m] -> 0xe7fff3ef4898
cceprint: [_ZN8cceprint6vcgminEPfS0_httt] -> 0xe7fff3ef49a0
cceprint: [_ZN8cceprint6vcgminEPfS0_htttbb] -> 0xe7fff3ef4b5c
cceprint: [_ZN8cceprint3vciEPN7float165Fp16TES1_m] -> 0xe7fff3ef4d90
cceprint: [_ZN8cceprint3vciEPN7float165Fp16TES1_hthbb] -> 0xe7fff3ef4eac
cceprint: [_ZN8cceprint3vciEPffm] -> 0xe7fff3ef50c4
cceprint: [_ZN8cceprint3vciEPffhthbb] -> 0xe7fff3ef51cc
cceprint: [_ZN8cceprint3vciEPssm] -> 0xe7fff3ef53d0
cceprint: [_ZN8cceprint3vciEPsshthbb] -> 0xe7fff3ef54d8
cceprint: [_ZN8cceprint3vciEPiim] -> 0xe7fff3ef56dc
cceprint: [_ZN8cceprint3vciEPiihthbb] -> 0xe7fff3ef57e4
cceprint: [_ZN8cceprint5vcmaxEPN7float165Fp16TES2_m] -> 0xe7fff3ef59e8
cceprint: [_ZN8cceprint5vcmaxEPN7float165Fp16TES2_httt] -> 0xe7fff3ef5af0
cceprint: [_ZN8cceprint5vcmaxEPN7float165Fp16TES2_htttbb] -> 0xe7fff3ef5cac
cceprint: [_ZN8cceprint5vcmaxEPN7float165Fp16TES2_mb] -> 0xe7fff3ef5ee0
cceprint: [_ZN8cceprint5vcmaxEPN7float165Fp16TES2_htttbbb] -> 0xe7fff3ef6024
cceprint: [_ZN8cceprint5vcmaxEPN7float165Fp16TES2_m7Order_t] -> 0xe7fff3ef6290
cceprint: [_ZN8cceprint5vcmaxEPN7float165Fp16TES2_httt7Order_t] -> 0xe7fff3ef63e0
cceprint: [_ZN8cceprint5vcmaxEPfS0_mb] -> 0xe7fff3ef65e4
cceprint: [_ZN8cceprint5vcmaxEPfS0_htttbbb] -> 0xe7fff3ef6728
cceprint: [_ZN8cceprint5vcmaxEPfS0_m7Order_t] -> 0xe7fff3ef6994
cceprint: [_ZN8cceprint5vcmaxEPfS0_httt7Order_t] -> 0xe7fff3ef6ae4
cceprint: [_ZN8cceprint5vcmaxEPtS0_mb] -> 0xe7fff3ef6ce8
cceprint: [_ZN8cceprint5vcmaxEPtS0_htttbbb] -> 0xe7fff3ef6e2c
cceprint: [_ZN8cceprint5vcminEPN7float165Fp16TES2_m] -> 0xe7fff3ef7098
cceprint: [_ZN8cceprint5vcminEPN7float165Fp16TES2_httt] -> 0xe7fff3ef71a0
cceprint: [_ZN8cceprint5vcminEPN7float165Fp16TES2_htttbb] -> 0xe7fff3ef735c
cceprint: [_ZN8cceprint5vcminEPN7float165Fp16TES2_mb] -> 0xe7fff3ef7590
cceprint: [_ZN8cceprint5vcminEPN7float165Fp16TES2_htttbbb] -> 0xe7fff3ef76d4
cceprint: [_ZN8cceprint5vcminEPN7float165Fp16TES2_m7Order_t] -> 0xe7fff3ef7940
cceprint: [_ZN8cceprint5vcminEPN7float165Fp16TES2_httt7Order_t] -> 0xe7fff3ef7a90
cceprint: [_ZN8cceprint5vcminEPfS0_mb] -> 0xe7fff3ef7c94
cceprint: [_ZN8cceprint5vcminEPfS0_htttbbb] -> 0xe7fff3ef7dd8
cceprint: [_ZN8cceprint5vcminEPfS0_m7Order_t] -> 0xe7fff3ef8044
cceprint: [_ZN8cceprint5vcminEPfS0_httt7Order_t] -> 0xe7fff3ef8194
cceprint: [_ZN8cceprint5vcminEPtS0_mb] -> 0xe7fff3ef8398
cceprint: [_ZN8cceprint5vcminEPtS0_htttbbb] -> 0xe7fff3ef84dc
cceprint: [_ZN8cceprint7vcmp_eqEPN7float165Fp16TES2_m] -> 0xe7fff3ef8748
cceprint: [_ZN8cceprint7vcmp_eqEPN7float165Fp16TES2_hhhhhhh] -> 0xe7fff3ef8850
cceprint: [_ZN8cceprint7vcmp_eqEPN7float165Fp16TES2_hhhhhhhbb] -> 0xe7fff3ef8b04
cceprint: [_ZN8cceprint7vcmp_eqEPfS0_m] -> 0xe7fff3ef8e28
cceprint: [_ZN8cceprint7vcmp_eqEPfS0_hhhhhhh] -> 0xe7fff3ef8f30
cceprint: [_ZN8cceprint7vcmp_eqEPfS0_hhhhhhhbb] -> 0xe7fff3ef91e4
cceprint: [_ZN8cceprint7vcmp_eqEPtS0_m] -> 0xe7fff3ef9508
cceprint: [_ZN8cceprint7vcmp_eqEPtS0_hhhhhhh] -> 0xe7fff3ef9610
cceprint: [_ZN8cceprint7vcmp_eqEPtS0_hhhhhhhbb] -> 0xe7fff3ef98c4
cceprint: [_ZN8cceprint7vcmp_geEPN7float165Fp16TES2_m] -> 0xe7fff3ef9be8
cceprint: [_ZN8cceprint7vcmp_geEPN7float165Fp16TES2_hhhhhhh] -> 0xe7fff3ef9cf0
cceprint: [_ZN8cceprint7vcmp_geEPN7float165Fp16TES2_hhhhhhhbb] -> 0xe7fff3ef9fa4
cceprint: [_ZN8cceprint7vcmp_geEPfS0_m] -> 0xe7fff3efa2c8
cceprint: [_ZN8cceprint7vcmp_geEPfS0_hhhhhhh] -> 0xe7fff3efa3d0
cceprint: [_ZN8cceprint7vcmp_geEPfS0_hhhhhhhbb] -> 0xe7fff3efa684
cceprint: [_ZN8cceprint7vcmp_geEPtS0_m] -> 0xe7fff3efa9a8
cceprint: [_ZN8cceprint7vcmp_geEPtS0_hhhhhhh] -> 0xe7fff3efaab0
cceprint: [_ZN8cceprint7vcmp_geEPtS0_hhhhhhhbb] -> 0xe7fff3efad64
cceprint: [_ZN8cceprint7vcmp_gtEPN7float165Fp16TES2_m] -> 0xe7fff3efb088
cceprint: [_ZN8cceprint7vcmp_gtEPN7float165Fp16TES2_hhhhhhh] -> 0xe7fff3efb190
cceprint: [_ZN8cceprint7vcmp_gtEPN7float165Fp16TES2_hhhhhhhbb] -> 0xe7fff3efb444
cceprint: [_ZN8cceprint7vcmp_gtEPfS0_m] -> 0xe7fff3efb768
cceprint: [_ZN8cceprint7vcmp_gtEPfS0_hhhhhhh] -> 0xe7fff3efb870
cceprint: [_ZN8cceprint7vcmp_gtEPfS0_hhhhhhhbb] -> 0xe7fff3efbb24
cceprint: [_ZN8cceprint7vcmp_gtEPtS0_m] -> 0xe7fff3efbe48
cceprint: [_ZN8cceprint7vcmp_gtEPtS0_hhhhhhh] -> 0xe7fff3efbf50
cceprint: [_ZN8cceprint7vcmp_gtEPtS0_hhhhhhhbb] -> 0xe7fff3efc204
cceprint: [_ZN8cceprint7vcmp_leEPN7float165Fp16TES2_m] -> 0xe7fff3efc528
cceprint: [_ZN8cceprint7vcmp_leEPN7float165Fp16TES2_hhhhhhh] -> 0xe7fff3efc630
cceprint: [_ZN8cceprint7vcmp_leEPN7float165Fp16TES2_hhhhhhhbb] -> 0xe7fff3efc8e4
cceprint: [_ZN8cceprint7vcmp_leEPfS0_m] -> 0xe7fff3efcc08
cceprint: [_ZN8cceprint7vcmp_leEPfS0_hhhhhhh] -> 0xe7fff3efcd10
cceprint: [_ZN8cceprint7vcmp_leEPfS0_hhhhhhhbb] -> 0xe7fff3efcfc4
cceprint: [_ZN8cceprint7vcmp_leEPtS0_m] -> 0xe7fff3efd2e8
cceprint: [_ZN8cceprint7vcmp_leEPtS0_hhhhhhh] -> 0xe7fff3efd3f0
cceprint: [_ZN8cceprint7vcmp_leEPtS0_hhhhhhhbb] -> 0xe7fff3efd6a4
cceprint: [_ZN8cceprint7vcmp_ltEPN7float165Fp16TES2_m] -> 0xe7fff3efd9c8
cceprint: [_ZN8cceprint7vcmp_ltEPN7float165Fp16TES2_hhhhhhh] -> 0xe7fff3efdad0
cceprint: [_ZN8cceprint7vcmp_ltEPN7float165Fp16TES2_hhhhhhhbb] -> 0xe7fff3efdd84
cceprint: [_ZN8cceprint7vcmp_ltEPfS0_m] -> 0xe7fff3efe0a8
cceprint: [_ZN8cceprint7vcmp_ltEPfS0_hhhhhhh] -> 0xe7fff3efe1b0
cceprint: [_ZN8cceprint7vcmp_ltEPfS0_hhhhhhhbb] -> 0xe7fff3efe464
cceprint: [_ZN8cceprint7vcmp_ltEPtS0_m] -> 0xe7fff3efe788
cceprint: [_ZN8cceprint7vcmp_ltEPtS0_hhhhhhh] -> 0xe7fff3efe890
cceprint: [_ZN8cceprint7vcmp_ltEPtS0_hhhhhhhbb] -> 0xe7fff3efeb44
cceprint: [_ZN8cceprint7vcmp_neEPN7float165Fp16TES2_m] -> 0xe7fff3efee68
cceprint: [_ZN8cceprint7vcmp_neEPN7float165Fp16TES2_hhhhhhh] -> 0xe7fff3efef70
cceprint: [_ZN8cceprint7vcmp_neEPN7float165Fp16TES2_hhhhhhhbb] -> 0xe7fff3eff224
cceprint: [_ZN8cceprint7vcmp_neEPfS0_m] -> 0xe7fff3eff548
cceprint: [_ZN8cceprint7vcmp_neEPfS0_hhhhhhh] -> 0xe7fff3eff650
cceprint: [_ZN8cceprint7vcmp_neEPfS0_hhhhhhhbb] -> 0xe7fff3eff904
cceprint: [_ZN8cceprint7vcmp_neEPtS0_m] -> 0xe7fff3effc28
cceprint: [_ZN8cceprint7vcmp_neEPtS0_hhhhhhh] -> 0xe7fff3effd30
cceprint: [_ZN8cceprint7vcmp_neEPtS0_hhhhhhhbb] -> 0xe7fff3efffe4
cceprint: [_ZN8cceprint8vcmpv_eqEPhPN7float165Fp16TES3_m] -> 0xe7fff3f00308
cceprint: [_ZN8cceprint8vcmpv_eqEPhPN7float165Fp16TES3_hhhhhhh] -> 0xe7fff3f0044c
cceprint: [_ZN8cceprint8vcmpv_eqEPhPfS1_m] -> 0xe7fff3f00738
cceprint: [_ZN8cceprint8vcmpv_eqEPhPfS1_hhhhhhh] -> 0xe7fff3f0087c
cceprint: [_ZN8cceprint8vcmpv_eqEPhPiS1_m] -> 0xe7fff3f00b68
cceprint: [_ZN8cceprint8vcmpv_eqEPhPiS1_hhhhhhh] -> 0xe7fff3f00cac
cceprint: [_ZN8cceprint8vcmpv_geEPhPN7float165Fp16TES3_m] -> 0xe7fff3f00f98
cceprint: [_ZN8cceprint8vcmpv_geEPhPN7float165Fp16TES3_hhhhhhh] -> 0xe7fff3f010dc
cceprint: [_ZN8cceprint8vcmpv_geEPhPfS1_m] -> 0xe7fff3f013c8
cceprint: [_ZN8cceprint8vcmpv_geEPhPfS1_hhhhhhh] -> 0xe7fff3f0150c
cceprint: [_ZN8cceprint8vcmpv_gtEPhPN7float165Fp16TES3_m] -> 0xe7fff3f017f8
cceprint: [_ZN8cceprint8vcmpv_gtEPhPN7float165Fp16TES3_hhhhhhh] -> 0xe7fff3f0193c
cceprint: [_ZN8cceprint8vcmpv_gtEPhPfS1_m] -> 0xe7fff3f01c28
cceprint: [_ZN8cceprint8vcmpv_gtEPhPfS1_hhhhhhh] -> 0xe7fff3f01d6c
cceprint: [_ZN8cceprint8vcmpv_leEPhPN7float165Fp16TES3_m] -> 0xe7fff3f02058
cceprint: [_ZN8cceprint8vcmpv_leEPhPN7float165Fp16TES3_hhhhhhh] -> 0xe7fff3f0219c
cceprint: [_ZN8cceprint8vcmpv_leEPhPfS1_m] -> 0xe7fff3f02488
cceprint: [_ZN8cceprint8vcmpv_leEPhPfS1_hhhhhhh] -> 0xe7fff3f025cc
cceprint: [_ZN8cceprint8vcmpv_ltEPhPN7float165Fp16TES3_m] -> 0xe7fff3f028b8
cceprint: [_ZN8cceprint8vcmpv_ltEPhPN7float165Fp16TES3_hhhhhhh] -> 0xe7fff3f029fc
cceprint: [_ZN8cceprint8vcmpv_ltEPhPfS1_m] -> 0xe7fff3f02ce8
cceprint: [_ZN8cceprint8vcmpv_ltEPhPfS1_hhhhhhh] -> 0xe7fff3f02e2c
cceprint: [_ZN8cceprint8vcmpv_neEPhPN7float165Fp16TES3_m] -> 0xe7fff3f03118
cceprint: [_ZN8cceprint8vcmpv_neEPhPN7float165Fp16TES3_hhhhhhh] -> 0xe7fff3f0325c
cceprint: [_ZN8cceprint8vcmpv_neEPhPfS1_m] -> 0xe7fff3f03548
cceprint: [_ZN8cceprint8vcmpv_neEPhPfS1_hhhhhhh] -> 0xe7fff3f0368c
cceprint: [_ZN8cceprint9vcmpvs_eqEPhPN7float165Fp16TES2_m] -> 0xe7fff3f03978
cceprint: [_ZN8cceprint9vcmpvs_eqEPhPN7float165Fp16TES2_htthh] -> 0xe7fff3f03ad0
cceprint: [_ZN8cceprint9vcmpvs_eqEPhPN7float165Fp16TES2_htttt] -> 0xe7fff3f03d30
cceprint: [_ZN8cceprint9vcmpvs_eqEPhPffm] -> 0xe7fff3f03f78
cceprint: [_ZN8cceprint9vcmpvs_eqEPhPffhtthh] -> 0xe7fff3f040bc
cceprint: [_ZN8cceprint9vcmpvs_eqEPhPffhtttt] -> 0xe7fff3f04308
cceprint: [_ZN8cceprint9vcmpvs_eqEPhPiim] -> 0xe7fff3f0453c
cceprint: [_ZN8cceprint9vcmpvs_eqEPhPiihtttt] -> 0xe7fff3f04680
cceprint: [_ZN8cceprint9vcmpvs_geEPhPN7float165Fp16TES2_m] -> 0xe7fff3f048b4
cceprint: [_ZN8cceprint9vcmpvs_geEPhPN7float165Fp16TES2_htthh] -> 0xe7fff3f04a0c
cceprint: [_ZN8cceprint9vcmpvs_geEPhPN7float165Fp16TES2_htttt] -> 0xe7fff3f04c6c
cceprint: [_ZN8cceprint9vcmpvs_geEPhPffm] -> 0xe7fff3f04eb4
cceprint: [_ZN8cceprint9vcmpvs_geEPhPffhtthh] -> 0xe7fff3f04ff8
cceprint: [_ZN8cceprint9vcmpvs_geEPhPffhtttt] -> 0xe7fff3f05244
cceprint: [_ZN8cceprint9vcmpvs_gtEPhPN7float165Fp16TES2_m] -> 0xe7fff3f05478
cceprint: [_ZN8cceprint9vcmpvs_gtEPhPN7float165Fp16TES2_htthh] -> 0xe7fff3f055d0
cceprint: [_ZN8cceprint9vcmpvs_gtEPhPN7float165Fp16TES2_htttt] -> 0xe7fff3f05830
cceprint: [_ZN8cceprint9vcmpvs_gtEPhPffm] -> 0xe7fff3f05a78
cceprint: [_ZN8cceprint9vcmpvs_gtEPhPffhtthh] -> 0xe7fff3f05bbc
cceprint: [_ZN8cceprint9vcmpvs_gtEPhPffhtttt] -> 0xe7fff3f05e08
cceprint: [_ZN8cceprint9vcmpvs_leEPhPN7float165Fp16TES2_m] -> 0xe7fff3f0603c
cceprint: [_ZN8cceprint9vcmpvs_leEPhPN7float165Fp16TES2_htthh] -> 0xe7fff3f06194
cceprint: [_ZN8cceprint9vcmpvs_leEPhPN7float165Fp16TES2_htttt] -> 0xe7fff3f063f4
cceprint: [_ZN8cceprint9vcmpvs_leEPhPffm] -> 0xe7fff3f0663c
cceprint: [_ZN8cceprint9vcmpvs_leEPhPffhtthh] -> 0xe7fff3f06780
cceprint: [_ZN8cceprint9vcmpvs_leEPhPffhtttt] -> 0xe7fff3f069cc
cceprint: [_ZN8cceprint9vcmpvs_ltEPhPN7float165Fp16TES2_m] -> 0xe7fff3f06c00
cceprint: [_ZN8cceprint9vcmpvs_ltEPhPN7float165Fp16TES2_htthh] -> 0xe7fff3f06d58
cceprint: [_ZN8cceprint9vcmpvs_ltEPhPN7float165Fp16TES2_htttt] -> 0xe7fff3f06fb8
cceprint: [_ZN8cceprint9vcmpvs_ltEPhPffm] -> 0xe7fff3f07200
cceprint: [_ZN8cceprint9vcmpvs_ltEPhPffhtthh] -> 0xe7fff3f07344
cceprint: [_ZN8cceprint9vcmpvs_ltEPhPffhtttt] -> 0xe7fff3f07590
cceprint: [_ZN8cceprint9vcmpvs_neEPhPN7float165Fp16TES2_m] -> 0xe7fff3f077c4
cceprint: [_ZN8cceprint9vcmpvs_neEPhPN7float165Fp16TES2_htthh] -> 0xe7fff3f0791c
cceprint: [_ZN8cceprint9vcmpvs_neEPhPN7float165Fp16TES2_htttt] -> 0xe7fff3f07b7c
cceprint: [_ZN8cceprint9vcmpvs_neEPhPffm] -> 0xe7fff3f07dc4
cceprint: [_ZN8cceprint9vcmpvs_neEPhPffhtthh] -> 0xe7fff3f07f08
cceprint: [_ZN8cceprint9vcmpvs_neEPhPffhtttt] -> 0xe7fff3f08154
cceprint: [_ZN8cceprint7vconcatEPN7float165Fp16TES2_m] -> 0xe7fff3f08388
cceprint: [_ZN8cceprint7vconcatEPN7float165Fp16TES2_hh] -> 0xe7fff3f08490
cceprint: [_ZN8cceprint7vconcatEPN7float165Fp16TES2_htthh] -> 0xe7fff3f085e0
cceprint: [_ZN8cceprint7vconcatEPN7float165Fp16TES2_htthhbb] -> 0xe7fff3f087f0
cceprint: [_ZN8cceprint7vconcatEPfS0_m] -> 0xe7fff3f08a74
cceprint: [_ZN8cceprint7vconcatEPfS0_hh] -> 0xe7fff3f08b7c
cceprint: [_ZN8cceprint7vconcatEPfS0_htthh] -> 0xe7fff3f08ccc
cceprint: [_ZN8cceprint7vconcatEPfS0_htthhbb] -> 0xe7fff3f08edc
cceprint: [_ZN8cceprint14vconv_bf162f32EPfPN8bfloat165Bf16TEhtttt] -> 0xe7fff3f09160
cceprint: [_ZN8cceprint14vconv_bf162f32EPfPN8bfloat165Bf16TEm] -> 0xe7fff3f09358
cceprint: [_ZN8cceprint15vconv_bf162s32aEPiPN8bfloat165Bf16TEhtttt] -> 0xe7fff3f09460
cceprint: [_ZN8cceprint15vconv_bf162s32aEPiPN8bfloat165Bf16TEm] -> 0xe7fff3f09658
cceprint: [_ZN8cceprint15vconv_bf162s32cEPiPN8bfloat165Bf16TEhtttt] -> 0xe7fff3f09760
cceprint: [_ZN8cceprint15vconv_bf162s32cEPiPN8bfloat165Bf16TEm] -> 0xe7fff3f09958
cceprint: [_ZN8cceprint15vconv_bf162s32fEPiPN8bfloat165Bf16TEhtttt] -> 0xe7fff3f09a60
cceprint: [_ZN8cceprint15vconv_bf162s32fEPiPN8bfloat165Bf16TEm] -> 0xe7fff3f09c58
cceprint: [_ZN8cceprint15vconv_bf162s32rEPiPN8bfloat165Bf16TEhtttt] -> 0xe7fff3f09d60
cceprint: [_ZN8cceprint15vconv_bf162s32rEPiPN8bfloat165Bf16TEm] -> 0xe7fff3f09f58
cceprint: [_ZN8cceprint15vconv_bf162s32zEPiPN8bfloat165Bf16TEhtttt] -> 0xe7fff3f0a060
cceprint: [_ZN8cceprint15vconv_bf162s32zEPiPN8bfloat165Bf16TEm] -> 0xe7fff3f0a258
cceprint: [_ZN8cceprint9vconv_deqEPN7float165Fp16TEPim] -> 0xe7fff3f0a360
cceprint: [_ZN8cceprint9vconv_deqEPN7float165Fp16TEPihtthh] -> 0xe7fff3f0a468
cceprint: [_ZN8cceprint9vconv_deqEPN7float165Fp16TEPihtthhbb] -> 0xe7fff3f0a678
cceprint: [_ZN8cceprint15vconv_deqs162b8EPaPsmb] -> 0xe7fff3f0a8fc
cceprint: [_ZN8cceprint15vconv_deqs162b8EPaPshtthhbbb] -> 0xe7fff3f0aa40
cceprint: [_ZN8cceprint15vconv_deqs162b8EPhPsmb] -> 0xe7fff3f0acfc
cceprint: [_ZN8cceprint15vconv_deqs162b8EPhPshtthhbbb] -> 0xe7fff3f0ae40
cceprint: [_ZN8cceprint16vconv_deqs162b8hEPaPshtthh] -> 0xe7fff3f0b0fc
cceprint: [_ZN8cceprint16vconv_deqs162b8hEPaPsm] -> 0xe7fff3f0b30c
cceprint: [_ZN8cceprint16vconv_deqs162b8hEPhPshtthh] -> 0xe7fff3f0b414
cceprint: [_ZN8cceprint16vconv_deqs162b8hEPhPsm] -> 0xe7fff3f0b624
cceprint: [_ZN8cceprint16vconv_deqs162b8lEPaPshtthh] -> 0xe7fff3f0b72c
cceprint: [_ZN8cceprint16vconv_deqs162b8lEPaPsm] -> 0xe7fff3f0b93c
cceprint: [_ZN8cceprint16vconv_deqs162b8lEPhPshtthh] -> 0xe7fff3f0ba44
cceprint: [_ZN8cceprint16vconv_deqs162b8lEPhPsm] -> 0xe7fff3f0bc54
cceprint: [_ZN8cceprint13vconv_f162f32EPfPN7float165Fp16TEm] -> 0xe7fff3f0bd5c
cceprint: [_ZN8cceprint13vconv_f162f32EPfPN7float165Fp16TEhtthh] -> 0xe7fff3f0be64
cceprint: [_ZN8cceprint13vconv_f162f32EPfPN7float165Fp16TEhtthhbb] -> 0xe7fff3f0c074
cceprint: [_ZN8cceprint13vconv_f162f32EPfPN7float165Fp16TEhtttt] -> 0xe7fff3f0c2f8
cceprint: [_ZN8cceprint14vconv_f162s16aEPsPN7float165Fp16TEhtttt] -> 0xe7fff3f0c4f0
cceprint: [_ZN8cceprint14vconv_f162s16aEPsPN7float165Fp16TEm] -> 0xe7fff3f0c6e8
cceprint: [_ZN8cceprint14vconv_f162s16cEPsPN7float165Fp16TEhtttt] -> 0xe7fff3f0c7f0
cceprint: [_ZN8cceprint14vconv_f162s16cEPsPN7float165Fp16TEm] -> 0xe7fff3f0c9e8
cceprint: [_ZN8cceprint14vconv_f162s16fEPsPN7float165Fp16TEhtttt] -> 0xe7fff3f0caf0
cceprint: [_ZN8cceprint14vconv_f162s16fEPsPN7float165Fp16TEm] -> 0xe7fff3f0cce8
cceprint: [_ZN8cceprint14vconv_f162s16rEPsPN7float165Fp16TEm] -> 0xe7fff3f0cdf0
cceprint: [_ZN8cceprint14vconv_f162s16rEPsPN7float165Fp16TEhtthhbb] -> 0xe7fff3f0cef8
cceprint: [_ZN8cceprint14vconv_f162s16rEPsPN7float165Fp16TEhtttt] -> 0xe7fff3f0d17c
cceprint: [_ZN8cceprint14vconv_f162s16zEPsPN7float165Fp16TEhtttt] -> 0xe7fff3f0d374
cceprint: [_ZN8cceprint14vconv_f162s16zEPsPN7float165Fp16TEm] -> 0xe7fff3f0d56c
cceprint: [_ZN8cceprint14vconv_f162s32aEPiPN7float165Fp16TEm] -> 0xe7fff3f0d674
cceprint: [_ZN8cceprint14vconv_f162s32aEPiPN7float165Fp16TEhtthh] -> 0xe7fff3f0d77c
cceprint: [_ZN8cceprint14vconv_f162s32aEPiPN7float165Fp16TEhtthhbb] -> 0xe7fff3f0d98c
cceprint: [_ZN8cceprint14vconv_f162s32aEPiPN7float165Fp16TEhtttt] -> 0xe7fff3f0dc10
cceprint: [_ZN8cceprint14vconv_f162s32cEPiPN7float165Fp16TEm] -> 0xe7fff3f0de08
cceprint: [_ZN8cceprint14vconv_f162s32cEPiPN7float165Fp16TEhtthh] -> 0xe7fff3f0df10
cceprint: [_ZN8cceprint14vconv_f162s32cEPiPN7float165Fp16TEhtthhbb] -> 0xe7fff3f0e120
cceprint: [_ZN8cceprint14vconv_f162s32cEPiPN7float165Fp16TEhtttt] -> 0xe7fff3f0e3a4
cceprint: [_ZN8cceprint14vconv_f162s32fEPiPN7float165Fp16TEm] -> 0xe7fff3f0e59c
cceprint: [_ZN8cceprint14vconv_f162s32fEPiPN7float165Fp16TEhtthh] -> 0xe7fff3f0e6a4
cceprint: [_ZN8cceprint14vconv_f162s32fEPiPN7float165Fp16TEhtthhbb] -> 0xe7fff3f0e8b4
cceprint: [_ZN8cceprint14vconv_f162s32fEPiPN7float165Fp16TEhtttt] -> 0xe7fff3f0eb38
cceprint: [_ZN8cceprint14vconv_f162s32rEPiPN7float165Fp16TEm] -> 0xe7fff3f0ed30
cceprint: [_ZN8cceprint14vconv_f162s32rEPiPN7float165Fp16TEhtthh] -> 0xe7fff3f0ee38
cceprint: [_ZN8cceprint14vconv_f162s32rEPiPN7float165Fp16TEhtthhbb] -> 0xe7fff3f0f048
cceprint: [_ZN8cceprint14vconv_f162s32rEPiPN7float165Fp16TEhtttt] -> 0xe7fff3f0f2cc
cceprint: [_ZN8cceprint14vconv_f162s32zEPiPN7float165Fp16TEm] -> 0xe7fff3f0f4c4
cceprint: [_ZN8cceprint14vconv_f162s32zEPiPN7float165Fp16TEhtthh] -> 0xe7fff3f0f5cc
cceprint: [_ZN8cceprint14vconv_f162s32zEPiPN7float165Fp16TEhtthhbb] -> 0xe7fff3f0f7dc
cceprint: [_ZN8cceprint14vconv_f162s32zEPiPN7float165Fp16TEhtttt] -> 0xe7fff3f0fa60
cceprint: [_ZN8cceprint12vconv_f162s4EPvPN7float165Fp16TEm] -> 0xe7fff3f0fc58
cceprint: [_ZN8cceprint12vconv_f162s4EPvPN7float165Fp16TEhtthhbb] -> 0xe7fff3f0fd60
cceprint: [_ZN8cceprint12vconv_f162s4EPvPN7float165Fp16TEhtttt] -> 0xe7fff3f0ffe4
cceprint: [_ZN8cceprint13vconv_f162s4aEPvPN7float165Fp16TEhtttt] -> 0xe7fff3f101dc
cceprint: [_ZN8cceprint13vconv_f162s4aEPvPN7float165Fp16TEm] -> 0xe7fff3f103d4
cceprint: [_ZN8cceprint13vconv_f162s4cEPvPN7float165Fp16TEhtttt] -> 0xe7fff3f104dc
cceprint: [_ZN8cceprint13vconv_f162s4cEPvPN7float165Fp16TEm] -> 0xe7fff3f106d4
cceprint: [_ZN8cceprint13vconv_f162s4fEPvPN7float165Fp16TEhtttt] -> 0xe7fff3f107dc
cceprint: [_ZN8cceprint13vconv_f162s4fEPvPN7float165Fp16TEm] -> 0xe7fff3f109d4
cceprint: [_ZN8cceprint13vconv_f162s4rEPvPN7float165Fp16TEhtttt] -> 0xe7fff3f10adc
cceprint: [_ZN8cceprint13vconv_f162s4rEPvPN7float165Fp16TEm] -> 0xe7fff3f10cd4
cceprint: [_ZN8cceprint13vconv_f162s4zEPvPN7float165Fp16TEhtttt] -> 0xe7fff3f10ddc
cceprint: [_ZN8cceprint13vconv_f162s4zEPvPN7float165Fp16TEm] -> 0xe7fff3f10fd4
cceprint: [_ZN8cceprint12vconv_f162s8EPaPN7float165Fp16TEm] -> 0xe7fff3f110dc
cceprint: [_ZN8cceprint12vconv_f162s8EPaPN7float165Fp16TEhtthh] -> 0xe7fff3f111e4
cceprint: [_ZN8cceprint12vconv_f162s8EPaPN7float165Fp16TEhtthhbb] -> 0xe7fff3f113f4
cceprint: [_ZN8cceprint12vconv_f162s8EPaPN7float165Fp16TEhtttt] -> 0xe7fff3f11678
cceprint: [_ZN8cceprint13vconv_f162s8aEPaPN7float165Fp16TEm] -> 0xe7fff3f11870
cceprint: [_ZN8cceprint13vconv_f162s8aEPaPN7float165Fp16TEhtthh] -> 0xe7fff3f11978
cceprint: [_ZN8cceprint13vconv_f162s8aEPaPN7float165Fp16TEhtthhbb] -> 0xe7fff3f11b88
cceprint: [_ZN8cceprint13vconv_f162s8aEPaPN7float165Fp16TEhtttt] -> 0xe7fff3f11e0c
cceprint: [_ZN8cceprint13vconv_f162s8cEPaPN7float165Fp16TEm] -> 0xe7fff3f12004
cceprint: [_ZN8cceprint13vconv_f162s8cEPaPN7float165Fp16TEhtthh] -> 0xe7fff3f1210c
cceprint: [_ZN8cceprint13vconv_f162s8cEPaPN7float165Fp16TEhtthhbb] -> 0xe7fff3f1231c
cceprint: [_ZN8cceprint13vconv_f162s8cEPaPN7float165Fp16TEhtttt] -> 0xe7fff3f125a0
cceprint: [_ZN8cceprint13vconv_f162s8fEPaPN7float165Fp16TEm] -> 0xe7fff3f12798
cceprint: [_ZN8cceprint13vconv_f162s8fEPaPN7float165Fp16TEhtthh] -> 0xe7fff3f128a0
cceprint: [_ZN8cceprint13vconv_f162s8fEPaPN7float165Fp16TEhtthhbb] -> 0xe7fff3f12ab0
cceprint: [_ZN8cceprint13vconv_f162s8fEPaPN7float165Fp16TEhtttt] -> 0xe7fff3f12d34
cceprint: [_ZN8cceprint13vconv_f162s8rEPaPN7float165Fp16TEhtttt] -> 0xe7fff3f12f2c
cceprint: [_ZN8cceprint13vconv_f162s8rEPaPN7float165Fp16TEm] -> 0xe7fff3f13124
cceprint: [_ZN8cceprint13vconv_f162s8zEPaPN7float165Fp16TEm] -> 0xe7fff3f1322c
cceprint: [_ZN8cceprint13vconv_f162s8zEPaPN7float165Fp16TEhtthh] -> 0xe7fff3f13334
cceprint: [_ZN8cceprint13vconv_f162s8zEPaPN7float165Fp16TEhtthhbb] -> 0xe7fff3f13544
cceprint: [_ZN8cceprint13vconv_f162s8zEPaPN7float165Fp16TEhtttt] -> 0xe7fff3f137c8
cceprint: [_ZN8cceprint12vconv_f162u8EPhPN7float165Fp16TEm] -> 0xe7fff3f139c0
cceprint: [_ZN8cceprint12vconv_f162u8EPhPN7float165Fp16TEhtthh] -> 0xe7fff3f13ac8
cceprint: [_ZN8cceprint12vconv_f162u8EPhPN7float165Fp16TEhtthhbb] -> 0xe7fff3f13cd8
cceprint: [_ZN8cceprint12vconv_f162u8EPhPN7float165Fp16TEhtttt] -> 0xe7fff3f13f5c
cceprint: [_ZN8cceprint13vconv_f162u8aEPhPN7float165Fp16TEm] -> 0xe7fff3f14154
cceprint: [_ZN8cceprint13vconv_f162u8aEPhPN7float165Fp16TEhtthh] -> 0xe7fff3f1425c
cceprint: [_ZN8cceprint13vconv_f162u8aEPhPN7float165Fp16TEhtthhbb] -> 0xe7fff3f1446c
cceprint: [_ZN8cceprint13vconv_f162u8aEPhPN7float165Fp16TEhtttt] -> 0xe7fff3f146f0
cceprint: [_ZN8cceprint13vconv_f162u8cEPhPN7float165Fp16TEm] -> 0xe7fff3f148e8
cceprint: [_ZN8cceprint13vconv_f162u8cEPhPN7float165Fp16TEhtthh] -> 0xe7fff3f149f0
cceprint: [_ZN8cceprint13vconv_f162u8cEPhPN7float165Fp16TEhtthhbb] -> 0xe7fff3f14c00
cceprint: [_ZN8cceprint13vconv_f162u8cEPhPN7float165Fp16TEhtttt] -> 0xe7fff3f14e84
cceprint: [_ZN8cceprint13vconv_f162u8fEPhPN7float165Fp16TEm] -> 0xe7fff3f1507c
cceprint: [_ZN8cceprint13vconv_f162u8fEPhPN7float165Fp16TEhtthh] -> 0xe7fff3f15184
cceprint: [_ZN8cceprint13vconv_f162u8fEPhPN7float165Fp16TEhtthhbb] -> 0xe7fff3f15394
cceprint: [_ZN8cceprint13vconv_f162u8fEPhPN7float165Fp16TEhtttt] -> 0xe7fff3f15618
cceprint: [_ZN8cceprint13vconv_f162u8rEPhPN7float165Fp16TEhtttt] -> 0xe7fff3f15810
cceprint: [_ZN8cceprint13vconv_f162u8rEPhPN7float165Fp16TEm] -> 0xe7fff3f15a08
cceprint: [_ZN8cceprint13vconv_f162u8zEPhPN7float165Fp16TEm] -> 0xe7fff3f15b10
cceprint: [_ZN8cceprint13vconv_f162u8zEPhPN7float165Fp16TEhtthh] -> 0xe7fff3f15c18
cceprint: [_ZN8cceprint13vconv_f162u8zEPhPN7float165Fp16TEhtthhbb] -> 0xe7fff3f15e28
cceprint: [_ZN8cceprint13vconv_f162u8zEPhPN7float165Fp16TEhtttt] -> 0xe7fff3f160ac
cceprint: [_ZN8cceprint15vconv_f322bf16aEPN8bfloat165Bf16TEPfhtttt] -> 0xe7fff3f162a4
cceprint: [_ZN8cceprint15vconv_f322bf16aEPN8bfloat165Bf16TEPfm] -> 0xe7fff3f1649c
cceprint: [_ZN8cceprint15vconv_f322bf16cEPN8bfloat165Bf16TEPfhtttt] -> 0xe7fff3f165a4
cceprint: [_ZN8cceprint15vconv_f322bf16cEPN8bfloat165Bf16TEPfm] -> 0xe7fff3f1679c
cceprint: [_ZN8cceprint15vconv_f322bf16fEPN8bfloat165Bf16TEPfhtttt] -> 0xe7fff3f168a4
cceprint: [_ZN8cceprint15vconv_f322bf16fEPN8bfloat165Bf16TEPfm] -> 0xe7fff3f16a9c
cceprint: [_ZN8cceprint15vconv_f322bf16rEPN8bfloat165Bf16TEPfhtttt] -> 0xe7fff3f16ba4
cceprint: [_ZN8cceprint15vconv_f322bf16rEPN8bfloat165Bf16TEPfm] -> 0xe7fff3f16d9c
cceprint: [_ZN8cceprint15vconv_f322bf16zEPN8bfloat165Bf16TEPfhtttt] -> 0xe7fff3f16ea4
cceprint: [_ZN8cceprint15vconv_f322bf16zEPN8bfloat165Bf16TEPfm] -> 0xe7fff3f1709c
cceprint: [_ZN8cceprint13vconv_f322f16EPN7float165Fp16TEPfm] -> 0xe7fff3f171a4
cceprint: [_ZN8cceprint13vconv_f322f16EPN7float165Fp16TEPfhtthh] -> 0xe7fff3f172ac
cceprint: [_ZN8cceprint13vconv_f322f16EPN7float165Fp16TEPfhtthhbb] -> 0xe7fff3f174bc
cceprint: [_ZN8cceprint13vconv_f322f16EPN7float165Fp16TEPfhtttt] -> 0xe7fff3f17740
cceprint: [_ZN8cceprint14vconv_f322f16aEPN7float165Fp16TEPfhtttt] -> 0xe7fff3f17938
cceprint: [_ZN8cceprint14vconv_f322f16aEPN7float165Fp16TEPfm] -> 0xe7fff3f17b30
cceprint: [_ZN8cceprint14vconv_f322f16cEPN7float165Fp16TEPfhtttt] -> 0xe7fff3f17c38
cceprint: [_ZN8cceprint14vconv_f322f16cEPN7float165Fp16TEPfm] -> 0xe7fff3f17e30
cceprint: [_ZN8cceprint14vconv_f322f16fEPN7float165Fp16TEPfhtttt] -> 0xe7fff3f17f38
cceprint: [_ZN8cceprint14vconv_f322f16fEPN7float165Fp16TEPfm] -> 0xe7fff3f18130
cceprint: [_ZN8cceprint14vconv_f322f16oEPN7float165Fp16TEPfm] -> 0xe7fff3f18238
cceprint: [_ZN8cceprint14vconv_f322f16oEPN7float165Fp16TEPfhtthh] -> 0xe7fff3f18340
cceprint: [_ZN8cceprint14vconv_f322f16oEPN7float165Fp16TEPfhtthhbb] -> 0xe7fff3f18550
cceprint: [_ZN8cceprint14vconv_f322f16oEPN7float165Fp16TEPfhtttt] -> 0xe7fff3f187d4
cceprint: [_ZN8cceprint14vconv_f322f16rEPN7float165Fp16TEPfhtttt] -> 0xe7fff3f189cc
cceprint: [_ZN8cceprint14vconv_f322f16rEPN7float165Fp16TEPfm] -> 0xe7fff3f18bc4
cceprint: [_ZN8cceprint14vconv_f322f16zEPN7float165Fp16TEPfhtttt] -> 0xe7fff3f18ccc
cceprint: [_ZN8cceprint14vconv_f322f16zEPN7float165Fp16TEPfm] -> 0xe7fff3f18ec4
cceprint: [_ZN8cceprint14vconv_f322f32aEPfS0_htttt] -> 0xe7fff3f18fcc
cceprint: [_ZN8cceprint14vconv_f322f32aEPfS0_m] -> 0xe7fff3f191c4
cceprint: [_ZN8cceprint14vconv_f322f32cEPfS0_htttt] -> 0xe7fff3f192cc
cceprint: [_ZN8cceprint14vconv_f322f32cEPfS0_m] -> 0xe7fff3f194c4
cceprint: [_ZN8cceprint14vconv_f322f32fEPfS0_htttt] -> 0xe7fff3f195cc
cceprint: [_ZN8cceprint14vconv_f322f32fEPfS0_m] -> 0xe7fff3f197c4
cceprint: [_ZN8cceprint14vconv_f322f32rEPfS0_htttt] -> 0xe7fff3f198cc
cceprint: [_ZN8cceprint14vconv_f322f32rEPfS0_m] -> 0xe7fff3f19ac4
cceprint: [_ZN8cceprint14vconv_f322f32zEPfS0_htttt] -> 0xe7fff3f19bcc
cceprint: [_ZN8cceprint14vconv_f322f32zEPfS0_m] -> 0xe7fff3f19dc4
cceprint: [_ZN8cceprint14vconv_f322s16aEPsPfhtttt] -> 0xe7fff3f19ecc
cceprint: [_ZN8cceprint14vconv_f322s16aEPsPfm] -> 0xe7fff3f1a0c4
cceprint: [_ZN8cceprint14vconv_f322s16cEPsPfhtttt] -> 0xe7fff3f1a1cc
cceprint: [_ZN8cceprint14vconv_f322s16cEPsPfm] -> 0xe7fff3f1a3c4
cceprint: [_ZN8cceprint14vconv_f322s16fEPsPfhtttt] -> 0xe7fff3f1a4cc
cceprint: [_ZN8cceprint14vconv_f322s16fEPsPfm] -> 0xe7fff3f1a6c4
cceprint: [_ZN8cceprint14vconv_f322s16rEPsPfm] -> 0xe7fff3f1a7cc
cceprint: [_ZN8cceprint14vconv_f322s16rEPsPfhtthh] -> 0xe7fff3f1a8d4
cceprint: [_ZN8cceprint14vconv_f322s16rEPsPfhtthhbb] -> 0xe7fff3f1aae4
cceprint: [_ZN8cceprint14vconv_f322s16rEPsPfhtttt] -> 0xe7fff3f1ad68
cceprint: [_ZN8cceprint14vconv_f322s16zEPsPfm] -> 0xe7fff3f1af60
cceprint: [_ZN8cceprint14vconv_f322s16zEPsPfhtthh] -> 0xe7fff3f1b068
cceprint: [_ZN8cceprint14vconv_f322s16zEPsPfhtthhbb] -> 0xe7fff3f1b278
cceprint: [_ZN8cceprint14vconv_f322s16zEPsPfhtttt] -> 0xe7fff3f1b4fc
cceprint: [_ZN8cceprint14vconv_f322s32aEPiPfm] -> 0xe7fff3f1b6f4
cceprint: [_ZN8cceprint14vconv_f322s32aEPiPfhtthh] -> 0xe7fff3f1b7fc
cceprint: [_ZN8cceprint14vconv_f322s32aEPiPfhtthhbb] -> 0xe7fff3f1ba0c
cceprint: [_ZN8cceprint14vconv_f322s32aEPiPfhtttt] -> 0xe7fff3f1bc90
cceprint: [_ZN8cceprint14vconv_f322s32cEPiPfm] -> 0xe7fff3f1be88
cceprint: [_ZN8cceprint14vconv_f322s32cEPiPfhtthh] -> 0xe7fff3f1bf90
cceprint: [_ZN8cceprint14vconv_f322s32cEPiPfhtthhbb] -> 0xe7fff3f1c1a0
cceprint: [_ZN8cceprint14vconv_f322s32cEPiPfhtttt] -> 0xe7fff3f1c424
cceprint: [_ZN8cceprint14vconv_f322s32fEPiPfm] -> 0xe7fff3f1c61c
cceprint: [_ZN8cceprint14vconv_f322s32fEPiPfhtthh] -> 0xe7fff3f1c724
cceprint: [_ZN8cceprint14vconv_f322s32fEPiPfhtthhbb] -> 0xe7fff3f1c934
cceprint: [_ZN8cceprint14vconv_f322s32fEPiPfhtttt] -> 0xe7fff3f1cbb8
cceprint: [_ZN8cceprint14vconv_f322s32rEPiPfm] -> 0xe7fff3f1cdb0
cceprint: [_ZN8cceprint14vconv_f322s32rEPiPfhtthh] -> 0xe7fff3f1ceb8
cceprint: [_ZN8cceprint14vconv_f322s32rEPiPfhtthhbb] -> 0xe7fff3f1d0c8
cceprint: [_ZN8cceprint14vconv_f322s32rEPiPfhtttt] -> 0xe7fff3f1d34c
cceprint: [_ZN8cceprint14vconv_f322s32zEPiPfm] -> 0xe7fff3f1d544
cceprint: [_ZN8cceprint14vconv_f322s32zEPiPfhtthh] -> 0xe7fff3f1d64c
cceprint: [_ZN8cceprint14vconv_f322s32zEPiPfhtthhbb] -> 0xe7fff3f1d85c
cceprint: [_ZN8cceprint14vconv_f322s32zEPiPfhtttt] -> 0xe7fff3f1dae0
cceprint: [_ZN8cceprint14vconv_f322s64aEPlPfhtttt] -> 0xe7fff3f1dcd8
cceprint: [_ZN8cceprint14vconv_f322s64aEPlPfm] -> 0xe7fff3f1ded0
cceprint: [_ZN8cceprint14vconv_f322s64cEPlPfhtttt] -> 0xe7fff3f1dfd8
cceprint: [_ZN8cceprint14vconv_f322s64cEPlPfm] -> 0xe7fff3f1e1d0
cceprint: [_ZN8cceprint14vconv_f322s64fEPlPfhtttt] -> 0xe7fff3f1e2d8
cceprint: [_ZN8cceprint14vconv_f322s64fEPlPfm] -> 0xe7fff3f1e4d0
cceprint: [_ZN8cceprint14vconv_f322s64rEPlPfhtttt] -> 0xe7fff3f1e5d8
cceprint: [_ZN8cceprint14vconv_f322s64rEPlPfm] -> 0xe7fff3f1e7d0
cceprint: [_ZN8cceprint14vconv_f322s64zEPlPfhtttt] -> 0xe7fff3f1e8d8
cceprint: [_ZN8cceprint14vconv_f322s64zEPlPfm] -> 0xe7fff3f1ead0
cceprint: [_ZN8cceprint13vconv_s162f16EPN7float165Fp16TEPsm] -> 0xe7fff3f1ebd8
cceprint: [_ZN8cceprint13vconv_s162f16EPN7float165Fp16TEPshtthhbb] -> 0xe7fff3f1ece0
cceprint: [_ZN8cceprint13vconv_s162f16EPN7float165Fp16TEPshtttt] -> 0xe7fff3f1ef64
cceprint: [_ZN8cceprint14vconv_s162f16aEPN7float165Fp16TEPshtttt] -> 0xe7fff3f1f15c
cceprint: [_ZN8cceprint14vconv_s162f16aEPN7float165Fp16TEPsm] -> 0xe7fff3f1f354
cceprint: [_ZN8cceprint14vconv_s162f16cEPN7float165Fp16TEPshtttt] -> 0xe7fff3f1f45c
cceprint: [_ZN8cceprint14vconv_s162f16cEPN7float165Fp16TEPsm] -> 0xe7fff3f1f654
cceprint: [_ZN8cceprint14vconv_s162f16fEPN7float165Fp16TEPshtttt] -> 0xe7fff3f1f75c
cceprint: [_ZN8cceprint14vconv_s162f16fEPN7float165Fp16TEPsm] -> 0xe7fff3f1f954
cceprint: [_ZN8cceprint14vconv_s162f16rEPN7float165Fp16TEPshtttt] -> 0xe7fff3f1fa5c
cceprint: [_ZN8cceprint14vconv_s162f16rEPN7float165Fp16TEPsm] -> 0xe7fff3f1fc54
cceprint: [_ZN8cceprint14vconv_s162f16zEPN7float165Fp16TEPshtttt] -> 0xe7fff3f1fd5c
cceprint: [_ZN8cceprint14vconv_s162f16zEPN7float165Fp16TEPsm] -> 0xe7fff3f1ff54
cceprint: [_ZN8cceprint13vconv_s162f32EPfPsm] -> 0xe7fff3f2005c
cceprint: [_ZN8cceprint13vconv_s162f32EPfPshtthhbb] -> 0xe7fff3f20164
cceprint: [_ZN8cceprint13vconv_s162f32EPfPshtttt] -> 0xe7fff3f203e8
cceprint: [_ZN8cceprint13vconv_s322f32EPfPim] -> 0xe7fff3f205e0
cceprint: [_ZN8cceprint13vconv_s322f32EPfPihtthh] -> 0xe7fff3f206e8
cceprint: [_ZN8cceprint13vconv_s322f32EPfPihtthhbb] -> 0xe7fff3f208f8
cceprint: [_ZN8cceprint13vconv_s322f32EPfPihtttt] -> 0xe7fff3f20b7c
cceprint: [_ZN8cceprint14vconv_s322f32aEPfPihtttt] -> 0xe7fff3f20d74
cceprint: [_ZN8cceprint14vconv_s322f32aEPfPim] -> 0xe7fff3f20f6c
cceprint: [_ZN8cceprint14vconv_s322f32cEPfPihtttt] -> 0xe7fff3f21074
cceprint: [_ZN8cceprint14vconv_s322f32cEPfPim] -> 0xe7fff3f2126c
cceprint: [_ZN8cceprint14vconv_s322f32fEPfPihtttt] -> 0xe7fff3f21374
cceprint: [_ZN8cceprint14vconv_s322f32fEPfPim] -> 0xe7fff3f2156c
cceprint: [_ZN8cceprint14vconv_s322f32rEPfPihtttt] -> 0xe7fff3f21674
cceprint: [_ZN8cceprint14vconv_s322f32rEPfPim] -> 0xe7fff3f2186c
cceprint: [_ZN8cceprint14vconv_s322f32zEPfPihtttt] -> 0xe7fff3f21974
cceprint: [_ZN8cceprint14vconv_s322f32zEPfPim] -> 0xe7fff3f21b6c
cceprint: [_ZN8cceprint13vconv_s322s16EPsPihtttt] -> 0xe7fff3f21c74
cceprint: [_ZN8cceprint13vconv_s322s16EPsPim] -> 0xe7fff3f21e6c
cceprint: [_ZN8cceprint13vconv_s322s64EPlPihtttt] -> 0xe7fff3f21f74
cceprint: [_ZN8cceprint13vconv_s322s64EPlPim] -> 0xe7fff3f2216c
cceprint: [_ZN8cceprint12vconv_s42f16EPN7float165Fp16TEPvhtthh] -> 0xe7fff3f22274
cceprint: [_ZN8cceprint12vconv_s42f16EPN7float165Fp16TEPvm] -> 0xe7fff3f22484
cceprint: [_ZN8cceprint14vconv_s642f32aEPfPlhtttt] -> 0xe7fff3f2258c
cceprint: [_ZN8cceprint14vconv_s642f32aEPfPlm] -> 0xe7fff3f22784
cceprint: [_ZN8cceprint14vconv_s642f32cEPfPlhtttt] -> 0xe7fff3f2288c
cceprint: [_ZN8cceprint14vconv_s642f32cEPfPlm] -> 0xe7fff3f22a84
cceprint: [_ZN8cceprint14vconv_s642f32fEPfPlhtttt] -> 0xe7fff3f22b8c
cceprint: [_ZN8cceprint14vconv_s642f32fEPfPlm] -> 0xe7fff3f22d84
cceprint: [_ZN8cceprint14vconv_s642f32rEPfPlhtttt] -> 0xe7fff3f22e8c
cceprint: [_ZN8cceprint14vconv_s642f32rEPfPlm] -> 0xe7fff3f23084
cceprint: [_ZN8cceprint14vconv_s642f32zEPfPlhtttt] -> 0xe7fff3f2318c
cceprint: [_ZN8cceprint14vconv_s642f32zEPfPlm] -> 0xe7fff3f23384
cceprint: [_ZN8cceprint13vconv_s642s32EPiPlhtttt] -> 0xe7fff3f2348c
cceprint: [_ZN8cceprint13vconv_s642s32EPiPlm] -> 0xe7fff3f23684
cceprint: [_ZN8cceprint12vconv_s82f16EPN7float165Fp16TEPam] -> 0xe7fff3f2378c
cceprint: [_ZN8cceprint12vconv_s82f16EPN7float165Fp16TEPahtthh] -> 0xe7fff3f23894
cceprint: [_ZN8cceprint12vconv_s82f16EPN7float165Fp16TEPahtthhbb] -> 0xe7fff3f23aa4
cceprint: [_ZN8cceprint12vconv_s82f16EPN7float165Fp16TEPahtttt] -> 0xe7fff3f23d28
cceprint: [_ZN8cceprint12vconv_u82f16EPN7float165Fp16TEPhm] -> 0xe7fff3f23f20
cceprint: [_ZN8cceprint12vconv_u82f16EPN7float165Fp16TEPhhtthh] -> 0xe7fff3f24028
cceprint: [_ZN8cceprint12vconv_u82f16EPN7float165Fp16TEPhhtthhbb] -> 0xe7fff3f24238
cceprint: [_ZN8cceprint12vconv_u82f16EPN7float165Fp16TEPhhtttt] -> 0xe7fff3f244bc
cceprint: [_ZN8cceprint16vconv_vdeqs162b8EPaPsmb] -> 0xe7fff3f246b4
cceprint: [_ZN8cceprint16vconv_vdeqs162b8EPaPshtthhbbb] -> 0xe7fff3f247f8
cceprint: [_ZN8cceprint16vconv_vdeqs162b8EPhPsmb] -> 0xe7fff3f24ab4
cceprint: [_ZN8cceprint16vconv_vdeqs162b8EPhPshtthhbbb] -> 0xe7fff3f24bf8
cceprint: [_ZN8cceprint17vconv_vdeqs162b8hEPaPshtthh] -> 0xe7fff3f24eb4
cceprint: [_ZN8cceprint17vconv_vdeqs162b8hEPaPsm] -> 0xe7fff3f250c4
cceprint: [_ZN8cceprint17vconv_vdeqs162b8hEPhPshtthh] -> 0xe7fff3f251cc
cceprint: [_ZN8cceprint17vconv_vdeqs162b8hEPhPsm] -> 0xe7fff3f253dc
cceprint: [_ZN8cceprint17vconv_vdeqs162b8lEPaPshtthh] -> 0xe7fff3f254e4
cceprint: [_ZN8cceprint17vconv_vdeqs162b8lEPaPsm] -> 0xe7fff3f256f4
cceprint: [_ZN8cceprint17vconv_vdeqs162b8lEPhPshtthh] -> 0xe7fff3f257fc
cceprint: [_ZN8cceprint17vconv_vdeqs162b8lEPhPsm] -> 0xe7fff3f25a0c
cceprint: [_ZN8cceprint4vcvtERA128_N7float165Fp16TEPhh7Literal] -> 0xe7fff3f25b14
cceprint: [_ZN8cceprint4vcvtERA128_N7float165Fp16TEPah7Literal] -> 0xe7fff3f25c64
cceprint: [_ZN8cceprint4vcvtERA64_fPN7float165Fp16TEh7Literal] -> 0xe7fff3f25db4
cceprint: [_ZN8cceprint4vcvtERA64_iPN7float165Fp16TEh7LiteralS5_] -> 0xe7fff3f25f04
cceprint: [_ZN8cceprint4vcvtERA64_fPN8bfloat165Bf16TEh7Literal] -> 0xe7fff3f2609c
cceprint: [_ZN8cceprint4vcvtERA64_iPN8bfloat165Bf16TEh7LiteralS5_S5_] -> 0xe7fff3f261ec
cceprint: [_ZN8cceprint4vcvtERA64_fPsh7Literal] -> 0xe7fff3f263cc
cceprint: [_ZN8cceprint4vcvtERA32_lPfh7LiteralS3_S3_] -> 0xe7fff3f2651c
cceprint: [_ZN8cceprint4vcvtERA32_lPih7Literal] -> 0xe7fff3f266fc
cceprint: [_ZN8cceprint4vcvtERA256_hPN7float165Fp16TEh7LiteralS5_S5_] -> 0xe7fff3f2684c
cceprint: [_ZN8cceprint4vcvtERA256_aPN7float165Fp16TEh7LiteralS5_S5_] -> 0xe7fff3f26a2c
cceprint: [_ZN8cceprint4vcvtERA128_N7float165Fp16TEPfh7LiteralS5_S5_] -> 0xe7fff3f26c0c
cceprint: [_ZN8cceprint4vcvtERA128_N8bfloat165Bf16TEPfh7LiteralS5_S5_] -> 0xe7fff3f26dec
cceprint: [_ZN8cceprint4vcvtERA128_sPfh7LiteralS3_S3_] -> 0xe7fff3f26fcc
cceprint: [_ZN8cceprint4vcvtERA128_sPih7LiteralS3_] -> 0xe7fff3f271ac
cceprint: [_ZN8cceprint4vcvtERA64_iPlh7LiteralS3_] -> 0xe7fff3f27344
cceprint: [_ZN8cceprint4vcvtERA64_fPlh7LiteralS3_] -> 0xe7fff3f274dc
cceprint: [_ZN8cceprint4vcvtERA128_sPN7float165Fp16TEh7LiteralS5_] -> 0xe7fff3f27674
cceprint: [_ZN8cceprint4vcvtERA128_N7float165Fp16TEPsh7Literal] -> 0xe7fff3f2780c
cceprint: [_ZN8cceprint4vcvtERA64_iPfh7LiteralS3_] -> 0xe7fff3f2795c
cceprint: [_ZN8cceprint4vcvtERA64_fPih7Literal] -> 0xe7fff3f27af4
cceprint: [_ZN8cceprint4vtrcERA64_fPf7Literalh] -> 0xe7fff3f27c44
cceprint: [_ZN8cceprint5vcopyEPsS0_m] -> 0xe7fff3f27d94
cceprint: [_ZN8cceprint5vcopyEPsS0_htttt] -> 0xe7fff3f27e9c
cceprint: [_ZN8cceprint5vcopyEPiS0_m] -> 0xe7fff3f28094
cceprint: [_ZN8cceprint5vcopyEPiS0_htttt] -> 0xe7fff3f2819c
cceprint: [_ZN8cceprint5vcopyEPtS0_m] -> 0xe7fff3f28394
cceprint: [_ZN8cceprint5vcopyEPtS0_htttt] -> 0xe7fff3f2849c
cceprint: [_ZN8cceprint5vcopyEPjS0_m] -> 0xe7fff3f28694
cceprint: [_ZN8cceprint5vcopyEPjS0_htttt] -> 0xe7fff3f2879c
cceprint: [_ZN8cceprint6vcpaddEPN7float165Fp16TES2_m] -> 0xe7fff3f28994
cceprint: [_ZN8cceprint6vcpaddEPN7float165Fp16TES2_httt] -> 0xe7fff3f28a9c
cceprint: [_ZN8cceprint6vcpaddEPN7float165Fp16TES2_htttbb] -> 0xe7fff3f28c58
cceprint: [_ZN8cceprint6vcpaddEPfS0_m] -> 0xe7fff3f28e8c
cceprint: [_ZN8cceprint6vcpaddEPfS0_httt] -> 0xe7fff3f28f94
cceprint: [_ZN8cceprint6vcpaddEPfS0_htttbb] -> 0xe7fff3f29150
cceprint: [_ZN8cceprint4vdivEPN7float165Fp16TES2_S2_m] -> 0xe7fff3f29384
cceprint: [_ZN8cceprint4vdivEPN7float165Fp16TES2_S2_hhhhhhh] -> 0xe7fff3f294c8
cceprint: [_ZN8cceprint4vdivEPN7float165Fp16TES2_S2_hhhhhhhbb] -> 0xe7fff3f297b4
cceprint: [_ZN8cceprint4vdivEPfS0_S0_m] -> 0xe7fff3f29b10
cceprint: [_ZN8cceprint4vdivEPfS0_S0_hhhhhhh] -> 0xe7fff3f29c54
cceprint: [_ZN8cceprint4vdivEPfS0_S0_hhhhhhhbb] -> 0xe7fff3f29f40
cceprint: [_ZN8cceprint3vdpEPsS0_S0_m] -> 0xe7fff3f2a29c
cceprint: [_ZN8cceprint3vdpEPsS0_S0_thttbbb] -> 0xe7fff3f2a3e0
cceprint: [_ZN8cceprint10vector_dupEPN7float165Fp16TES1_m] -> 0xe7fff3f2a684
cceprint: [_ZN8cceprint10vector_dupEPN7float165Fp16TES1_htthh] -> 0xe7fff3f2a7a0
cceprint: [_ZN8cceprint10vector_dupEPN7float165Fp16TES1_htthhbb] -> 0xe7fff3f2a9c4
cceprint: [_ZN8cceprint10vector_dupEPN7float165Fp16TES1_htttt] -> 0xe7fff3f2ac5c
cceprint: [_ZN8cceprint10vector_dupEPffm] -> 0xe7fff3f2ae68
cceprint: [_ZN8cceprint10vector_dupEPffhtthh] -> 0xe7fff3f2af70
cceprint: [_ZN8cceprint10vector_dupEPffhtthhbb] -> 0xe7fff3f2b180
cceprint: [_ZN8cceprint10vector_dupEPffhtttt] -> 0xe7fff3f2b408
cceprint: [_ZN8cceprint10vector_dupEPssm] -> 0xe7fff3f2b600
cceprint: [_ZN8cceprint10vector_dupEPsshtthh] -> 0xe7fff3f2b708
cceprint: [_ZN8cceprint10vector_dupEPsshtthhbb] -> 0xe7fff3f2b918
cceprint: [_ZN8cceprint10vector_dupEPsshtttt] -> 0xe7fff3f2bb9c
cceprint: [_ZN8cceprint10vector_dupEPiim] -> 0xe7fff3f2bd94
cceprint: [_ZN8cceprint10vector_dupEPiihtthh] -> 0xe7fff3f2be9c
cceprint: [_ZN8cceprint10vector_dupEPiihtthhbb] -> 0xe7fff3f2c0ac
cceprint: [_ZN8cceprint10vector_dupEPiihtttt] -> 0xe7fff3f2c330
cceprint: [_ZN8cceprint10vector_dupEPttm] -> 0xe7fff3f2c528
cceprint: [_ZN8cceprint10vector_dupEPtthtthh] -> 0xe7fff3f2c630
cceprint: [_ZN8cceprint10vector_dupEPtthtthhbb] -> 0xe7fff3f2c840
cceprint: [_ZN8cceprint10vector_dupEPtthtttt] -> 0xe7fff3f2cac4
cceprint: [_ZN8cceprint10vector_dupEPjjm] -> 0xe7fff3f2ccbc
cceprint: [_ZN8cceprint10vector_dupEPjjhtthh] -> 0xe7fff3f2cdc4
cceprint: [_ZN8cceprint10vector_dupEPjjhtthhbb] -> 0xe7fff3f2cfd4
cceprint: [_ZN8cceprint10vector_dupEPjjhtttt] -> 0xe7fff3f2d258
cceprint: [_ZN8cceprint10vector_dupEPN8bfloat165Bf16TES1_m] -> 0xe7fff3f2d450
cceprint: [_ZN8cceprint10vector_dupEPN8bfloat165Bf16TES1_htthh] -> 0xe7fff3f2d56c
cceprint: [_ZN8cceprint4vexpEPN7float165Fp16TES2_m] -> 0xe7fff3f2d790
cceprint: [_ZN8cceprint4vexpEPN7float165Fp16TES2_htthh] -> 0xe7fff3f2d898
cceprint: [_ZN8cceprint4vexpEPN7float165Fp16TES2_htthhbb] -> 0xe7fff3f2daa8
cceprint: [_ZN8cceprint4vexpEPN7float165Fp16TES2_htttt] -> 0xe7fff3f2dd2c
cceprint: [_ZN8cceprint4vexpEPfS0_m] -> 0xe7fff3f2df24
cceprint: [_ZN8cceprint4vexpEPfS0_htthh] -> 0xe7fff3f2e02c
cceprint: [_ZN8cceprint4vexpEPfS0_htthhbb] -> 0xe7fff3f2e23c
cceprint: [_ZN8cceprint4vexpEPfS0_htttt] -> 0xe7fff3f2e4c0
cceprint: [_ZN8cceprint8vextractEPN7float165Fp16TES2_m] -> 0xe7fff3f2e6b8
cceprint: [_ZN8cceprint8vextractEPN7float165Fp16TES2_hh] -> 0xe7fff3f2e7c0
cceprint: [_ZN8cceprint8vextractEPN7float165Fp16TES2_htthh] -> 0xe7fff3f2e910
cceprint: [_ZN8cceprint8vextractEPN7float165Fp16TES2_htthhbb] -> 0xe7fff3f2eb20
cceprint: [_ZN8cceprint8vextractEPfS0_m] -> 0xe7fff3f2eda4
cceprint: [_ZN8cceprint8vextractEPfS0_hh] -> 0xe7fff3f2eeac
cceprint: [_ZN8cceprint8vextractEPfS0_htthh] -> 0xe7fff3f2effc
cceprint: [_ZN8cceprint8vextractEPfS0_htthhbb] -> 0xe7fff3f2f20c
cceprint: [_ZN8cceprint7vgatherEPtPjm] -> 0xe7fff3f2f490
cceprint: [_ZN8cceprint7vgatherEPtPjjb] -> 0xe7fff3f2f598
cceprint: [_ZN8cceprint7vgatherEPtPjjth] -> 0xe7fff3f2f6d0
cceprint: [_ZN8cceprint7vgatherEPjS0_m] -> 0xe7fff3f2f850
cceprint: [_ZN8cceprint7vgatherEPjS0_jb] -> 0xe7fff3f2f958
cceprint: [_ZN8cceprint7vgatherEPjS0_jth] -> 0xe7fff3f2fa90
cceprint: [_ZN8cceprint8vgatherbEPtPjm] -> 0xe7fff3f2fc10
cceprint: [_ZN8cceprint8vgatherbEPtPjjthh] -> 0xe7fff3f2fd18
cceprint: [_ZN8cceprint8vgatherbEPjS0_m] -> 0xe7fff3f2fee0
cceprint: [_ZN8cceprint8vgatherbEPjS0_jthh] -> 0xe7fff3f2ffe8
cceprint: [_ZN8cceprint4viouEPN7float165Fp16TES2_S2_m] -> 0xe7fff3f301b0
cceprint: [_ZN8cceprint4viouEPN7float165Fp16TES2_S2_hhhhhhh] -> 0xe7fff3f302f4
cceprint: [_ZN8cceprint4viouEPN7float165Fp16TES2_S2_hhhhhhhbb] -> 0xe7fff3f305e0
cceprint: [_ZN8cceprint4viouEPfS0_S0_m] -> 0xe7fff3f3093c
cceprint: [_ZN8cceprint4viouEPfS0_S0_hhhhhhh] -> 0xe7fff3f30a80
cceprint: [_ZN8cceprint4viouEPfS0_S0_hhhhhhhbb] -> 0xe7fff3f30d6c
cceprint: [_ZN8cceprint10vld_va_regE10ub_addr8_tPm7vpart_t] -> 0xe7fff3f310c8
cceprint: [_ZN8cceprint3vlnEPN7float165Fp16TES2_m] -> 0xe7fff3f311dc
cceprint: [_ZN8cceprint3vlnEPN7float165Fp16TES2_htthh] -> 0xe7fff3f312e4
cceprint: [_ZN8cceprint3vlnEPN7float165Fp16TES2_htthhbb] -> 0xe7fff3f314f4
cceprint: [_ZN8cceprint3vlnEPN7float165Fp16TES2_htttt] -> 0xe7fff3f31778
cceprint: [_ZN8cceprint3vlnEPfS0_m] -> 0xe7fff3f31970
cceprint: [_ZN8cceprint3vlnEPfS0_htthh] -> 0xe7fff3f31a78
cceprint: [_ZN8cceprint3vlnEPfS0_htthhbb] -> 0xe7fff3f31c88
cceprint: [_ZN8cceprint3vlnEPfS0_htttt] -> 0xe7fff3f31f0c
cceprint: [_ZN8cceprint6vlreluEPN7float165Fp16TES2_S1_m] -> 0xe7fff3f32104
cceprint: [_ZN8cceprint6vlreluEPN7float165Fp16TES2_S1_htthhbb] -> 0xe7fff3f3225c
cceprint: [_ZN8cceprint6vlreluEPN7float165Fp16TES2_S1_htttt] -> 0xe7fff3f3252c
cceprint: [_ZN8cceprint6vlreluEPfS0_fm] -> 0xe7fff3f32774
cceprint: [_ZN8cceprint6vlreluEPfS0_fhtthhbb] -> 0xe7fff3f328b8
cceprint: [_ZN8cceprint6vlreluEPfS0_fhtttt] -> 0xe7fff3f32b78
cceprint: [_ZN8cceprint5vmaddEPN7float165Fp16TES2_S2_m] -> 0xe7fff3f32dac
cceprint: [_ZN8cceprint5vmaddEPN7float165Fp16TES2_S2_hhhhhhh] -> 0xe7fff3f32ef0
cceprint: [_ZN8cceprint5vmaddEPN7float165Fp16TES2_S2_hhhhhhhbb] -> 0xe7fff3f331dc
cceprint: [_ZN8cceprint5vmaddEPfS0_S0_m] -> 0xe7fff3f33538
cceprint: [_ZN8cceprint5vmaddEPfS0_S0_hhhhhhh] -> 0xe7fff3f3367c
cceprint: [_ZN8cceprint5vmaddEPfS0_S0_hhhhhhhbb] -> 0xe7fff3f33968
cceprint: [_ZN8cceprint5vmaddERA128_N7float165Fp16TEPS1_S4_h7Literal] -> 0xe7fff3f33cc4
cceprint: [_ZN8cceprint5vmaddERA64_fPfS2_h7Literal] -> 0xe7fff3f33e50
cceprint: [_ZN8cceprint5vmulaERA64_iPiS2_h7Literal] -> 0xe7fff3f33fdc
cceprint: [_ZN8cceprint5vmulaERA64_jPjS2_h7Literal] -> 0xe7fff3f34168
cceprint: [_ZN8cceprint5vmulaERA64_fPfS2_h7Literal] -> 0xe7fff3f342f4
cceprint: [_ZN8cceprint5vmulaERA128_sPsS2_h7Literal] -> 0xe7fff3f34480
cceprint: [_ZN8cceprint5vmulaERA128_tPtS2_h7Literal] -> 0xe7fff3f3460c
cceprint: [_ZN8cceprint5vmulaERA128_N7float165Fp16TEPS1_S4_h7Literal] -> 0xe7fff3f34798
cceprint: [_ZN8cceprint9vmaddreluEPN7float165Fp16TES2_S2_m] -> 0xe7fff3f34924
cceprint: [_ZN8cceprint9vmaddreluEPN7float165Fp16TES2_S2_hhhhhhh] -> 0xe7fff3f34a68
cceprint: [_ZN8cceprint9vmaddreluEPN7float165Fp16TES2_S2_hhhhhhhbb] -> 0xe7fff3f34d54
cceprint: [_ZN8cceprint9vmaddreluEPfS0_S0_m] -> 0xe7fff3f350b0
cceprint: [_ZN8cceprint9vmaddreluEPfS0_S0_hhhhhhh] -> 0xe7fff3f351f4
cceprint: [_ZN8cceprint9vmaddreluEPfS0_S0_hhhhhhhbb] -> 0xe7fff3f354e0
cceprint: [_ZN8cceprint4vmaxEPN7float165Fp16TES2_S2_m] -> 0xe7fff3f3583c
cceprint: [_ZN8cceprint4vmaxEPN7float165Fp16TES2_S2_hhhhhhh] -> 0xe7fff3f35980
cceprint: [_ZN8cceprint4vmaxEPN7float165Fp16TES2_S2_hhhhhhhbb] -> 0xe7fff3f35c6c
cceprint: [_ZN8cceprint4vmaxEPfS0_S0_m] -> 0xe7fff3f35fc8
cceprint: [_ZN8cceprint4vmaxEPfS0_S0_hhhhhhh] -> 0xe7fff3f3610c
cceprint: [_ZN8cceprint4vmaxEPfS0_S0_hhhhhhhbb] -> 0xe7fff3f363f8
cceprint: [_ZN8cceprint4vmaxEPsS0_S0_m] -> 0xe7fff3f36754
cceprint: [_ZN8cceprint4vmaxEPsS0_S0_hhhhhhh] -> 0xe7fff3f36898
cceprint: [_ZN8cceprint4vmaxEPsS0_S0_hhhhhhhbb] -> 0xe7fff3f36b84
cceprint: [_ZN8cceprint4vmaxEPiS0_S0_m] -> 0xe7fff3f36ee0
cceprint: [_ZN8cceprint4vmaxEPiS0_S0_hhhhhhh] -> 0xe7fff3f37024
cceprint: [_ZN8cceprint4vmaxEPiS0_S0_hhhhhhhbb] -> 0xe7fff3f37310
cceprint: [_ZN8cceprint5vmaxsEPN7float165Fp16TES2_S1_m] -> 0xe7fff3f3766c
cceprint: [_ZN8cceprint5vmaxsEPN7float165Fp16TES2_S1_htthhbb] -> 0xe7fff3f377c4
cceprint: [_ZN8cceprint5vmaxsEPN7float165Fp16TES2_S1_htttt] -> 0xe7fff3f37a94
cceprint: [_ZN8cceprint5vmaxsEPfS0_fm] -> 0xe7fff3f37cdc
cceprint: [_ZN8cceprint5vmaxsEPfS0_fhtthhbb] -> 0xe7fff3f37e20
cceprint: [_ZN8cceprint5vmaxsEPfS0_fhtttt] -> 0xe7fff3f380e0
cceprint: [_ZN8cceprint5vmaxsEPsS0_sm] -> 0xe7fff3f38314
cceprint: [_ZN8cceprint5vmaxsEPsS0_shtthhbb] -> 0xe7fff3f38458
cceprint: [_ZN8cceprint5vmaxsEPsS0_shtttt] -> 0xe7fff3f38714
cceprint: [_ZN8cceprint5vmaxsEPiS0_im] -> 0xe7fff3f38948
cceprint: [_ZN8cceprint5vmaxsEPiS0_ihtthhbb] -> 0xe7fff3f38a8c
cceprint: [_ZN8cceprint5vmaxsEPiS0_ihtttt] -> 0xe7fff3f38d48
cceprint: [_ZN8cceprint8vmergechEPhS0_m] -> 0xe7fff3f38f7c
cceprint: [_ZN8cceprint8vmergechEPhS0_htthh] -> 0xe7fff3f39084
cceprint: [_ZN8cceprint8vmergechEPhS0_htthhbb] -> 0xe7fff3f39294
cceprint: [_ZN8cceprint8vmergechEPN7float165Fp16TES2_m] -> 0xe7fff3f39518
cceprint: [_ZN8cceprint8vmergechEPN7float165Fp16TES2_htthh] -> 0xe7fff3f39620
cceprint: [_ZN8cceprint8vmergechEPN7float165Fp16TES2_htthhbb] -> 0xe7fff3f39830
cceprint: [_ZN8cceprint4vminEPN7float165Fp16TES2_S2_m] -> 0xe7fff3f39ab4
cceprint: [_ZN8cceprint4vminEPN7float165Fp16TES2_S2_hhhhhhh] -> 0xe7fff3f39bf8
cceprint: [_ZN8cceprint4vminEPN7float165Fp16TES2_S2_hhhhhhhbb] -> 0xe7fff3f39ee4
cceprint: [_ZN8cceprint4vminEPfS0_S0_m] -> 0xe7fff3f3a240
cceprint: [_ZN8cceprint4vminEPfS0_S0_hhhhhhh] -> 0xe7fff3f3a384
cceprint: [_ZN8cceprint4vminEPfS0_S0_hhhhhhhbb] -> 0xe7fff3f3a670
cceprint: [_ZN8cceprint4vminEPsS0_S0_m] -> 0xe7fff3f3a9cc
cceprint: [_ZN8cceprint4vminEPsS0_S0_hhhhhhh] -> 0xe7fff3f3ab10
cceprint: [_ZN8cceprint4vminEPsS0_S0_hhhhhhhbb] -> 0xe7fff3f3adfc
cceprint: [_ZN8cceprint4vminEPiS0_S0_m] -> 0xe7fff3f3b158
cceprint: [_ZN8cceprint4vminEPiS0_S0_hhhhhhh] -> 0xe7fff3f3b29c
cceprint: [_ZN8cceprint4vminEPiS0_S0_hhhhhhhbb] -> 0xe7fff3f3b588
cceprint: [_ZN8cceprint5vminsEPN7float165Fp16TES2_S1_m] -> 0xe7fff3f3b8e4
cceprint: [_ZN8cceprint5vminsEPN7float165Fp16TES2_S1_htthhbb] -> 0xe7fff3f3ba3c
cceprint: [_ZN8cceprint5vminsEPN7float165Fp16TES2_S1_htttt] -> 0xe7fff3f3bd0c
cceprint: [_ZN8cceprint5vminsEPfS0_fm] -> 0xe7fff3f3bf54
cceprint: [_ZN8cceprint5vminsEPfS0_fhtthhbb] -> 0xe7fff3f3c098
cceprint: [_ZN8cceprint5vminsEPfS0_fhtttt] -> 0xe7fff3f3c358
cceprint: [_ZN8cceprint5vminsEPsS0_sm] -> 0xe7fff3f3c58c
cceprint: [_ZN8cceprint5vminsEPsS0_shtthhbb] -> 0xe7fff3f3c6d0
cceprint: [_ZN8cceprint5vminsEPsS0_shtttt] -> 0xe7fff3f3c98c
cceprint: [_ZN8cceprint5vminsEPiS0_im] -> 0xe7fff3f3cbc0
cceprint: [_ZN8cceprint5vminsEPiS0_ihtthhbb] -> 0xe7fff3f3cd04
cceprint: [_ZN8cceprint5vminsEPiS0_ihtttt] -> 0xe7fff3f3cfc0
cceprint: [_ZN8cceprint4vmlaEPN7float165Fp16TES2_S2_m] -> 0xe7fff3f3d1f4
cceprint: [_ZN8cceprint4vmlaEPN7float165Fp16TES2_S2_hhhhhhh] -> 0xe7fff3f3d338
cceprint: [_ZN8cceprint4vmlaEPN7float165Fp16TES2_S2_hhhhhhhbb] -> 0xe7fff3f3d624
cceprint: [_ZN8cceprint4vmlaEPfS0_S0_m] -> 0xe7fff3f3d980
cceprint: [_ZN8cceprint4vmlaEPfS0_S0_hhhhhhh] -> 0xe7fff3f3dac4
cceprint: [_ZN8cceprint4vmlaEPfS0_S0_hhhhhhhbb] -> 0xe7fff3f3ddb0
cceprint: [_ZN8cceprint4vmlaEPfPN7float165Fp16TES3_m] -> 0xe7fff3f3e10c
cceprint: [_ZN8cceprint4vmlaEPfPN7float165Fp16TES3_hhhhhhh] -> 0xe7fff3f3e250
cceprint: [_ZN8cceprint4vmlaEPfPN7float165Fp16TES3_hhhhhhhbb] -> 0xe7fff3f3e53c
cceprint: [_ZN8cceprint9vmrgsort4EPN7float165Fp16TEPS2_m] -> 0xe7fff3f3e898
cceprint: [_ZN8cceprint9vmrgsort4EPfPS0_m] -> 0xe7fff3f3e9a0
cceprint: [_ZN8cceprint9vmrgsort4EPN7float165Fp16TEPS2_mm] -> 0xe7fff3f3eaa8
cceprint: [_ZN8cceprint9vmrgsort4EPfPS0_mm] -> 0xe7fff3f3ebf8
cceprint: [_ZN8cceprint4vmulEPN7float165Fp16TES2_S2_m] -> 0xe7fff3f3ed48
cceprint: [_ZN8cceprint4vmulEPN7float165Fp16TES2_S2_hhhhhhh] -> 0xe7fff3f3ee8c
cceprint: [_ZN8cceprint4vmulEPN7float165Fp16TES2_S2_hhhhhhhbb] -> 0xe7fff3f3f178
cceprint: [_ZN8cceprint4vmulEPfS0_S0_m] -> 0xe7fff3f3f4d4
cceprint: [_ZN8cceprint4vmulEPfS0_S0_hhhhhhh] -> 0xe7fff3f3f618
cceprint: [_ZN8cceprint4vmulEPfS0_S0_hhhhhhhbb] -> 0xe7fff3f3f904
cceprint: [_ZN8cceprint4vmulEPsS0_S0_m] -> 0xe7fff3f3fc60
cceprint: [_ZN8cceprint4vmulEPsS0_S0_hhhhhhh] -> 0xe7fff3f3fda4
cceprint: [_ZN8cceprint4vmulEPsS0_S0_hhhhhhhbb] -> 0xe7fff3f40090
cceprint: [_ZN8cceprint4vmulEPiS0_S0_m] -> 0xe7fff3f403ec
cceprint: [_ZN8cceprint4vmulEPiS0_S0_hhhhhhh] -> 0xe7fff3f40530
cceprint: [_ZN8cceprint4vmulEPiS0_S0_hhhhhhhbb] -> 0xe7fff3f4081c
cceprint: [_ZN8cceprint15vmulconv_f162s8EPaPN7float165Fp16TES3_m] -> 0xe7fff3f40b78
cceprint: [_ZN8cceprint15vmulconv_f162s8EPaPN7float165Fp16TES3_hhhhhhh] -> 0xe7fff3f40cbc
cceprint: [_ZN8cceprint15vmulconv_f162s8EPaPN7float165Fp16TES3_hhhhhhhbb] -> 0xe7fff3f40fa8
cceprint: [_ZN8cceprint15vmulconv_f162u8EPhPN7float165Fp16TES3_m] -> 0xe7fff3f41304
cceprint: [_ZN8cceprint15vmulconv_f162u8EPhPN7float165Fp16TES3_hhhhhhh] -> 0xe7fff3f41448
cceprint: [_ZN8cceprint15vmulconv_f162u8EPhPN7float165Fp16TES3_hhhhhhhbb] -> 0xe7fff3f41734
cceprint: [_ZN8cceprint5vmulsEPN7float165Fp16TES2_S1_m] -> 0xe7fff3f41a90
cceprint: [_ZN8cceprint5vmulsEPN7float165Fp16TES2_S1_htthh] -> 0xe7fff3f41be8
cceprint: [_ZN8cceprint5vmulsEPN7float165Fp16TES2_S1_htthhbb] -> 0xe7fff3f41e48
cceprint: [_ZN8cceprint5vmulsEPN7float165Fp16TES2_S1_htttt] -> 0xe7fff3f42118
cceprint: [_ZN8cceprint5vmulsEPfS0_fm] -> 0xe7fff3f42360
cceprint: [_ZN8cceprint5vmulsEPfS0_fhtthh] -> 0xe7fff3f424a4
cceprint: [_ZN8cceprint5vmulsEPfS0_fhtthhbb] -> 0xe7fff3f426f0
cceprint: [_ZN8cceprint5vmulsEPfS0_fhtttt] -> 0xe7fff3f429b0
cceprint: [_ZN8cceprint5vmulsEPsS0_sm] -> 0xe7fff3f42be4
cceprint: [_ZN8cceprint5vmulsEPsS0_shtthh] -> 0xe7fff3f42d28
cceprint: [_ZN8cceprint5vmulsEPsS0_shtthhbb] -> 0xe7fff3f42f74
cceprint: [_ZN8cceprint5vmulsEPsS0_shtttt] -> 0xe7fff3f43230
cceprint: [_ZN8cceprint5vmulsEPiS0_im] -> 0xe7fff3f43464
cceprint: [_ZN8cceprint5vmulsEPiS0_ihtthh] -> 0xe7fff3f435a8
cceprint: [_ZN8cceprint5vmulsEPiS0_ihtthhbb] -> 0xe7fff3f437f4
cceprint: [_ZN8cceprint5vmulsEPiS0_ihtttt] -> 0xe7fff3f43ab0
cceprint: [_ZN8cceprint4vnotEPsS0_m] -> 0xe7fff3f43ce4
cceprint: [_ZN8cceprint4vnotEPsS0_htthh] -> 0xe7fff3f43dec
cceprint: [_ZN8cceprint4vnotEPsS0_htthhbb] -> 0xe7fff3f43ffc
cceprint: [_ZN8cceprint4vnotEPsS0_htttt] -> 0xe7fff3f44280
cceprint: [_ZN8cceprint4vnotEPtS0_m] -> 0xe7fff3f44478
cceprint: [_ZN8cceprint4vnotEPtS0_htthh] -> 0xe7fff3f44580
cceprint: [_ZN8cceprint4vnotEPtS0_htthhbb] -> 0xe7fff3f44790
cceprint: [_ZN8cceprint4vnotEPtS0_htttt] -> 0xe7fff3f44a14
cceprint: [_ZN8cceprint3vorEPsS0_S0_m] -> 0xe7fff3f44c0c
cceprint: [_ZN8cceprint3vorEPsS0_S0_hhhhhhh] -> 0xe7fff3f44d50
cceprint: [_ZN8cceprint3vorEPsS0_S0_hhhhhhhbb] -> 0xe7fff3f4503c
cceprint: [_ZN8cceprint3vorEPtS0_S0_m] -> 0xe7fff3f45398
cceprint: [_ZN8cceprint3vorEPtS0_S0_hhhhhhh] -> 0xe7fff3f454dc
cceprint: [_ZN8cceprint3vorEPtS0_S0_hhhhhhhbb] -> 0xe7fff3f457c8
cceprint: [_ZN8cceprint8vpaddingEPtS0_m] -> 0xe7fff3f45b24
cceprint: [_ZN8cceprint8vpaddingEPtS0_htthhbbhb] -> 0xe7fff3f45c2c
cceprint: [_ZN8cceprint8vpaddingEPjS0_m] -> 0xe7fff3f45f2c
cceprint: [_ZN8cceprint8vpaddingEPjS0_htthhbbhb] -> 0xe7fff3f46034
cceprint: [_ZN8cceprint4vrecEPN7float165Fp16TES2_m] -> 0xe7fff3f46334
cceprint: [_ZN8cceprint4vrecEPN7float165Fp16TES2_htthh] -> 0xe7fff3f4643c
cceprint: [_ZN8cceprint4vrecEPN7float165Fp16TES2_htthhbb] -> 0xe7fff3f4664c
cceprint: [_ZN8cceprint4vrecEPN7float165Fp16TES2_htttt] -> 0xe7fff3f468d0
cceprint: [_ZN8cceprint4vrecEPfS0_m] -> 0xe7fff3f46ac8
cceprint: [_ZN8cceprint4vrecEPfS0_htthh] -> 0xe7fff3f46bd0
cceprint: [_ZN8cceprint4vrecEPfS0_htthhbb] -> 0xe7fff3f46de0
cceprint: [_ZN8cceprint4vrecEPfS0_htttt] -> 0xe7fff3f47064
cceprint: [_ZN8cceprint7vreduceEPtS0_S0_m] -> 0xe7fff3f4725c
cceprint: [_ZN8cceprint7vreduceEPtS0_S0_hhhhhhh] -> 0xe7fff3f473a0
cceprint: [_ZN8cceprint7vreduceEPtS0_S0_hhhhh] -> 0xe7fff3f4768c
cceprint: [_ZN8cceprint7vreduceEPjS0_S0_m] -> 0xe7fff3f478f0
cceprint: [_ZN8cceprint7vreduceEPjS0_S0_hhhhhhh] -> 0xe7fff3f47a34
cceprint: [_ZN8cceprint7vreduceEPjS0_S0_hhhhh] -> 0xe7fff3f47d20
cceprint: [_ZN8cceprint9vreducev2EPtS0_S0_m] -> 0xe7fff3f47f84
cceprint: [_ZN8cceprint9vreducev2EPtS0_S0_thhth] -> 0xe7fff3f480c8
cceprint: [_ZN8cceprint9vreducev2EPjS0_S0_m] -> 0xe7fff3f48314
cceprint: [_ZN8cceprint9vreducev2EPjS0_S0_thhth] -> 0xe7fff3f48458
cceprint: [_ZN8cceprint5vreluEPN7float165Fp16TES2_m] -> 0xe7fff3f486a4
cceprint: [_ZN8cceprint5vreluEPN7float165Fp16TES2_htthh] -> 0xe7fff3f487ac
cceprint: [_ZN8cceprint5vreluEPN7float165Fp16TES2_htthhbb] -> 0xe7fff3f489bc
cceprint: [_ZN8cceprint5vreluEPN7float165Fp16TES2_htttt] -> 0xe7fff3f48c40
cceprint: [_ZN8cceprint5vreluEPfS0_m] -> 0xe7fff3f48e38
cceprint: [_ZN8cceprint5vreluEPfS0_htthh] -> 0xe7fff3f48f40
cceprint: [_ZN8cceprint5vreluEPfS0_htthhbb] -> 0xe7fff3f49150
cceprint: [_ZN8cceprint5vreluEPfS0_htttt] -> 0xe7fff3f493d4
cceprint: [_ZN8cceprint5vreluEPiS0_m] -> 0xe7fff3f495cc
cceprint: [_ZN8cceprint5vreluEPiS0_htthh] -> 0xe7fff3f496d4
cceprint: [_ZN8cceprint5vreluEPiS0_htthhbb] -> 0xe7fff3f498e4
cceprint: [_ZN8cceprint5vreluEPiS0_htttt] -> 0xe7fff3f49b68
cceprint: [_ZN8cceprint5vrpacEPN7float165Fp16TES2_m] -> 0xe7fff3f49d60
cceprint: [_ZN8cceprint5vrpacEPN7float165Fp16TES2_htthh] -> 0xe7fff3f49e68
cceprint: [_ZN8cceprint5vrpacEPN7float165Fp16TES2_htthhbb] -> 0xe7fff3f4a078
cceprint: [_ZN8cceprint5vrpacEPfS0_m] -> 0xe7fff3f4a2fc
cceprint: [_ZN8cceprint5vrpacEPfS0_htthh] -> 0xe7fff3f4a404
cceprint: [_ZN8cceprint5vrpacEPfS0_htthhbb] -> 0xe7fff3f4a614
cceprint: [_ZN8cceprint6vrsqrtEPN7float165Fp16TES2_m] -> 0xe7fff3f4a898
cceprint: [_ZN8cceprint6vrsqrtEPN7float165Fp16TES2_htthh] -> 0xe7fff3f4a9a0
cceprint: [_ZN8cceprint6vrsqrtEPN7float165Fp16TES2_htthhbb] -> 0xe7fff3f4abb0
cceprint: [_ZN8cceprint6vrsqrtEPN7float165Fp16TES2_htttt] -> 0xe7fff3f4ae34
cceprint: [_ZN8cceprint6vrsqrtEPfS0_m] -> 0xe7fff3f4b02c
cceprint: [_ZN8cceprint6vrsqrtEPfS0_htthh] -> 0xe7fff3f4b134
cceprint: [_ZN8cceprint6vrsqrtEPfS0_htthhbb] -> 0xe7fff3f4b344
cceprint: [_ZN8cceprint6vrsqrtEPfS0_htttt] -> 0xe7fff3f4b5c8
cceprint: [_ZN8cceprint8vscatterEPjPtm] -> 0xe7fff3f4b7c0
cceprint: [_ZN8cceprint8vscatterEPjPtjb] -> 0xe7fff3f4b8c8
cceprint: [_ZN8cceprint8vscatterEPjS0_m] -> 0xe7fff3f4ba00
cceprint: [_ZN8cceprint8vscatterEPjS0_jb] -> 0xe7fff3f4bb08
cceprint: [_ZN8cceprint4vselEPN7float165Fp16TES2_S2_m] -> 0xe7fff3f4bc40
cceprint: [_ZN8cceprint4vselEPN7float165Fp16TES2_Pvm] -> 0xe7fff3f4bd84
cceprint: [_ZN8cceprint4vselEPN7float165Fp16TES2_Pvhhhhhhh] -> 0xe7fff3f4bec8
cceprint: [_ZN8cceprint4vselEPN7float165Fp16TES2_Pvhhhhhhhhbb] -> 0xe7fff3f4c1b4
cceprint: [_ZN8cceprint4vselEPN7float165Fp16TES2_Pvhhhhhhhh] -> 0xe7fff3f4c554
cceprint: [_ZN8cceprint4vselEPN7float165Fp16TES2_S2_hhhhhhh] -> 0xe7fff3f4c884
cceprint: [_ZN8cceprint4vselEPN7float165Fp16TES2_S2_hhhhhhhhbb] -> 0xe7fff3f4cb70
cceprint: [_ZN8cceprint4vselEPN7float165Fp16TES2_S2_hhhhhhhh] -> 0xe7fff3f4cf10
cceprint: [_ZN8cceprint4vselEPfS0_S0_m] -> 0xe7fff3f4d240
cceprint: [_ZN8cceprint4vselEPfS0_Pvm] -> 0xe7fff3f4d384
cceprint: [_ZN8cceprint4vselEPfS0_Pvhhhhhhh] -> 0xe7fff3f4d4c8
cceprint: [_ZN8cceprint4vselEPfS0_Pvhhhhhhhhbb] -> 0xe7fff3f4d7b4
cceprint: [_ZN8cceprint4vselEPfS0_Pvhhhhhhhh] -> 0xe7fff3f4db54
cceprint: [_ZN8cceprint4vselEPfS0_S0_hhhhhhh] -> 0xe7fff3f4de84
cceprint: [_ZN8cceprint4vselEPfS0_S0_hhhhhhhhbb] -> 0xe7fff3f4e170
cceprint: [_ZN8cceprint4vselEPfS0_S0_hhhhhhhh] -> 0xe7fff3f4e510
cceprint: [_ZN8cceprint4vshlEPsS0_jm] -> 0xe7fff3f4e840
cceprint: [_ZN8cceprint4vshlEPsS0_jhtthh] -> 0xe7fff3f4e984
cceprint: [_ZN8cceprint4vshlEPsS0_jhtthhbb] -> 0xe7fff3f4ebd0
cceprint: [_ZN8cceprint4vshlEPsS0_jhtttt] -> 0xe7fff3f4ee8c
cceprint: [_ZN8cceprint4vshlEPiS0_jm] -> 0xe7fff3f4f0c0
cceprint: [_ZN8cceprint4vshlEPiS0_jhtthh] -> 0xe7fff3f4f204
cceprint: [_ZN8cceprint4vshlEPiS0_jhtthhbb] -> 0xe7fff3f4f450
cceprint: [_ZN8cceprint4vshlEPiS0_jhtttt] -> 0xe7fff3f4f70c
cceprint: [_ZN8cceprint4vshlEPtS0_jm] -> 0xe7fff3f4f940
cceprint: [_ZN8cceprint4vshlEPtS0_jhtthh] -> 0xe7fff3f4fa84
cceprint: [_ZN8cceprint4vshlEPtS0_jhtthhbb] -> 0xe7fff3f4fcd0
cceprint: [_ZN8cceprint4vshlEPtS0_jhtttt] -> 0xe7fff3f4ff8c
cceprint: [_ZN8cceprint4vshlEPjS0_jm] -> 0xe7fff3f501c0
cceprint: [_ZN8cceprint4vshlEPjS0_jhtthh] -> 0xe7fff3f50304
cceprint: [_ZN8cceprint4vshlEPjS0_jhtthhbb] -> 0xe7fff3f50550
cceprint: [_ZN8cceprint4vshlEPjS0_jhtttt] -> 0xe7fff3f5080c
cceprint: [_ZN8cceprint4vshrEPsS0_imb] -> 0xe7fff3f50a40
cceprint: [_ZN8cceprint4vshrEPsS0_ihtthhbbb] -> 0xe7fff3f50bc0
cceprint: [_ZN8cceprint4vshrEPsS0_ihttttb] -> 0xe7fff3f50eb4
cceprint: [_ZN8cceprint4vshrEPiS0_imb] -> 0xe7fff3f51120
cceprint: [_ZN8cceprint4vshrEPiS0_ihtthhbbb] -> 0xe7fff3f512a0
cceprint: [_ZN8cceprint4vshrEPiS0_ihttttb] -> 0xe7fff3f51594
cceprint: [_ZN8cceprint4vshrEPtS0_jmb] -> 0xe7fff3f51800
cceprint: [_ZN8cceprint4vshrEPtS0_jhtthhbbb] -> 0xe7fff3f51980
cceprint: [_ZN8cceprint4vshrEPtS0_jhttttb] -> 0xe7fff3f51c74
cceprint: [_ZN8cceprint4vshrEPjS0_jmb] -> 0xe7fff3f51ee0
cceprint: [_ZN8cceprint4vshrEPjS0_jhtthhbbb] -> 0xe7fff3f52060
cceprint: [_ZN8cceprint4vshrEPjS0_jhttttb] -> 0xe7fff3f52354
cceprint: [_ZN8cceprint5vsortEPN7float165Fp16TES2_m] -> 0xe7fff3f525c0
cceprint: [_ZN8cceprint5vsortEPN7float165Fp16TES2_h] -> 0xe7fff3f526c8
cceprint: [_ZN8cceprint5vsortEPfS0_m] -> 0xe7fff3f527d0
cceprint: [_ZN8cceprint5vsortEPfS0_h] -> 0xe7fff3f528d8
cceprint: [_ZN8cceprint5vsqrtEPN7float165Fp16TES2_m] -> 0xe7fff3f529e0
cceprint: [_ZN8cceprint5vsqrtEPN7float165Fp16TES2_htthh] -> 0xe7fff3f52ae8
cceprint: [_ZN8cceprint5vsqrtEPN7float165Fp16TES2_htthhbb] -> 0xe7fff3f52cf8
cceprint: [_ZN8cceprint5vsqrtEPN7float165Fp16TES2_htttt] -> 0xe7fff3f52f7c
cceprint: [_ZN8cceprint5vsqrtEPfS0_m] -> 0xe7fff3f53174
cceprint: [_ZN8cceprint5vsqrtEPfS0_htthh] -> 0xe7fff3f5327c
cceprint: [_ZN8cceprint5vsqrtEPfS0_htthhbb] -> 0xe7fff3f5348c
cceprint: [_ZN8cceprint5vsqrtEPfS0_htttt] -> 0xe7fff3f53710
cceprint: [_ZN8cceprint4vsubEPN7float165Fp16TES2_S2_m] -> 0xe7fff3f53908
cceprint: [_ZN8cceprint4vsubEPN7float165Fp16TES2_S2_hhhhhhh] -> 0xe7fff3f53a4c
cceprint: [_ZN8cceprint4vsubEPN7float165Fp16TES2_S2_hhhhhhhbb] -> 0xe7fff3f53d38
cceprint: [_ZN8cceprint4vsubEPfS0_S0_m] -> 0xe7fff3f54094
cceprint: [_ZN8cceprint4vsubEPfS0_S0_hhhhhhh] -> 0xe7fff3f541d8
cceprint: [_ZN8cceprint4vsubEPfS0_S0_hhhhhhhbb] -> 0xe7fff3f544c4
cceprint: [_ZN8cceprint4vsubEPsS0_S0_m] -> 0xe7fff3f54820
cceprint: [_ZN8cceprint4vsubEPsS0_S0_hhhhhhh] -> 0xe7fff3f54964
cceprint: [_ZN8cceprint4vsubEPsS0_S0_hhhhhhhbb] -> 0xe7fff3f54c50
cceprint: [_ZN8cceprint4vsubEPiS0_S0_m] -> 0xe7fff3f54fac
cceprint: [_ZN8cceprint4vsubEPiS0_S0_hhhhhhh] -> 0xe7fff3f550f0
cceprint: [_ZN8cceprint4vsubEPiS0_S0_hhhhhhhbb] -> 0xe7fff3f553dc
cceprint: [_ZN8cceprint8vsubreluEPN7float165Fp16TES2_S2_m] -> 0xe7fff3f55738
cceprint: [_ZN8cceprint8vsubreluEPN7float165Fp16TES2_S2_hhhhhhhbb] -> 0xe7fff3f5587c
cceprint: [_ZN8cceprint8vsubreluEPN7float165Fp16TES2_S2_hhhhhhh] -> 0xe7fff3f55bd8
cceprint: [_ZN8cceprint8vsubreluEPfS0_S0_m] -> 0xe7fff3f55ec4
cceprint: [_ZN8cceprint8vsubreluEPfS0_S0_hhhhhhhbb] -> 0xe7fff3f56008
cceprint: [_ZN8cceprint8vsubreluEPfS0_S0_hhhhhhh] -> 0xe7fff3f56364
cceprint: [_ZN8cceprint8vsubreluEPsS0_S0_m] -> 0xe7fff3f56650
cceprint: [_ZN8cceprint8vsubreluEPsS0_S0_hhhhhhhbb] -> 0xe7fff3f56794
cceprint: [_ZN8cceprint8vsubreluEPsS0_S0_hhhhhhh] -> 0xe7fff3f56af0
cceprint: [_ZN8cceprint19vsubreluconv_f162s8EPaPN7float165Fp16TES3_mb] -> 0xe7fff3f56ddc
cceprint: [_ZN8cceprint19vsubreluconv_f162s8EPaPN7float165Fp16TES3_hhhhhhhbbb] -> 0xe7fff3f56f5c
cceprint: [_ZN8cceprint19vsubreluconv_f162s8EPaPN7float165Fp16TES3_hhhhhhhb] -> 0xe7fff3f572f0
cceprint: [_ZN8cceprint20vsubreluconv_f322f16EPN7float165Fp16TEPfS3_mb] -> 0xe7fff3f57614
cceprint: [_ZN8cceprint20vsubreluconv_f322f16EPN7float165Fp16TEPfS3_hhhhhhhbbb] -> 0xe7fff3f57794
cceprint: [_ZN8cceprint20vsubreluconv_f322f16EPN7float165Fp16TEPfS3_hhhhhhhb] -> 0xe7fff3f57b28
cceprint: [_ZN8cceprint19vsubreluconv_s162s8EPaPsS1_mb] -> 0xe7fff3f57e4c
cceprint: [_ZN8cceprint19vsubreluconv_s162s8EPaPsS1_hhhhhhhbbb] -> 0xe7fff3f57fcc
cceprint: [_ZN8cceprint19vsubreluconv_s162s8EPaPsS1_hhhhhhhb] -> 0xe7fff3f58360
cceprint: [_ZN8cceprint23vsubreluconv_vdeqs162b8EPaPsS1_mb] -> 0xe7fff3f58684
cceprint: [_ZN8cceprint23vsubreluconv_vdeqs162b8EPhPsS1_mb] -> 0xe7fff3f58804
cceprint: [_ZN8cceprint23vsubreluconv_vdeqs162b8EPhPsS1_hhhhhhhbbb] -> 0xe7fff3f58984
cceprint: [_ZN8cceprint23vsubreluconv_vdeqs162b8EPhPsS1_hhhhhhhb] -> 0xe7fff3f58d18
cceprint: [_ZN8cceprint23vsubreluconv_vdeqs162b8EPaPsS1_hhhhhhhbbb] -> 0xe7fff3f5903c
cceprint: [_ZN8cceprint23vsubreluconv_vdeqs162b8EPaPsS1_hhhhhhhb] -> 0xe7fff3f593d0
cceprint: [_ZN8cceprint10vtransposeEPsS0_] -> 0xe7fff3f596f4
cceprint: [_ZN8cceprint10vtransposeEPtS0_] -> 0xe7fff3f597b4
cceprint: [_ZN8cceprint9wait_flagE6pipe_tS0_7event_t] -> 0xe7fff3f59874
cceprint: [_ZN8cceprint9wait_flagE6pipe_t7event_t] -> 0xe7fff3f599a4
cceprint: [_ZN8cceprint9wait_flagE6pipe_tS0_m] -> 0xe7fff3f59a88
cceprint: [_ZN8cceprint9wait_flagE6pipe_tm] -> 0xe7fff3f59bb8
cceprint: [_ZN8cceprint13wait_flag_devEl] -> 0xe7fff3f59c9c
cceprint: [_ZN8cceprint13winograd_convEPiPsPam] -> 0xe7fff3f59d20
cceprint: [_ZN8cceprint13winograd_convEPiPsPattthhhb] -> 0xe7fff3f59e64
cceprint: [_ZN8cceprint13winograd_convEPiPaS1_m] -> 0xe7fff3f5a120
cceprint: [_ZN8cceprint13winograd_convEPiPaS1_ttthhhb] -> 0xe7fff3f5a264
cceprint: [_ZN8cceprint13get_workspaceEi] -> (nil)
cceprint: [_ZN8cceprint13set_core_typeEi] -> (nil)
cceprint: [_ZN8cceprint15get_process_numEv] -> (nil)
cceprint: [_ZN8cceprint13set_block_dimEi] -> (nil)
cceprint: [_ZN8cceprint18AscendCKernelBeginEPKciPm] -> 0xe7fff3f5aea4
cceprint: [_ZN8cceprint16AscendCKernelEndEPKciPm] -> (nil)
cceprint: [_ZN8cceprint17AscendCBlockBeginEiPKciPKm] -> 0xe7fff3f5afb8
cceprint: [_ZN8cceprint15AscendCBlockEndEiPKciPKm] -> 0xe7fff3f5b484
cceprint: [_ZN8cceprint22AscendCEnInterruptExitEv] -> (nil)
cceprint: [_ZN8cceprint16AscendCQueCreateEhhh] -> (nil)
cceprint: [_ZN8cceprint14AscendCBufInitEhhhmm] -> (nil)
cceprint: [_ZN8cceprint15AscendCBufAllocEhhmm] -> (nil)
cceprint: [_ZN8cceprint14AscendCBufFreeEhhmm] -> (nil)
cceprint: [_ZN8cceprint15AscendCBufEnqueEhhhm] -> (nil)
cceprint: [_ZN8cceprint15AscendCBufDequeEhhhm] -> (nil)
cceprint: [_ZN8cceprint17AscendCBufAbsAddrEhmm] -> (nil)
cceprint: [_ZN8cceprint13AscendCBufGetEhhmm] -> (nil)
cceprint: [_ZN8cceprint19AscendCTBufPoolInitEhmmm] -> (nil)
cceprint: [_ZN8cceprint27AscendCUpdateTbufPoolStatusEmb] -> (nil)
cceprint: [_ZN8cceprint26AscendCRecordPoolHierarchyEmm] -> (nil)
cceprint: [_ZN8cceprint25AscendCTBufPoolResetCheckEhmmm] -> (nil)
cceprint: [_ZN8cceprint12batch_offsetEmm] -> 0xe7fff3f5a520
cceprint: [_ZN8cceprint12wait_and_setEPvS0_mm] -> 0xe7fff3f5a5f8
cceprint: [_ZN8cceprint9wait_syncEPvS0_S0_] -> 0xe7fff3f5a7c0
cceprint: [_ZN8cceprint11set_tensoraEPvS0_] -> 0xe7fff3f5a968
cceprint: [_ZN8cceprint11set_tensorbEPv] -> 0xe7fff3f5aa28
cceprint: [_ZN8cceprint11get_tensorcEPv] -> 0xe7fff3f5aaac
cceprint: [_ZN8cceprint13__ib_set_stubEiib] -> 0xe7fff3f5ab30
cceprint: [_ZN8cceprint14__ib_wait_stubEiib] -> 0xe7fff3f5ac2c
cceprint: [_ZN8cceprint15__sync_all_stubEib] -> 0xe7fff3f5ad28
npuchk: [_ZN6npuchk5bcnt0Em] -> (nil)
npuchk: [_ZN6npuchk5bcnt1Em] -> (nil)
npuchk: [_ZN6npuchk18broadcast_ub_to_ccEPN7float165Fp16TES2_m] -> 0xe7fff3cacff8
npuchk: [_ZN6npuchk18broadcast_ub_to_ccEPN7float165Fp16TES2_hhhh] -> 0xe7fff3cad274
npuchk: [_ZN6npuchk18broadcast_ub_to_ccEPN7float165Fp16TES2_hhhhb] -> 0xe7fff3cad5f8
npuchk: [_ZN6npuchk18broadcast_ub_to_ccEPfS0_m] -> 0xe7fff3cad9c4
npuchk: [_ZN6npuchk18broadcast_ub_to_ccEPfS0_hhhh] -> 0xe7fff3cadc44
npuchk: [_ZN6npuchk18broadcast_ub_to_ccEPfS0_hhhhb] -> 0xe7fff3cadfcc
npuchk: [_ZN6npuchk18broadcast_ub_to_ccEPfPN7float165Fp16TEm] -> 0xe7fff3cae39c
npuchk: [_ZN6npuchk18broadcast_ub_to_ccEPfPN7float165Fp16TEhhhh] -> 0xe7fff3cae61c
npuchk: [_ZN6npuchk18broadcast_ub_to_ccEPfPN7float165Fp16TEhhhhb] -> 0xe7fff3cae9a4
npuchk: [_ZN6npuchk18broadcast_ub_to_ccEPiS0_m] -> 0xe7fff3caed74
npuchk: [_ZN6npuchk18broadcast_ub_to_ccEPiS0_hhhh] -> 0xe7fff3caeff4
npuchk: [_ZN6npuchk18broadcast_ub_to_ccEPiS0_hhhhb] -> 0xe7fff3caf37c
npuchk: [_ZN6npuchk3clzEm] -> (nil)
npuchk: [_ZN6npuchk7col2imgEPN7float165Fp16TES2_mm] -> 0xe7fff3caf74c
npuchk: [_ZN6npuchk7col2imgEPN7float165Fp16TES2_shhshhhhhhhb] -> 0xe7fff3cafa24
npuchk: [_ZN6npuchk7col2imgEPfS0_mm] -> 0xe7fff3cb0024
npuchk: [_ZN6npuchk7col2imgEPfS0_shhshhhhhhhb] -> 0xe7fff3cb02f8
npuchk: [_ZN6npuchk17compress_ub_to_gmEPhS0_S0_l] -> 0xe7fff3cb08f4
npuchk: [_ZN6npuchk17compress_ub_to_gmEPhS0_S0_tbhh] -> 0xe7fff3cb0bd0
npuchk: [_ZN6npuchk17compress_ub_to_gmEPN7float165Fp16TES2_S2_l] -> 0xe7fff3cb0f9c
npuchk: [_ZN6npuchk17compress_ub_to_gmEPN7float165Fp16TES2_S2_tbhh] -> 0xe7fff3cb127c
npuchk: [_ZN6npuchk13conv_f322f16oEf] -> (nil)
npuchk: [_ZN6npuchk13conv_f322s32aEf] -> (nil)
npuchk: [_ZN6npuchk13conv_f322s32cEf] -> (nil)
npuchk: [_ZN6npuchk13conv_f322s32fEf] -> (nil)
npuchk: [_ZN6npuchk13conv_f322s32rEf] -> (nil)
npuchk: [_ZN6npuchk15copy_cbuf_to_btEmPvm] -> 0xe7fff3bb930c
npuchk: [_ZN6npuchk15copy_cbuf_to_btEmPvttttt] -> 0xe7fff3bb9594
npuchk: [_ZN6npuchk17copy_cbuf_to_fbufEPvS0_m] -> 0xe7fff3bb9940
npuchk: [_ZN6npuchk17copy_cbuf_to_fbufEPvS0_tttt] -> 0xe7fff3bb9bc4
npuchk: [_ZN6npuchk15copy_cbuf_to_gmEPvS0_m] -> 0xe7fff3bb9f24
npuchk: [_ZN6npuchk15copy_cbuf_to_gmEPvS0_htttt] -> 0xe7fff3bba1ac
npuchk: [_ZN6npuchk21copy_cbuf_to_gm_alignEPN7float165Fp16TES2_htjjj] -> (nil)
npuchk: [_ZN6npuchk21copy_cbuf_to_gm_alignEPfS0_htjjj] -> (nil)
npuchk: [_ZN6npuchk21copy_cbuf_to_gm_alignEPsS0_htjjj] -> (nil)
npuchk: [_ZN6npuchk21copy_cbuf_to_gm_alignEPiS0_htjjj] -> (nil)
npuchk: [_ZN6npuchk21copy_cbuf_to_gm_alignEPaS0_htjjj] -> (nil)
npuchk: [_ZN6npuchk21copy_cbuf_to_gm_alignEPtS0_htjjj] -> (nil)
npuchk: [_ZN6npuchk21copy_cbuf_to_gm_alignEPjS0_htjjj] -> (nil)
npuchk: [_ZN6npuchk21copy_cbuf_to_gm_alignEPhS0_htjjj] -> (nil)
npuchk: [_ZN6npuchk17copy_cbuf_to_ubufEPvS0_m] -> 0xe7fff3cb164c
npuchk: [_ZN6npuchk17copy_cbuf_to_ubufEPvS0_htttt] -> 0xe7fff3cb18d4
npuchk: [_ZN6npuchk25copy_depthwise_cc_to_ubufEPN7float165Fp16TES2_m10ConvRelu_t] -> 0xe7fff3cb1c88
npuchk: [_ZN6npuchk25copy_depthwise_cc_to_ubufEPN7float165Fp16TES2_htttt10ConvRelu_t] -> 0xe7fff3cb1fac
npuchk: [_ZN6npuchk25copy_depthwise_cc_to_ubufEPfPN7float165Fp16TEm10ConvRelu_t] -> 0xe7fff3cb23fc
npuchk: [_ZN6npuchk25copy_depthwise_cc_to_ubufEPfPN7float165Fp16TEhtttt10ConvRelu_t] -> 0xe7fff3cb2720
npuchk: [_ZN6npuchk25copy_depthwise_cc_to_ubufEPN7float165Fp16TEPfm10ConvRelu_t] -> 0xe7fff3cb2b70
npuchk: [_ZN6npuchk25copy_depthwise_cc_to_ubufEPN7float165Fp16TEPfhtttt10ConvRelu_t] -> 0xe7fff3cb2e94
npuchk: [_ZN6npuchk25copy_depthwise_cc_to_ubufEPfS0_m10ConvRelu_t] -> 0xe7fff3cb32e4
npuchk: [_ZN6npuchk25copy_depthwise_cc_to_ubufEPfS0_htttt10ConvRelu_t] -> 0xe7fff3cb3608
npuchk: [_ZN6npuchk15copy_gm_to_cbufEPvS0_m5pad_t] -> 0xe7fff3bba560
npuchk: [_ZN6npuchk15copy_gm_to_cbufEPvS0_htttt5pad_t] -> 0xe7fff3bba858
npuchk: [_ZN6npuchk31copy_gm_to_cbuf_multi_nd2nz_b16EPN7float165Fp16TES2_mm] -> 0xe7fff3bbac7c
npuchk: [_ZN6npuchk31copy_gm_to_cbuf_multi_nd2nz_b16EPN7float165Fp16TES2_htttttttt] -> 0xe7fff3bbaf5c
npuchk: [_ZN6npuchk31copy_gm_to_cbuf_multi_nd2nz_b16EPN8bfloat165Bf16TES2_mm] -> 0xe7fff3bbb434
npuchk: [_ZN6npuchk31copy_gm_to_cbuf_multi_nd2nz_b16EPN8bfloat165Bf16TES2_htttttttt] -> 0xe7fff3bbb714
npuchk: [_ZN6npuchk31copy_gm_to_cbuf_multi_nd2nz_b16EPsS0_mm] -> 0xe7fff3bbbbec
npuchk: [_ZN6npuchk31copy_gm_to_cbuf_multi_nd2nz_b16EPsS0_htttttttt] -> 0xe7fff3bbbecc
npuchk: [_ZN6npuchk31copy_gm_to_cbuf_multi_nd2nz_b16EPtS0_mm] -> 0xe7fff3bbc3a4
npuchk: [_ZN6npuchk31copy_gm_to_cbuf_multi_nd2nz_b16EPtS0_htttttttt] -> 0xe7fff3bbc684
npuchk: [_ZN6npuchk32copy_gm_to_cbuf_multi_nd2nz_b32sEPfS0_mm] -> 0xe7fff3bbcb5c
npuchk: [_ZN6npuchk32copy_gm_to_cbuf_multi_nd2nz_b32sEPfS0_htttttttt] -> 0xe7fff3bbce3c
npuchk: [_ZN6npuchk32copy_gm_to_cbuf_multi_nd2nz_b32sEPiS0_mm] -> 0xe7fff3bbd314
npuchk: [_ZN6npuchk32copy_gm_to_cbuf_multi_nd2nz_b32sEPiS0_htttttttt] -> 0xe7fff3bbd5f4
npuchk: [_ZN6npuchk32copy_gm_to_cbuf_multi_nd2nz_b32sEPjS0_mm] -> 0xe7fff3bbdacc
npuchk: [_ZN6npuchk32copy_gm_to_cbuf_multi_nd2nz_b32sEPjS0_htttttttt] -> 0xe7fff3bbddac
npuchk: [_ZN6npuchk30copy_gm_to_cbuf_multi_nd2nz_b8EPaS0_mm] -> 0xe7fff3bbe284
npuchk: [_ZN6npuchk30copy_gm_to_cbuf_multi_nd2nz_b8EPaS0_htttttttt] -> 0xe7fff3bbe560
npuchk: [_ZN6npuchk30copy_gm_to_cbuf_multi_nd2nz_b8EPhS0_mm] -> 0xe7fff3bbea34
npuchk: [_ZN6npuchk30copy_gm_to_cbuf_multi_nd2nz_b8EPhS0_htttttttt] -> 0xe7fff3bbed10
npuchk: [_ZN6npuchk15copy_gm_to_ubufEPvS0_m] -> 0xe7fff3c14a50
npuchk: [_ZN6npuchk15copy_gm_to_ubufEPvS0_htttt] -> 0xe7fff3c14cd8
npuchk: [_ZN6npuchk25copy_gm_to_ubuf_align_b16EPvS0_mm] -> 0xe7fff3c1508c
npuchk: [_ZN6npuchk25copy_gm_to_ubuf_align_b16EPvS0_htjhhjj] -> 0xe7fff3c1536c
npuchk: [_ZN6npuchk25copy_gm_to_ubuf_align_b32EPvS0_mm] -> 0xe7fff3c157d4
npuchk: [_ZN6npuchk25copy_gm_to_ubuf_align_b32EPvS0_htjhhjj] -> 0xe7fff3c15ab4
npuchk: [_ZN6npuchk24copy_gm_to_ubuf_align_b8EPvS0_mm] -> 0xe7fff3c15f1c
npuchk: [_ZN6npuchk24copy_gm_to_ubuf_align_b8EPvS0_htjhhjj] -> 0xe7fff3c161f8
npuchk: [_ZN6npuchk21copy_gm_to_ubuf_alignEPaS0_htjhhjj] -> (nil)
npuchk: [_ZN6npuchk21copy_gm_to_ubuf_alignEPhS0_htjhhjj] -> (nil)
npuchk: [_ZN6npuchk21copy_gm_to_ubuf_alignEPsS0_htjhhjj] -> (nil)
npuchk: [_ZN6npuchk21copy_gm_to_ubuf_alignEPtS0_htjhhjj] -> (nil)
npuchk: [_ZN6npuchk21copy_gm_to_ubuf_alignEPN7float165Fp16TES2_htjhhjj] -> (nil)
npuchk: [_ZN6npuchk21copy_gm_to_ubuf_alignEPiS0_htjhhjj] -> (nil)
npuchk: [_ZN6npuchk21copy_gm_to_ubuf_alignEPjS0_htjhhjj] -> (nil)
npuchk: [_ZN6npuchk21copy_gm_to_ubuf_alignEPfS0_htjhhjj] -> (nil)
npuchk: [_ZN6npuchk21copy_gm_to_cbuf_alignEPaS0_htjhhjj] -> (nil)
npuchk: [_ZN6npuchk21copy_gm_to_cbuf_alignEPhS0_htjhhjj] -> (nil)
npuchk: [_ZN6npuchk21copy_gm_to_cbuf_alignEPsS0_htjhhjj] -> (nil)
npuchk: [_ZN6npuchk21copy_gm_to_cbuf_alignEPtS0_htjhhjj] -> (nil)
npuchk: [_ZN6npuchk21copy_gm_to_cbuf_alignEPN7float165Fp16TES2_htjhhjj] -> (nil)
npuchk: [_ZN6npuchk21copy_gm_to_cbuf_alignEPiS0_htjhhjj] -> (nil)
npuchk: [_ZN6npuchk21copy_gm_to_cbuf_alignEPjS0_htjhhjj] -> (nil)
npuchk: [_ZN6npuchk21copy_gm_to_cbuf_alignEPfS0_htjhhjj] -> (nil)
npuchk: [_ZN6npuchk23copy_gm_to_ubuf_pad_b16EPvS0_mm] -> (nil)
npuchk: [_ZN6npuchk23copy_gm_to_ubuf_pad_b16EPvS0_htttthh] -> (nil)
npuchk: [_ZN6npuchk23copy_gm_to_ubuf_pad_b32EPvS0_mm] -> (nil)
npuchk: [_ZN6npuchk23copy_gm_to_ubuf_pad_b32EPvS0_htttthh] -> (nil)
npuchk: [_ZN6npuchk22copy_gm_to_ubuf_pad_b8EPvS0_mm] -> (nil)
npuchk: [_ZN6npuchk22copy_gm_to_ubuf_pad_b8EPvS0_htttthh] -> (nil)
npuchk: [_ZN6npuchk22copy_matrix_cbuf_to_ccEPN7float165Fp16TES2_m] -> 0xe7fff3bbf1e4
npuchk: [_ZN6npuchk22copy_matrix_cbuf_to_ccEPN7float165Fp16TES2_tttt] -> 0xe7fff3bbf468
npuchk: [_ZN6npuchk22copy_matrix_cbuf_to_ccEPN7float165Fp16TEPfm] -> 0xe7fff3bbf7c8
npuchk: [_ZN6npuchk22copy_matrix_cbuf_to_ccEPN7float165Fp16TEPftttt] -> 0xe7fff3bbfa50
npuchk: [_ZN6npuchk22copy_matrix_cbuf_to_ccEPN8bfloat165Bf16TES2_m] -> 0xe7fff3bbfdb4
npuchk: [_ZN6npuchk22copy_matrix_cbuf_to_ccEPN8bfloat165Bf16TES2_tttt] -> 0xe7fff3bc0038
npuchk: [_ZN6npuchk22copy_matrix_cbuf_to_ccEPN8bfloat165Bf16TEPfm] -> 0xe7fff3bc0398
npuchk: [_ZN6npuchk22copy_matrix_cbuf_to_ccEPN8bfloat165Bf16TEPftttt] -> 0xe7fff3bc0620
npuchk: [_ZN6npuchk22copy_matrix_cbuf_to_ccEPfS0_m] -> 0xe7fff3bc0984
npuchk: [_ZN6npuchk22copy_matrix_cbuf_to_ccEPfS0_tttt] -> 0xe7fff3bc0c0c
npuchk: [_ZN6npuchk22copy_matrix_cbuf_to_ccEPiS0_m] -> 0xe7fff3bc0f70
npuchk: [_ZN6npuchk22copy_matrix_cbuf_to_ccEPiS0_tttt] -> 0xe7fff3bc11f8
npuchk: [_ZN6npuchk22copy_matrix_cbuf_to_ccEPjS0_m] -> 0xe7fff3bc155c
npuchk: [_ZN6npuchk22copy_matrix_cbuf_to_ccEPjS0_tttt] -> 0xe7fff3bc17e4
npuchk: [_ZN6npuchk22copy_matrix_cc_to_cbufEPN7float165Fp16TEPfmm] -> 0xe7fff3bc1b48
npuchk: [_ZN6npuchk22copy_matrix_cc_to_cbufEPN7float165Fp16TEPfhttjthh11QuantMode_thbbb] -> (nil)
npuchk: [_ZN6npuchk22copy_matrix_cc_to_cbufEPN7float165Fp16TEPfhttjthh11QuantMode_thbb14QuantMode_posthbhhb] -> (nil)
npuchk: [_ZN6npuchk22copy_matrix_cc_to_cbufEPN7float165Fp16TEPfhttjth11QuantMode_thbb] -> 0xe7fff3bc1e1c
npuchk: [_ZN6npuchk22copy_matrix_cc_to_cbufEPN8bfloat165Bf16TEPfhttjth11QuantMode_thbb] -> 0xe7fff3bc2350
npuchk: [_ZN6npuchk22copy_matrix_cc_to_cbufEPN8bfloat165Bf16TEPfhttjthh11QuantMode_thbbb] -> (nil)
npuchk: [_ZN6npuchk22copy_matrix_cc_to_cbufEPfS0_mm] -> 0xe7fff3bc2884
npuchk: [_ZN6npuchk22copy_matrix_cc_to_cbufEPaPfmm] -> 0xe7fff3bc2b58
npuchk: [_ZN6npuchk22copy_matrix_cc_to_cbufEPaPfhttjthh11QuantMode_thbbb] -> (nil)
npuchk: [_ZN6npuchk22copy_matrix_cc_to_cbufEPaPfhttjthh11QuantMode_thbb14QuantMode_posthbhhb] -> (nil)
npuchk: [_ZN6npuchk22copy_matrix_cc_to_cbufEPaPfhttjth11QuantMode_thbb] -> 0xe7fff3bc2e2c
npuchk: [_ZN6npuchk22copy_matrix_cc_to_cbufEPhPfmm] -> (nil)
npuchk: [_ZN6npuchk22copy_matrix_cc_to_cbufEPhPfhttjthh11QuantMode_thbbb] -> (nil)
npuchk: [_ZN6npuchk22copy_matrix_cc_to_cbufEPhPfhttjthh11QuantMode_thbb14QuantMode_posthbhhb] -> (nil)
npuchk: [_ZN6npuchk22copy_matrix_cc_to_cbufEPfS0_httjthh11QuantMode_thbbb] -> (nil)
npuchk: [_ZN6npuchk22copy_matrix_cc_to_cbufEPfS0_httjthh11QuantMode_thbb14QuantMode_posthbhhb] -> (nil)
npuchk: [_ZN6npuchk22copy_matrix_cc_to_cbufEPiS0_mm] -> 0xe7fff3bc3894
npuchk: [_ZN6npuchk22copy_matrix_cc_to_cbufEPN7float165Fp16TEPimm] -> 0xe7fff3bc3b6c
npuchk: [_ZN6npuchk22copy_matrix_cc_to_cbufEPN7float165Fp16TEPihttjthh11QuantMode_thbbb] -> (nil)
npuchk: [_ZN6npuchk22copy_matrix_cc_to_cbufEPN7float165Fp16TEPihttjthh11QuantMode_thbb14QuantMode_posthbhhb] -> (nil)
npuchk: [_ZN6npuchk22copy_matrix_cc_to_cbufEPN7float165Fp16TEPihttjth11QuantMode_thbb] -> 0xe7fff3bc3e44
npuchk: [_ZN6npuchk22copy_matrix_cc_to_cbufEPsPimm] -> 0xe7fff3bc437c
npuchk: [_ZN6npuchk22copy_matrix_cc_to_cbufEPsPihttjth11QuantMode_thbb] -> 0xe7fff3bc4654
npuchk: [_ZN6npuchk22copy_matrix_cc_to_cbufEPaPimm] -> 0xe7fff3bc4b8c
npuchk: [_ZN6npuchk22copy_matrix_cc_to_cbufEPaPihttjthh11QuantMode_thbbb] -> (nil)
npuchk: [_ZN6npuchk22copy_matrix_cc_to_cbufEPaPihttjthh11QuantMode_thbb14QuantMode_posthbhhb] -> (nil)
npuchk: [_ZN6npuchk22copy_matrix_cc_to_cbufEPaPihttjth11QuantMode_thbb] -> 0xe7fff3bc4e64
npuchk: [_ZN6npuchk22copy_matrix_cc_to_cbufEPhPimm] -> 0xe7fff3bc539c
npuchk: [_ZN6npuchk22copy_matrix_cc_to_cbufEPhPihttjthh11QuantMode_thbbb] -> (nil)
npuchk: [_ZN6npuchk22copy_matrix_cc_to_cbufEPhPihttjthh11QuantMode_thbb14QuantMode_posthbhhb] -> (nil)
npuchk: [_ZN6npuchk22copy_matrix_cc_to_cbufEPhPihttjth11QuantMode_thbb] -> 0xe7fff3bc5674
npuchk: [_ZN6npuchk22copy_matrix_cc_to_cbufEPiS0_httjthh11QuantMode_thbbb] -> (nil)
npuchk: [_ZN6npuchk22copy_matrix_cc_to_cbufEPiS0_httjthh11QuantMode_thbb14QuantMode_posthbhhb] -> (nil)
npuchk: [_ZN6npuchk25copy_matrix_cc_to_cbuf_b4EPvPfmm] -> 0xe7fff3bc60e4
npuchk: [_ZN6npuchk25copy_matrix_cc_to_cbuf_b4EPvPfhttjth11QuantMode_thbb] -> 0xe7fff3bc63b8
npuchk: [_ZN6npuchk25copy_matrix_cc_to_cbuf_b4EPvPimm] -> 0xe7fff3bc68ec
npuchk: [_ZN6npuchk25copy_matrix_cc_to_cbuf_b4EPvPihttjth11QuantMode_thbb] -> 0xe7fff3bc6bc4
npuchk: [_ZN6npuchk27copy_matrix_cc_to_cbuf_bf16EPtPfmm] -> (nil)
npuchk: [_ZN6npuchk27copy_matrix_cc_to_cbuf_bf16EPtPfhttjthh11QuantMode_thbbb] -> (nil)
npuchk: [_ZN6npuchk27copy_matrix_cc_to_cbuf_bf16EPtPfhttjthh11QuantMode_thbb14QuantMode_posthbhhb] -> (nil)
npuchk: [_ZN6npuchk27copy_matrix_cc_to_cbuf_bf16EPtPfhttjth11QuantMode_thbb] -> (nil)
npuchk: [_ZN6npuchk25copy_matrix_cc_to_cbuf_s4EPvPfmm] -> (nil)
npuchk: [_ZN6npuchk25copy_matrix_cc_to_cbuf_s4EPvPfhttjthh11QuantMode_thbbb] -> (nil)
npuchk: [_ZN6npuchk25copy_matrix_cc_to_cbuf_s4EPvPfhttjthh11QuantMode_thbb14QuantMode_posthbhhb] -> (nil)
npuchk: [_ZN6npuchk25copy_matrix_cc_to_cbuf_s4EPvPimm] -> (nil)
npuchk: [_ZN6npuchk25copy_matrix_cc_to_cbuf_s4EPvPihttjthh11QuantMode_thbbb] -> (nil)
npuchk: [_ZN6npuchk25copy_matrix_cc_to_cbuf_s4EPvPihttjthh11QuantMode_thbb14QuantMode_posthbhhb] -> (nil)
npuchk: [_ZN6npuchk20copy_matrix_cc_to_gmEPN7float165Fp16TEPfmm] -> 0xe7fff3bc70fc
npuchk: [_ZN6npuchk20copy_matrix_cc_to_gmEPN7float165Fp16TEPfhttjthh11QuantMode_thbbb] -> (nil)
npuchk: [_ZN6npuchk20copy_matrix_cc_to_gmEPN7float165Fp16TEPfhttjthh11QuantMode_thbb14QuantMode_posthbhhb] -> (nil)
npuchk: [_ZN6npuchk20copy_matrix_cc_to_gmEPN7float165Fp16TEPfhttjth11QuantMode_thbb] -> 0xe7fff3bc73d0
npuchk: [_ZN6npuchk20copy_matrix_cc_to_gmEPfS0_mm] -> 0xe7fff3bc7904
npuchk: [_ZN6npuchk20copy_matrix_cc_to_gmEPaPfmm] -> 0xe7fff3bc7bd8
npuchk: [_ZN6npuchk20copy_matrix_cc_to_gmEPaPfhttjthh11QuantMode_thbbb] -> (nil)
npuchk: [_ZN6npuchk20copy_matrix_cc_to_gmEPaPfhttjthh11QuantMode_thbb14QuantMode_posthbhhb] -> (nil)
npuchk: [_ZN6npuchk20copy_matrix_cc_to_gmEPaPfhttjth11QuantMode_thbb] -> 0xe7fff3bc7eac
npuchk: [_ZN6npuchk20copy_matrix_cc_to_gmEPhPfmm] -> (nil)
npuchk: [_ZN6npuchk20copy_matrix_cc_to_gmEPhPfhttjthh11QuantMode_thbbb] -> (nil)
npuchk: [_ZN6npuchk20copy_matrix_cc_to_gmEPhPfhttjthh11QuantMode_thbb14QuantMode_posthbhhb] -> (nil)
npuchk: [_ZN6npuchk20copy_matrix_cc_to_gmEPhPfhttjth11QuantMode_thbb] -> (nil)
npuchk: [_ZN6npuchk20copy_matrix_cc_to_gmEPfS0_httjthh11QuantMode_thbbb] -> (nil)
npuchk: [_ZN6npuchk20copy_matrix_cc_to_gmEPfS0_httjthh11QuantMode_thbb14QuantMode_posthbhhb] -> (nil)
npuchk: [_ZN6npuchk20copy_matrix_cc_to_gmEPfS0_httjth11QuantMode_thbb] -> 0xe7fff3bc83e0
npuchk: [_ZN6npuchk20copy_matrix_cc_to_gmEPiS0_mm] -> 0xe7fff3bc8914
npuchk: [_ZN6npuchk20copy_matrix_cc_to_gmEPN7float165Fp16TEPimm] -> 0xe7fff3bc8bec
npuchk: [_ZN6npuchk20copy_matrix_cc_to_gmEPN7float165Fp16TEPihttjthh11QuantMode_thbbb] -> (nil)
npuchk: [_ZN6npuchk20copy_matrix_cc_to_gmEPN7float165Fp16TEPihttjthh11QuantMode_thbb14QuantMode_posthbhhb] -> (nil)
npuchk: [_ZN6npuchk20copy_matrix_cc_to_gmEPN7float165Fp16TEPihttjth11QuantMode_thbb] -> 0xe7fff3bc8ec4
npuchk: [_ZN6npuchk20copy_matrix_cc_to_gmEPsPimm] -> 0xe7fff3bc93fc
npuchk: [_ZN6npuchk20copy_matrix_cc_to_gmEPsPihttjth11QuantMode_thbb] -> 0xe7fff3bc96d4
npuchk: [_ZN6npuchk20copy_matrix_cc_to_gmEPaPimm] -> 0xe7fff3bc9c0c
npuchk: [_ZN6npuchk20copy_matrix_cc_to_gmEPaPihttjthh11QuantMode_thbbb] -> (nil)
npuchk: [_ZN6npuchk20copy_matrix_cc_to_gmEPaPihttjthh11QuantMode_thbb14QuantMode_posthbhhb] -> (nil)
npuchk: [_ZN6npuchk20copy_matrix_cc_to_gmEPaPihttjth11QuantMode_thbb] -> 0xe7fff3bc9ee4
npuchk: [_ZN6npuchk20copy_matrix_cc_to_gmEPhPimm] -> 0xe7fff3bca41c
npuchk: [_ZN6npuchk20copy_matrix_cc_to_gmEPhPihttjthh11QuantMode_thbbb] -> (nil)
npuchk: [_ZN6npuchk20copy_matrix_cc_to_gmEPhPihttjthh11QuantMode_thbb14QuantMode_posthbhhb] -> (nil)
npuchk: [_ZN6npuchk20copy_matrix_cc_to_gmEPhPihttjth11QuantMode_thbb] -> 0xe7fff3bca6f4
npuchk: [_ZN6npuchk20copy_matrix_cc_to_gmEPiS0_httjthh11QuantMode_thbbb] -> (nil)
npuchk: [_ZN6npuchk20copy_matrix_cc_to_gmEPiS0_httjthh11QuantMode_thbb14QuantMode_posthbhhb] -> (nil)
npuchk: [_ZN6npuchk20copy_matrix_cc_to_gmEPiS0_httjth11QuantMode_thbb] -> 0xe7fff3bcac2c
npuchk: [_ZN6npuchk20copy_matrix_cc_to_gmEPN8bfloat165Bf16TEPfhttjth11QuantMode_thbb] -> 0xe7fff3bcb164
npuchk: [_ZN6npuchk20copy_matrix_cc_to_gmEPN8bfloat165Bf16TEPfhttjthh11QuantMode_thbbb] -> (nil)
npuchk: [_ZN6npuchk20copy_matrix_cc_to_gmEPN8bfloat165Bf16TEPfhttjthh11QuantMode_thbb14QuantMode_posthbhhb] -> (nil)
npuchk: [_ZN6npuchk20copy_matrix_cc_to_gmEPsPihttjthh11QuantMode_thbb14QuantMode_posthbhhb] -> (nil)
npuchk: [_ZN6npuchk23copy_matrix_cc_to_gm_b4EPvPfmm] -> 0xe7fff3bcb698
npuchk: [_ZN6npuchk23copy_matrix_cc_to_gm_b4EPvPfhttjth11QuantMode_thbb] -> 0xe7fff3bcb96c
npuchk: [_ZN6npuchk23copy_matrix_cc_to_gm_b4EPvPimm] -> 0xe7fff3bcbea0
npuchk: [_ZN6npuchk23copy_matrix_cc_to_gm_b4EPvPihttjth11QuantMode_thbb] -> 0xe7fff3bcc178
npuchk: [_ZN6npuchk25copy_matrix_cc_to_gm_bf16EPtPfmm] -> (nil)
npuchk: [_ZN6npuchk25copy_matrix_cc_to_gm_bf16EPtPfhttjthh11QuantMode_thbbb] -> (nil)
npuchk: [_ZN6npuchk25copy_matrix_cc_to_gm_bf16EPtPfhttjthh11QuantMode_thbb14QuantMode_posthbhhb] -> (nil)
npuchk: [_ZN6npuchk25copy_matrix_cc_to_gm_bf16EPtPfhttjth11QuantMode_thbb] -> (nil)
npuchk: [_ZN6npuchk23copy_matrix_cc_to_gm_s4EPvPfmm] -> (nil)
npuchk: [_ZN6npuchk23copy_matrix_cc_to_gm_s4EPvPfhttjthh11QuantMode_thbbb] -> (nil)
npuchk: [_ZN6npuchk23copy_matrix_cc_to_gm_s4EPvPfhttjthh11QuantMode_thbb14QuantMode_posthbhhb] -> (nil)
npuchk: [_ZN6npuchk23copy_matrix_cc_to_gm_s4EPvPimm] -> (nil)
npuchk: [_ZN6npuchk23copy_matrix_cc_to_gm_s4EPvPihttjthh11QuantMode_thbbb] -> (nil)
npuchk: [_ZN6npuchk23copy_matrix_cc_to_gm_s4EPvPihttjthh11QuantMode_thbb14QuantMode_posthbhhb] -> (nil)
npuchk: [_ZN6npuchk20copy_matrix_cc_to_ubEPN7float165Fp16TEPfmm] -> (nil)
npuchk: [_ZN6npuchk20copy_matrix_cc_to_ubEPN7float165Fp16TEPfhttjthh11QuantMode_thbbb] -> (nil)
npuchk: [_ZN6npuchk20copy_matrix_cc_to_ubEPN8bfloat165Bf16TEPfhttjthh11QuantMode_thbbb] -> (nil)
npuchk: [_ZN6npuchk20copy_matrix_cc_to_ubEPN7float165Fp16TEPfhttjthh11QuantMode_thbb14QuantMode_posthbhhb] -> (nil)
npuchk: [_ZN6npuchk20copy_matrix_cc_to_ubEPaPfmm] -> (nil)
npuchk: [_ZN6npuchk20copy_matrix_cc_to_ubEPaPfhttjthh11QuantMode_thbbb] -> (nil)
npuchk: [_ZN6npuchk20copy_matrix_cc_to_ubEPaPfhttjthh11QuantMode_thbb14QuantMode_posthbhhb] -> (nil)
npuchk: [_ZN6npuchk20copy_matrix_cc_to_ubEPhPfmm] -> (nil)
npuchk: [_ZN6npuchk20copy_matrix_cc_to_ubEPhPfhttjthh11QuantMode_thbbb] -> (nil)
npuchk: [_ZN6npuchk20copy_matrix_cc_to_ubEPhPfhttjthh11QuantMode_thbb14QuantMode_posthbhhb] -> (nil)
npuchk: [_ZN6npuchk20copy_matrix_cc_to_ubEPfS0_mm] -> (nil)
npuchk: [_ZN6npuchk20copy_matrix_cc_to_ubEPfS0_httjthh11QuantMode_thbbb] -> (nil)
npuchk: [_ZN6npuchk20copy_matrix_cc_to_ubEPfS0_httjthh11QuantMode_thbb14QuantMode_posthbhhb] -> (nil)
npuchk: [_ZN6npuchk20copy_matrix_cc_to_ubEPN7float165Fp16TEPimm] -> (nil)
npuchk: [_ZN6npuchk20copy_matrix_cc_to_ubEPN7float165Fp16TEPihttjthh11QuantMode_thbbb] -> (nil)
npuchk: [_ZN6npuchk20copy_matrix_cc_to_ubEPN7float165Fp16TEPihttjthh11QuantMode_thbb14QuantMode_posthbhhb] -> (nil)
npuchk: [_ZN6npuchk20copy_matrix_cc_to_ubEPaPimm] -> (nil)
npuchk: [_ZN6npuchk20copy_matrix_cc_to_ubEPaPihttjthh11QuantMode_thbbb] -> (nil)
npuchk: [_ZN6npuchk20copy_matrix_cc_to_ubEPaPihttjthh11QuantMode_thbb14QuantMode_posthbhhb] -> (nil)
npuchk: [_ZN6npuchk20copy_matrix_cc_to_ubEPhPimm] -> (nil)
npuchk: [_ZN6npuchk20copy_matrix_cc_to_ubEPhPihttjthh11QuantMode_thbbb] -> (nil)
npuchk: [_ZN6npuchk20copy_matrix_cc_to_ubEPhPihttjthh11QuantMode_thbb14QuantMode_posthbhhb] -> (nil)
npuchk: [_ZN6npuchk20copy_matrix_cc_to_ubEPiS0_mm] -> (nil)
npuchk: [_ZN6npuchk20copy_matrix_cc_to_ubEPiS0_httjthh11QuantMode_thbbb] -> (nil)
npuchk: [_ZN6npuchk20copy_matrix_cc_to_ubEPiS0_httjthh11QuantMode_thbb14QuantMode_posthbhhb] -> (nil)
npuchk: [_ZN6npuchk25copy_matrix_cc_to_ub_bf16EPtPfmm] -> (nil)
npuchk: [_ZN6npuchk25copy_matrix_cc_to_ub_bf16EPtPfhttjthh11QuantMode_thbbb] -> (nil)
npuchk: [_ZN6npuchk25copy_matrix_cc_to_ub_bf16EPtPfhttjthh11QuantMode_thbb14QuantMode_posthbhhb] -> (nil)
npuchk: [_ZN6npuchk23copy_matrix_cc_to_ub_s4EPvPfmm] -> (nil)
npuchk: [_ZN6npuchk23copy_matrix_cc_to_ub_s4EPvPfhttjthh11QuantMode_thbbb] -> (nil)
npuchk: [_ZN6npuchk23copy_matrix_cc_to_ub_s4EPvPfhttjthh11QuantMode_thbb14QuantMode_posthbhhb] -> (nil)
npuchk: [_ZN6npuchk23copy_matrix_cc_to_ub_s4EPvPimm] -> (nil)
npuchk: [_ZN6npuchk23copy_matrix_cc_to_ub_s4EPvPihttjthh11QuantMode_thbbb] -> (nil)
npuchk: [_ZN6npuchk23copy_matrix_cc_to_ub_s4EPvPihttjthh11QuantMode_thbb14QuantMode_posthbhhb] -> (nil)
npuchk: [_ZN6npuchk22copy_matrix_cc_to_ubufEPN7float165Fp16TES2_m10ConvRelu_t] -> 0xe7fff3cb3a58
npuchk: [_ZN6npuchk22copy_matrix_cc_to_ubufEPN7float165Fp16TES2_htttt10ConvRelu_t] -> 0xe7fff3cb3d7c
npuchk: [_ZN6npuchk22copy_matrix_cc_to_ubufEPN7float165Fp16TEPfm10ConvRelu_t] -> 0xe7fff3cb41cc
npuchk: [_ZN6npuchk22copy_matrix_cc_to_ubufEPN7float165Fp16TEPfhtttt10ConvRelu_t] -> 0xe7fff3cb44f0
npuchk: [_ZN6npuchk22copy_matrix_cc_to_ubufEPfS0_m10ConvRelu_t] -> 0xe7fff3cb4940
npuchk: [_ZN6npuchk22copy_matrix_cc_to_ubufEPfS0_htttt10ConvRelu_t] -> 0xe7fff3cb4c64
npuchk: [_ZN6npuchk22copy_matrix_cc_to_ubufEPN7float165Fp16TEPim10ConvRelu_t] -> 0xe7fff3cb50b4
npuchk: [_ZN6npuchk22copy_matrix_cc_to_ubufEPN7float165Fp16TEPihtttt10ConvRelu_t] -> 0xe7fff3cb53d8
npuchk: [_ZN6npuchk22copy_matrix_cc_to_ubufEPsPim10ConvRelu_t] -> 0xe7fff3cb5828
npuchk: [_ZN6npuchk22copy_matrix_cc_to_ubufEPsPihtttt10ConvRelu_t] -> 0xe7fff3cb5b4c
npuchk: [_ZN6npuchk22copy_matrix_cc_to_ubufEPiS0_m10ConvRelu_t] -> 0xe7fff3cb5f9c
npuchk: [_ZN6npuchk22copy_matrix_cc_to_ubufEPiS0_htttt10ConvRelu_t] -> 0xe7fff3cb62c0
npuchk: [_ZN6npuchk22copy_matrix_cc_to_ubufEPaPim10ConvRelu_t] -> 0xe7fff3cb6710
npuchk: [_ZN6npuchk22copy_matrix_cc_to_ubufEPaPihtttt10ConvRelu_t] -> 0xe7fff3cb6a34
npuchk: [_ZN6npuchk22copy_matrix_cc_to_ubufEPjS0_m10ConvRelu_t] -> 0xe7fff3cb6e84
npuchk: [_ZN6npuchk22copy_matrix_cc_to_ubufEPjS0_htttt10ConvRelu_t] -> 0xe7fff3cb71a8
npuchk: [_ZN6npuchk22copy_matrix_cc_to_ubufEPhPim10ConvRelu_t] -> 0xe7fff3cb75f8
npuchk: [_ZN6npuchk22copy_matrix_cc_to_ubufEPhPihtttt10ConvRelu_t] -> 0xe7fff3cb791c
npuchk: [_ZN6npuchk22copy_matrix_ubuf_to_ccEPN7float165Fp16TES2_m10ConvRelu_t] -> 0xe7fff3cb7d6c
npuchk: [_ZN6npuchk22copy_matrix_ubuf_to_ccEPN7float165Fp16TES2_htttt10ConvRelu_t] -> 0xe7fff3cb8090
npuchk: [_ZN6npuchk22copy_matrix_ubuf_to_ccEPfS0_m10ConvRelu_t] -> 0xe7fff3cb84e0
npuchk: [_ZN6npuchk22copy_matrix_ubuf_to_ccEPfS0_htttt10ConvRelu_t] -> 0xe7fff3cb8804
npuchk: [_ZN6npuchk22copy_matrix_ubuf_to_ccEPfPN7float165Fp16TEm10ConvRelu_t] -> 0xe7fff3cb8c54
npuchk: [_ZN6npuchk22copy_matrix_ubuf_to_ccEPfPN7float165Fp16TEhtttt10ConvRelu_t] -> 0xe7fff3cb8f78
npuchk: [_ZN6npuchk22copy_matrix_ubuf_to_ccEPiS0_m10ConvRelu_t] -> 0xe7fff3cb93c8
npuchk: [_ZN6npuchk22copy_matrix_ubuf_to_ccEPiS0_htttt10ConvRelu_t] -> 0xe7fff3cb96ec
npuchk: [_ZN6npuchk22copy_matrix_ubuf_to_ccEPjS0_m10ConvRelu_t] -> 0xe7fff3cb9b3c
npuchk: [_ZN6npuchk22copy_matrix_ubuf_to_ccEPjS0_htttt10ConvRelu_t] -> 0xe7fff3cb9e60
npuchk: [_ZN6npuchk28copy_small_matrix_cc_to_ubufEPN7float165Fp16TEPim10ConvRelu_t] -> (nil)
npuchk: [_ZN6npuchk28copy_small_matrix_cc_to_ubufEPN7float165Fp16TEPihtttt10ConvRelu_t] -> (nil)
npuchk: [_ZN6npuchk28copy_small_matrix_cc_to_ubufEPsPim10ConvRelu_t] -> (nil)
npuchk: [_ZN6npuchk28copy_small_matrix_cc_to_ubufEPsPihtttt10ConvRelu_t] -> (nil)
npuchk: [_ZN6npuchk28copy_small_matrix_cc_to_ubufEPiS0_m10ConvRelu_t] -> (nil)
npuchk: [_ZN6npuchk28copy_small_matrix_cc_to_ubufEPiS0_htttt10ConvRelu_t] -> (nil)
npuchk: [_ZN6npuchk28copy_small_matrix_cc_to_ubufEPaPim10ConvRelu_t] -> (nil)
npuchk: [_ZN6npuchk28copy_small_matrix_cc_to_ubufEPaPihtttt10ConvRelu_t] -> (nil)
npuchk: [_ZN6npuchk28copy_small_matrix_cc_to_ubufEPjS0_m10ConvRelu_t] -> (nil)
npuchk: [_ZN6npuchk28copy_small_matrix_cc_to_ubufEPjS0_htttt10ConvRelu_t] -> (nil)
npuchk: [_ZN6npuchk28copy_small_matrix_cc_to_ubufEPhPim10ConvRelu_t] -> (nil)
npuchk: [_ZN6npuchk28copy_small_matrix_cc_to_ubufEPhPihtttt10ConvRelu_t] -> (nil)
npuchk: [_ZN6npuchk28copy_small_matrix_ubuf_to_ccEPiS0_m10ConvRelu_t] -> (nil)
npuchk: [_ZN6npuchk28copy_small_matrix_ubuf_to_ccEPiS0_htttt10ConvRelu_t] -> (nil)
npuchk: [_ZN6npuchk28copy_small_matrix_ubuf_to_ccEPjS0_m10ConvRelu_t] -> (nil)
npuchk: [_ZN6npuchk28copy_small_matrix_ubuf_to_ccEPjS0_htttt10ConvRelu_t] -> (nil)
npuchk: [_ZN6npuchk17copy_ubuf_to_cbufEPvS0_m] -> 0xe7fff3cba2b0
npuchk: [_ZN6npuchk17copy_ubuf_to_cbufEPvS0_htttt] -> 0xe7fff3cba534
npuchk: [_ZN6npuchk17copy_ubuf_to_fbufEPvS0_m] -> (nil)
npuchk: [_ZN6npuchk17copy_ubuf_to_fbufEPvS0_9CvtMode_ttttt] -> (nil)
npuchk: [_ZN6npuchk15copy_ubuf_to_gmEPvS0_m] -> 0xe7fff3c1665c
npuchk: [_ZN6npuchk15copy_ubuf_to_gmEPvS0_m4bm_t] -> 0xe7fff3c168e4
npuchk: [_ZN6npuchk15copy_ubuf_to_gmEPvS0_htttt4bm_t] -> 0xe7fff3c16bd8
npuchk: [_ZN6npuchk15copy_ubuf_to_gmEPvS0_htttt] -> 0xe7fff3c16ff8
npuchk: [_ZN6npuchk25copy_ubuf_to_gm_align_b16EPvS0_mm] -> 0xe7fff3c173ac
npuchk: [_ZN6npuchk25copy_ubuf_to_gm_align_b16EPvS0_htjhhjj] -> 0xe7fff3c1768c
npuchk: [_ZN6npuchk25copy_ubuf_to_gm_align_b32EPvS0_mm] -> 0xe7fff3c17af4
npuchk: [_ZN6npuchk25copy_ubuf_to_gm_align_b32EPvS0_htjhhjj] -> 0xe7fff3c17dd4
npuchk: [_ZN6npuchk24copy_ubuf_to_gm_align_b8EPvS0_mm] -> 0xe7fff3c1823c
npuchk: [_ZN6npuchk24copy_ubuf_to_gm_align_b8EPvS0_htjhhjj] -> 0xe7fff3c18518
npuchk: [_ZN6npuchk21copy_ubuf_to_gm_alignEPaS0_htjjj] -> (nil)
npuchk: [_ZN6npuchk21copy_ubuf_to_gm_alignEPhS0_htjjj] -> (nil)
npuchk: [_ZN6npuchk21copy_ubuf_to_gm_alignEPsS0_htjjj] -> (nil)
npuchk: [_ZN6npuchk21copy_ubuf_to_gm_alignEPtS0_htjjj] -> (nil)
npuchk: [_ZN6npuchk21copy_ubuf_to_gm_alignEPN7float165Fp16TES2_htjjj] -> (nil)
npuchk: [_ZN6npuchk21copy_ubuf_to_gm_alignEPiS0_htjjj] -> (nil)
npuchk: [_ZN6npuchk21copy_ubuf_to_gm_alignEPjS0_htjjj] -> (nil)
npuchk: [_ZN6npuchk21copy_ubuf_to_gm_alignEPfS0_htjjj] -> (nil)
npuchk: [_ZN6npuchk23copy_ubuf_to_gm_pad_b16EPvS0_mm] -> (nil)
npuchk: [_ZN6npuchk23copy_ubuf_to_gm_pad_b16EPvS0_htttthh] -> (nil)
npuchk: [_ZN6npuchk23copy_ubuf_to_gm_pad_b32EPvS0_mm] -> (nil)
npuchk: [_ZN6npuchk23copy_ubuf_to_gm_pad_b32EPvS0_htttthh] -> (nil)
npuchk: [_ZN6npuchk22copy_ubuf_to_gm_pad_b8EPvS0_mm] -> (nil)
npuchk: [_ZN6npuchk22copy_ubuf_to_gm_pad_b8EPvS0_htttthh] -> (nil)
npuchk: [_ZN6npuchk17copy_ubuf_to_ubufEPvS0_m] -> 0xe7fff3c1897c
npuchk: [_ZN6npuchk17copy_ubuf_to_ubufEPvS0_htttt] -> 0xe7fff3c18c04
npuchk: [_ZN6npuchk22copy_vector_cc_to_ubufEPN7float165Fp16TES2_m10ConvRelu_t] -> 0xe7fff3cba8e4
npuchk: [_ZN6npuchk22copy_vector_cc_to_ubufEPN7float165Fp16TES2_htttt10ConvRelu_t] -> 0xe7fff3cbac0c
npuchk: [_ZN6npuchk22copy_vector_cc_to_ubufEPN7float165Fp16TEPfm10ConvRelu_t] -> 0xe7fff3cbb060
npuchk: [_ZN6npuchk22copy_vector_cc_to_ubufEPN7float165Fp16TEPfhtttt10ConvRelu_t] -> 0xe7fff3cbb388
npuchk: [_ZN6npuchk22copy_vector_cc_to_ubufEPfS0_m10ConvRelu_t] -> 0xe7fff3cbb7dc
npuchk: [_ZN6npuchk22copy_vector_cc_to_ubufEPfS0_htttt10ConvRelu_t] -> 0xe7fff3cbbb04
npuchk: [_ZN6npuchk22copy_vector_cc_to_ubufEPN7float165Fp16TEPim10ConvRelu_t] -> 0xe7fff3cbbf58
npuchk: [_ZN6npuchk22copy_vector_cc_to_ubufEPN7float165Fp16TEPihtttt10ConvRelu_t] -> 0xe7fff3cbc280
npuchk: [_ZN6npuchk22copy_vector_cc_to_ubufEPsPim10ConvRelu_t] -> 0xe7fff3cbc6d4
npuchk: [_ZN6npuchk22copy_vector_cc_to_ubufEPsPihtttt10ConvRelu_t] -> 0xe7fff3cbc9fc
npuchk: [_ZN6npuchk22copy_vector_cc_to_ubufEPiS0_m10ConvRelu_t] -> 0xe7fff3cbce50
npuchk: [_ZN6npuchk22copy_vector_cc_to_ubufEPiS0_htttt10ConvRelu_t] -> 0xe7fff3cbd178
npuchk: [_ZN6npuchk22copy_vector_cc_to_ubufEPaPim10ConvRelu_t] -> 0xe7fff3cbd5cc
npuchk: [_ZN6npuchk22copy_vector_cc_to_ubufEPaPihtttt10ConvRelu_t] -> 0xe7fff3cbd8f4
npuchk: [_ZN6npuchk22copy_vector_cc_to_ubufEPjS0_m10ConvRelu_t] -> 0xe7fff3cbdd48
npuchk: [_ZN6npuchk22copy_vector_cc_to_ubufEPjS0_htttt10ConvRelu_t] -> 0xe7fff3cbe070
npuchk: [_ZN6npuchk22copy_vector_cc_to_ubufEPhPim10ConvRelu_t] -> 0xe7fff3cbe4c4
npuchk: [_ZN6npuchk22copy_vector_cc_to_ubufEPhPihtttt10ConvRelu_t] -> 0xe7fff3cbe7ec
npuchk: [_ZN6npuchk22copy_vector_ubuf_to_ccEPN7float165Fp16TES2_m10ConvRelu_t] -> 0xe7fff3cbec40
npuchk: [_ZN6npuchk22copy_vector_ubuf_to_ccEPN7float165Fp16TES2_htttt10ConvRelu_t] -> 0xe7fff3cbef64
npuchk: [_ZN6npuchk22copy_vector_ubuf_to_ccEPfS0_m10ConvRelu_t] -> 0xe7fff3cbf3b4
npuchk: [_ZN6npuchk22copy_vector_ubuf_to_ccEPfS0_htttt10ConvRelu_t] -> 0xe7fff3cbf6d8
npuchk: [_ZN6npuchk22copy_vector_ubuf_to_ccEPfPN7float165Fp16TEm10ConvRelu_t] -> 0xe7fff3cbfb28
npuchk: [_ZN6npuchk22copy_vector_ubuf_to_ccEPfPN7float165Fp16TEhtttt10ConvRelu_t] -> 0xe7fff3cbfe4c
npuchk: [_ZN6npuchk22copy_vector_ubuf_to_ccEPiS0_m10ConvRelu_t] -> 0xe7fff3cc029c
npuchk: [_ZN6npuchk22copy_vector_ubuf_to_ccEPiS0_htttt10ConvRelu_t] -> 0xe7fff3cc05c0
npuchk: [_ZN6npuchk22copy_vector_ubuf_to_ccEPjS0_m10ConvRelu_t] -> 0xe7fff3cc0a10
npuchk: [_ZN6npuchk22copy_vector_ubuf_to_ccEPjS0_htttt10ConvRelu_t] -> 0xe7fff3cc0d34
npuchk: [_ZN6npuchk16create_ca_matrixEPvlN7float165Fp16TE] -> 0xe7fff3cc1184
npuchk: [_ZN6npuchk16create_ca_matrixEPN7float165Fp16TElS1_] -> 0xe7fff3bcc6b0
npuchk: [_ZN6npuchk16create_ca_matrixEPslN7float165Fp16TE] -> 0xe7fff3bcc880
npuchk: [_ZN6npuchk16create_ca_matrixEPtlN7float165Fp16TE] -> 0xe7fff3bcca50
npuchk: [_ZN6npuchk16create_ca_matrixEPN7float165Fp16TElj] -> 0xe7fff3bccc20
npuchk: [_ZN6npuchk16create_ca_matrixEPflj] -> 0xe7fff3bccde4
npuchk: [_ZN6npuchk16create_ca_matrixEPflN7float165Fp16TE] -> 0xe7fff3bccfac
npuchk: [_ZN6npuchk16create_ca_matrixEPslj] -> 0xe7fff3bcd180
npuchk: [_ZN6npuchk16create_ca_matrixEPilj] -> 0xe7fff3bcd344
npuchk: [_ZN6npuchk16create_ca_matrixEPilN7float165Fp16TE] -> 0xe7fff3bcd50c
npuchk: [_ZN6npuchk16create_ca_matrixEPtlj] -> 0xe7fff3bcd6e0
npuchk: [_ZN6npuchk16create_ca_matrixEPjlj] -> 0xe7fff3bcd8a4
npuchk: [_ZN6npuchk16create_ca_matrixEPjlN7float165Fp16TE] -> 0xe7fff3bcda6c
npuchk: [_ZN6npuchk21create_ca_matrix_bf16EPN8bfloat165Bf16TElS1_] -> (nil)
npuchk: [_ZN6npuchk16create_cb_matrixEPvlN7float165Fp16TE] -> 0xe7fff3cc1354
npuchk: [_ZN6npuchk16create_cb_matrixEPN7float165Fp16TElS1_] -> 0xe7fff3bcdc40
npuchk: [_ZN6npuchk16create_cb_matrixEPslN7float165Fp16TE] -> 0xe7fff3bcde14
npuchk: [_ZN6npuchk16create_cb_matrixEPtlN7float165Fp16TE] -> 0xe7fff3bcdfe8
npuchk: [_ZN6npuchk16create_cb_matrixEPN7float165Fp16TElj] -> 0xe7fff3bce1bc
npuchk: [_ZN6npuchk16create_cb_matrixEPflj] -> 0xe7fff3bce384
npuchk: [_ZN6npuchk16create_cb_matrixEPflN7float165Fp16TE] -> 0xe7fff3bce54c
npuchk: [_ZN6npuchk16create_cb_matrixEPslj] -> 0xe7fff3bce720
npuchk: [_ZN6npuchk16create_cb_matrixEPilj] -> 0xe7fff3bce8e8
npuchk: [_ZN6npuchk16create_cb_matrixEPilN7float165Fp16TE] -> 0xe7fff3bceab0
npuchk: [_ZN6npuchk16create_cb_matrixEPtlj] -> 0xe7fff3bcec84
npuchk: [_ZN6npuchk16create_cb_matrixEPjlj] -> 0xe7fff3bcee4c
npuchk: [_ZN6npuchk16create_cb_matrixEPjlN7float165Fp16TE] -> 0xe7fff3bcf014
npuchk: [_ZN6npuchk21create_cb_matrix_bf16EPN8bfloat165Bf16TElS1_] -> (nil)
npuchk: [_ZN6npuchk18create_cbuf_matrixEPvlN7float165Fp16TE] -> 0xe7fff3cc1528
npuchk: [_ZN6npuchk18create_cbuf_matrixEPN7float165Fp16TElS1_] -> 0xe7fff3bcf1e8
npuchk: [_ZN6npuchk18create_cbuf_matrixEPslN7float165Fp16TE] -> 0xe7fff3bcf3bc
npuchk: [_ZN6npuchk18create_cbuf_matrixEPtlN7float165Fp16TE] -> 0xe7fff3bcf590
npuchk: [_ZN6npuchk18create_cbuf_matrixEPN7float165Fp16TElj] -> 0xe7fff3bcf764
npuchk: [_ZN6npuchk18create_cbuf_matrixEPflj] -> 0xe7fff3bcf92c
npuchk: [_ZN6npuchk18create_cbuf_matrixEPflN7float165Fp16TE] -> 0xe7fff3bcfaf4
npuchk: [_ZN6npuchk18create_cbuf_matrixEPslj] -> 0xe7fff3bcfcc8
npuchk: [_ZN6npuchk18create_cbuf_matrixEPilj] -> 0xe7fff3bcfe90
npuchk: [_ZN6npuchk18create_cbuf_matrixEPilN7float165Fp16TE] -> 0xe7fff3bd0058
npuchk: [_ZN6npuchk18create_cbuf_matrixEPtlj] -> 0xe7fff3bd022c
npuchk: [_ZN6npuchk18create_cbuf_matrixEPjlj] -> 0xe7fff3bd03f4
npuchk: [_ZN6npuchk18create_cbuf_matrixEPjlN7float165Fp16TE] -> 0xe7fff3bd05bc
npuchk: [_ZN6npuchk23create_cbuf_matrix_bf16EPN8bfloat165Bf16TElS1_] -> (nil)
npuchk: [_ZN6npuchk10dc_preloadEPms] -> 0xe7fff3bd0790
npuchk: [_ZN6npuchk10dc_preloadEPml] -> 0xe7fff3bd09b4
npuchk: [_ZN6npuchk4dcciEPvm] -> 0xe7fff3bd0bd8
npuchk: [_ZN6npuchk4dcciEPvmm] -> 0xe7fff3bd0df8
npuchk: [_ZN6npuchk21decompress_gm_to_cbufEPhS0_l] -> 0xe7fff3cc16fc
npuchk: [_ZN6npuchk21decompress_gm_to_cbufEPhS0_tbhh] -> 0xe7fff3cc197c
npuchk: [_ZN6npuchk21decompress_gm_to_cbufEPN7float165Fp16TES2_l] -> 0xe7fff3cc1cec
npuchk: [_ZN6npuchk21decompress_gm_to_cbufEPN7float165Fp16TES2_tbhh] -> 0xe7fff3cc1f6c
npuchk: [_ZN6npuchk19decompress_gm_to_ubEPhS0_l] -> 0xe7fff3cc22dc
npuchk: [_ZN6npuchk19decompress_gm_to_ubEPhS0_tbhh] -> 0xe7fff3cc2558
npuchk: [_ZN6npuchk19decompress_gm_to_ubEPN7float165Fp16TES2_l] -> 0xe7fff3cc28c4
npuchk: [_ZN6npuchk19decompress_gm_to_ubEPN7float165Fp16TES2_tbhh] -> 0xe7fff3cc2b44
npuchk: [_ZN6npuchk14depthwise_convEPN7float165Fp16TES2_S2_mb] -> 0xe7fff3cc2eb4
npuchk: [_ZN6npuchk14depthwise_convEPN7float165Fp16TES2_S2_tthhhhb] -> 0xe7fff3cc31f0
npuchk: [_ZN6npuchk14depthwise_convEPfPN7float165Fp16TES3_mb] -> 0xe7fff3cc36bc
npuchk: [_ZN6npuchk14depthwise_convEPfPN7float165Fp16TES3_tthhhhb] -> 0xe7fff3cc39f8
npuchk: [_ZN6npuchk14depthwise_convEPiPaS1_mb] -> 0xe7fff3cc3ec4
npuchk: [_ZN6npuchk14depthwise_convEPiPaS1_ttahhhb] -> 0xe7fff3cc4200
npuchk: [_ZN6npuchk14depthwise_convEPiPhS1_mb] -> 0xe7fff3cc46cc
npuchk: [_ZN6npuchk14depthwise_convEPiPhS1_tthhhhb] -> 0xe7fff3cc4a08
npuchk: [_ZN6npuchk14depthwise_convEPiPhPamb] -> 0xe7fff3cc4ed4
npuchk: [_ZN6npuchk14depthwise_convEPiPhPatthhhhb] -> 0xe7fff3cc5210
npuchk: [_ZN6npuchk17depthwise_conv_v2EPN7float165Fp16TES2_S2_m] -> (nil)
npuchk: [_ZN6npuchk17depthwise_conv_v2EPN7float165Fp16TES2_S2_tthhhthbbh] -> (nil)
npuchk: [_ZN6npuchk17depthwise_conv_v2EPfPN7float165Fp16TES3_m] -> (nil)
npuchk: [_ZN6npuchk17depthwise_conv_v2EPfPN7float165Fp16TES3_tthhhthbbh] -> (nil)
npuchk: [_ZN6npuchk17depthwise_conv_v2EPiPaS1_m] -> (nil)
npuchk: [_ZN6npuchk17depthwise_conv_v2EPiPaS1_tthhhthbbh] -> (nil)
npuchk: [_ZN6npuchk17depthwise_conv_v2EPiPhS1_m] -> (nil)
npuchk: [_ZN6npuchk17depthwise_conv_v2EPiPhS1_tthhhthbbh] -> (nil)
npuchk: [_ZN6npuchk17depthwise_conv_v2EPiPhPam] -> (nil)
npuchk: [_ZN6npuchk17depthwise_conv_v2EPiPhPatthhhthbbh] -> (nil)
npuchk: [_ZN6npuchk3dsbE9mem_dsb_t] -> 0xe7fff3bd105c
npuchk: [_ZN6npuchk22fake_overflow_status_1Ev] -> (nil)
npuchk: [_ZN6npuchk22fake_overflow_status_2Ev] -> (nil)
npuchk: [_ZN6npuchk20ffts_cross_core_syncE6pipe_tm] -> 0xe7fff3bd1230
npuchk: [_ZN6npuchk5fifr1EPsS0_mm] -> (nil)
npuchk: [_ZN6npuchk5fifr1EPsS0_mm4bm_t] -> (nil)
npuchk: [_ZN6npuchk5fifr1EPsS0_8w_size_thhhaaaaaaaaaahh4bm_t] -> (nil)
npuchk: [_ZN6npuchk5fifr1EPsS0_8w_size_thhhaaaaaaaaaahh] -> (nil)
npuchk: [_ZN6npuchk5fifr1EPsPamm] -> (nil)
npuchk: [_ZN6npuchk5fifr1EPsPamm4bm_t] -> (nil)
npuchk: [_ZN6npuchk5fifr1EPsPa8w_size_thhhaaaaaaaaaahh4bm_t] -> (nil)
npuchk: [_ZN6npuchk5fifr1EPsPa8w_size_thhhaaaaaaaaaahh] -> (nil)
npuchk: [_ZN6npuchk5fifr1EPsPtmm] -> (nil)
npuchk: [_ZN6npuchk5fifr1EPsPtmm4bm_t] -> (nil)
npuchk: [_ZN6npuchk5fifr1EPsPt8w_size_thhhaaaaaaaaaahh4bm_t] -> (nil)
npuchk: [_ZN6npuchk5fifr1EPsPt8w_size_thhhaaaaaaaaaahh] -> (nil)
npuchk: [_ZN6npuchk5fifr1EPsPhmm] -> (nil)
npuchk: [_ZN6npuchk5fifr1EPsPhmm4bm_t] -> (nil)
npuchk: [_ZN6npuchk5fifr1EPsPh8w_size_thhhaaaaaaaaaahh4bm_t] -> (nil)
npuchk: [_ZN6npuchk5fifr1EPsPh8w_size_thhhaaaaaaaaaahh] -> (nil)
npuchk: [_ZN6npuchk26fix_depthwisein_cc_to_cbufEPaPimm] -> (nil)
npuchk: [_ZN6npuchk26fix_depthwisein_cc_to_cbufEPaPi11unit_flag_thtttt13ConvReluFix_tb6Relu_tbS4_6Pool_t5Req_t10DualMode_ttt] -> (nil)
npuchk: [_ZN6npuchk26fix_depthwisein_cc_to_cbufEPhPimm] -> (nil)
npuchk: [_ZN6npuchk26fix_depthwisein_cc_to_cbufEPhPi11unit_flag_thtttt13ConvReluFix_tb6Relu_tbS4_6Pool_t5Req_t10DualMode_ttt] -> (nil)
npuchk: [_ZN6npuchk26fix_depthwisein_cc_to_ubufEPaPimm] -> (nil)
npuchk: [_ZN6npuchk26fix_depthwisein_cc_to_ubufEPaPi11unit_flag_thtttt13ConvReluFix_tb6Relu_tbS4_6Pool_t5Req_t10DualMode_ttt] -> (nil)
npuchk: [_ZN6npuchk26fix_depthwisein_cc_to_ubufEPhPimm] -> (nil)
npuchk: [_ZN6npuchk26fix_depthwisein_cc_to_ubufEPhPi11unit_flag_thtttt13ConvReluFix_tb6Relu_tbS4_6Pool_t5Req_t10DualMode_ttt] -> (nil)
npuchk: [_ZN6npuchk27fix_depthwiseout_cc_to_cbufEPaPimm] -> (nil)
npuchk: [_ZN6npuchk27fix_depthwiseout_cc_to_cbufEPaPi11unit_flag_thtttt13ConvReluFix_tb6Relu_tbS4_6Pool_t5Req_t10DualMode_ttt] -> (nil)
npuchk: [_ZN6npuchk27fix_depthwiseout_cc_to_cbufEPhPimm] -> (nil)
npuchk: [_ZN6npuchk27fix_depthwiseout_cc_to_cbufEPhPi11unit_flag_thtttt13ConvReluFix_tb6Relu_tbS4_6Pool_t5Req_t10DualMode_ttt] -> (nil)
npuchk: [_ZN6npuchk21fix_matrix_cc_to_cbufEPN7float165Fp16TES2_mm] -> (nil)
npuchk: [_ZN6npuchk21fix_matrix_cc_to_cbufEPaPN7float165Fp16TEmm] -> (nil)
npuchk: [_ZN6npuchk21fix_matrix_cc_to_cbufEPaPN7float165Fp16TE11unit_flag_thtttt13ConvReluFix_tb6Relu_tbS6_6Pool_t5Req_t10DualMode_ttt] -> (nil)
npuchk: [_ZN6npuchk21fix_matrix_cc_to_cbufEPhPN7float165Fp16TEmm] -> (nil)
npuchk: [_ZN6npuchk21fix_matrix_cc_to_cbufEPhPN7float165Fp16TE11unit_flag_thtttt13ConvReluFix_tb6Relu_tbS6_6Pool_t5Req_t10DualMode_ttt] -> (nil)
npuchk: [_ZN6npuchk21fix_matrix_cc_to_cbufEPN7float165Fp16TES2_11unit_flag_thtttt13ConvReluFix_tb6Relu_tbS5_6Pool_t5Req_t10DualMode_ttt] -> (nil)
npuchk: [_ZN6npuchk21fix_matrix_cc_to_cbufEPiS0_mm] -> (nil)
npuchk: [_ZN6npuchk21fix_matrix_cc_to_cbufEPN7float165Fp16TEPimm] -> (nil)
npuchk: [_ZN6npuchk21fix_matrix_cc_to_cbufEPN7float165Fp16TEPi11unit_flag_thtttt13ConvReluFix_tb6Relu_tbS6_6Pool_t5Req_t10DualMode_ttt] -> (nil)
npuchk: [_ZN6npuchk21fix_matrix_cc_to_cbufEPsPimm] -> (nil)
npuchk: [_ZN6npuchk21fix_matrix_cc_to_cbufEPsPi11unit_flag_thtttt13ConvReluFix_tb6Relu_tbS4_6Pool_t5Req_t10DualMode_ttt] -> (nil)
npuchk: [_ZN6npuchk21fix_matrix_cc_to_cbufEPaPimm] -> (nil)
npuchk: [_ZN6npuchk21fix_matrix_cc_to_cbufEPaPi11unit_flag_thtttt13ConvReluFix_tb6Relu_tbS4_6Pool_t5Req_t10DualMode_ttt] -> (nil)
npuchk: [_ZN6npuchk21fix_matrix_cc_to_cbufEPhPimm] -> (nil)
npuchk: [_ZN6npuchk21fix_matrix_cc_to_cbufEPhPi11unit_flag_thtttt13ConvReluFix_tb6Relu_tbS4_6Pool_t5Req_t10DualMode_ttt] -> (nil)
npuchk: [_ZN6npuchk21fix_matrix_cc_to_cbufEPiS0_11unit_flag_thtttt13ConvReluFix_tb6Relu_tbS3_6Pool_t5Req_t10DualMode_ttt] -> (nil)
npuchk: [_ZN6npuchk21fix_matrix_cc_to_ubufEPN7float165Fp16TES2_mm] -> (nil)
npuchk: [_ZN6npuchk21fix_matrix_cc_to_ubufEPN7float165Fp16TES2_11unit_flag_thtttt13ConvReluFix_tb6Relu_tbS5_6Pool_t5Req_t10DualMode_ttt] -> (nil)
npuchk: [_ZN6npuchk21fix_matrix_cc_to_ubufEPN7float165Fp16TEPimm] -> (nil)
npuchk: [_ZN6npuchk21fix_matrix_cc_to_ubufEPN7float165Fp16TEPi11unit_flag_thtttt13ConvReluFix_tb6Relu_tbS6_6Pool_t5Req_t10DualMode_ttt] -> (nil)
npuchk: [_ZN6npuchk21fix_matrix_cc_to_ubufEPsPimm] -> (nil)
npuchk: [_ZN6npuchk21fix_matrix_cc_to_ubufEPsPi11unit_flag_thtttt13ConvReluFix_tb6Relu_tbS4_6Pool_t5Req_t10DualMode_ttt] -> (nil)
npuchk: [_ZN6npuchk21fix_matrix_cc_to_ubufEPiS0_mm] -> (nil)
npuchk: [_ZN6npuchk21fix_matrix_cc_to_ubufEPiS0_11unit_flag_thtttt13ConvReluFix_tb6Relu_tbS3_6Pool_t5Req_t10DualMode_ttt] -> (nil)
npuchk: [_ZN6npuchk21fix_matrix_cc_to_ubufEPaPimm] -> (nil)
npuchk: [_ZN6npuchk21fix_matrix_cc_to_ubufEPaPi11unit_flag_thtttt13ConvReluFix_tb6Relu_tbS4_6Pool_t5Req_t10DualMode_ttt] -> (nil)
npuchk: [_ZN6npuchk21fix_matrix_cc_to_ubufEPhPimm] -> (nil)
npuchk: [_ZN6npuchk21fix_matrix_cc_to_ubufEPhPi11unit_flag_thtttt13ConvReluFix_tb6Relu_tbS4_6Pool_t5Req_t10DualMode_ttt] -> (nil)
npuchk: [_ZN6npuchk23fix_winograd_cc_to_cbufEPiS0_mm] -> (nil)
npuchk: [_ZN6npuchk23fix_winograd_cc_to_cbufEPN7float165Fp16TEPimm] -> (nil)
npuchk: [_ZN6npuchk23fix_winograd_cc_to_cbufEPN7float165Fp16TEPi11unit_flag_thtttt13ConvReluFix_tb6Relu_tbS6_6Pool_t5Req_t10DualMode_ttt] -> (nil)
npuchk: [_ZN6npuchk23fix_winograd_cc_to_cbufEPsPimm] -> (nil)
npuchk: [_ZN6npuchk23fix_winograd_cc_to_cbufEPsPi11unit_flag_thtttt13ConvReluFix_tb6Relu_tbS4_6Pool_t5Req_t10DualMode_ttt] -> (nil)
npuchk: [_ZN6npuchk23fix_winograd_cc_to_cbufEPaPimm] -> (nil)
npuchk: [_ZN6npuchk23fix_winograd_cc_to_cbufEPaPi11unit_flag_thtttt13ConvReluFix_tb6Relu_tbS4_6Pool_t5Req_t10DualMode_ttt] -> (nil)
npuchk: [_ZN6npuchk23fix_winograd_cc_to_cbufEPhPimm] -> (nil)
npuchk: [_ZN6npuchk23fix_winograd_cc_to_cbufEPhPi11unit_flag_thtttt13ConvReluFix_tb6Relu_tbS4_6Pool_t5Req_t10DualMode_ttt] -> (nil)
npuchk: [_ZN6npuchk23fix_winograd_cc_to_cbufEPiS0_11unit_flag_thtttt13ConvReluFix_tb6Relu_tbS3_6Pool_t5Req_t10DualMode_ttt] -> (nil)
npuchk: [_ZN6npuchk23fix_winograd_cc_to_ubufEPiS0_mm] -> (nil)
npuchk: [_ZN6npuchk23fix_winograd_cc_to_ubufEPN7float165Fp16TEPimm] -> (nil)
npuchk: [_ZN6npuchk23fix_winograd_cc_to_ubufEPN7float165Fp16TEPi11unit_flag_thtttt13ConvReluFix_tb6Relu_tbS6_6Pool_t5Req_t10DualMode_ttt] -> (nil)
npuchk: [_ZN6npuchk23fix_winograd_cc_to_ubufEPsPimm] -> (nil)
npuchk: [_ZN6npuchk23fix_winograd_cc_to_ubufEPsPi11unit_flag_thtttt13ConvReluFix_tb6Relu_tbS4_6Pool_t5Req_t10DualMode_ttt] -> (nil)
npuchk: [_ZN6npuchk23fix_winograd_cc_to_ubufEPaPimm] -> (nil)
npuchk: [_ZN6npuchk23fix_winograd_cc_to_ubufEPaPi11unit_flag_thtttt13ConvReluFix_tb6Relu_tbS4_6Pool_t5Req_t10DualMode_ttt] -> (nil)
npuchk: [_ZN6npuchk23fix_winograd_cc_to_ubufEPhPimm] -> (nil)
npuchk: [_ZN6npuchk23fix_winograd_cc_to_ubufEPhPi11unit_flag_thtttt13ConvReluFix_tb6Relu_tbS4_6Pool_t5Req_t10DualMode_ttt] -> (nil)
npuchk: [_ZN6npuchk23fix_winograd_cc_to_ubufEPiS0_11unit_flag_thtttt13ConvReluFix_tb6Relu_tbS3_6Pool_t5Req_t10DualMode_ttt] -> (nil)
npuchk: [_ZN6npuchk4fmaxEPhS0_m] -> (nil)
npuchk: [_ZN6npuchk4fmaxEPhS0_8w_size_thhhaaaaa] -> (nil)
npuchk: [_ZN6npuchk4fminEPhS0_m] -> (nil)
npuchk: [_ZN6npuchk4fminEPhS0_8w_size_thhhaaaaa] -> (nil)
npuchk: [_ZN6npuchk11get_acc_valEv] -> (nil)
npuchk: [_ZN6npuchk6get_arEv] -> (nil)
npuchk: [_ZN6npuchk12get_arch_verEv] -> (nil)
npuchk: [_ZN6npuchk13get_block_idxEv] -> (nil)
npuchk: [_ZN6npuchk13get_block_numEv] -> (nil)
npuchk: [_ZN6npuchk11get_cmpmaskEPv] -> 0xe7fff3c18fb8
npuchk: [_ZN6npuchk8get_condEv] -> (nil)
npuchk: [_ZN6npuchk18get_condition_flagEv] -> (nil)
npuchk: [_ZN6npuchk10get_coreidEv] -> (nil)
npuchk: [_ZN6npuchk8get_ctrlEv] -> (nil)
npuchk: [_ZN6npuchk18get_data_main_baseEv] -> (nil)
npuchk: [_ZN6npuchk13get_data_sizeEv] -> (nil)
npuchk: [_ZN6npuchk16get_data_ub_baseEv] -> (nil)
npuchk: [_ZN6npuchk18get_ffts_base_addrEv] -> (nil)
npuchk: [_ZN6npuchk7get_fpcEv] -> (nil)
npuchk: [_ZN6npuchk17get_icache_prl_stEv] -> (nil)
npuchk: [_ZN6npuchk7get_immEm] -> (nil)
npuchk: [_ZN6npuchk7get_immEmm] -> (nil)
npuchk: [_ZN6npuchk7get_immEmmm] -> (nil)
npuchk: [_ZN6npuchk7get_immEmmmm] -> (nil)
npuchk: [_ZN6npuchk9get_k_numEv] -> (nil)
npuchk: [_ZN6npuchk14get_l2_in_mainEv] -> (nil)
npuchk: [_ZN6npuchk17get_l2_vaddr_baseEv] -> (nil)
npuchk: [_ZN6npuchk9get_lpcntEv] -> (nil)
npuchk: [_ZN6npuchk15get_max_min_cntEv] -> (nil)
npuchk: [_ZN6npuchk19get_overflow_statusEv] -> (nil)
npuchk: [_ZN6npuchk13get_para_baseEv] -> (nil)
npuchk: [_ZN6npuchk6get_pcEv] -> (nil)
npuchk: [_ZN6npuchk14get_rpn_cor_irEv] -> (nil)
npuchk: [_ZN6npuchk12get_rsvd_cntEv] -> (nil)
npuchk: [_ZN6npuchk19get_safety_crc_dataEv] -> (nil)
npuchk: [_ZN6npuchk17get_safety_crc_enEv] -> (nil)
npuchk: [_ZN6npuchk16get_smmu_tag_verEv] -> (nil)
npuchk: [_ZN6npuchk17get_st_atomic_cfgEv] -> (nil)
npuchk: [_ZN6npuchk18get_stack_phy_baseEv] -> (nil)
npuchk: [_ZN6npuchk10get_statusEv] -> (nil)
npuchk: [_ZN6npuchk15get_subblockdimEv] -> (nil)
npuchk: [_ZN6npuchk14get_subblockidEv] -> (nil)
npuchk: [_ZN6npuchk11get_sys_cntEv] -> (nil)
npuchk: [_ZN6npuchk15get_sys_va_baseEv] -> (nil)
npuchk: [_ZN6npuchk14get_thread_dimEv] -> (nil)
npuchk: [_ZN6npuchk13get_thread_idEv] -> (nil)
npuchk: [_ZN6npuchk6get_vlEv] -> (nil)
npuchk: [_ZN6npuchk11get_vms4_srEv] -> (nil)
npuchk: [_ZN6npuchk15hebcd_out_to_ubEPvS0_S0_m] -> (nil)
npuchk: [_ZN6npuchk15hebcd_out_to_ubEPvS0_S0_hhbbhttht] -> (nil)
npuchk: [_ZN6npuchk15hebce_l1_to_outEPvS0_S0_m] -> (nil)
npuchk: [_ZN6npuchk15hebce_l1_to_outEPvS0_S0_bbhhbbhttht] -> (nil)
npuchk: [_ZN6npuchk15hebce_ub_to_outEPvS0_S0_m] -> (nil)
npuchk: [_ZN6npuchk15hebce_ub_to_outEPvS0_S0_bbhhbbhttht] -> (nil)
npuchk: [_ZN6npuchk9hset_flagE6pipe_tS0_7event_t5mem_tb] -> (nil)
npuchk: [_ZN6npuchk9hset_flagE6pipe_tS0_m5mem_tb] -> (nil)
npuchk: [_ZN6npuchk10hwait_flagE6pipe_tS0_7event_t5mem_tb] -> (nil)
npuchk: [_ZN6npuchk10hwait_flagE6pipe_tS0_m5mem_tb] -> (nil)
npuchk: [_ZN6npuchk18img2col_cbuf_to_caEPN7float165Fp16TES2_mm7csize_t] -> 0xe7fff3cc56dc
npuchk: [_ZN6npuchk18img2col_cbuf_to_caEPN7float165Fp16TES2_hhssthhhhhhhhh7csize_t] -> 0xe7fff3cc5a24
npuchk: [_ZN6npuchk18img2col_cbuf_to_caEPaS0_mm7csize_t] -> 0xe7fff3cc612c
npuchk: [_ZN6npuchk18img2col_cbuf_to_caEPaS0_hhssthhhhhhhhh7csize_t] -> 0xe7fff3cc6474
npuchk: [_ZN6npuchk18img2col_cbuf_to_caEPhS0_mm7csize_t] -> 0xe7fff3cc6b7c
npuchk: [_ZN6npuchk18img2col_cbuf_to_caEPhS0_hhssthhhhhhhhh7csize_t] -> 0xe7fff3cc6ec4
npuchk: [_ZN6npuchk18img2col_cbuf_to_cbEPN7float165Fp16TES2_mm7csize_t] -> 0xe7fff3cc75cc
npuchk: [_ZN6npuchk18img2col_cbuf_to_cbEPN7float165Fp16TES2_hhssthhhhhhhhh7csize_t] -> 0xe7fff3cc7918
npuchk: [_ZN6npuchk18img2col_cbuf_to_cbEPaS0_mm7csize_t] -> 0xe7fff3cc8024
npuchk: [_ZN6npuchk18img2col_cbuf_to_cbEPaS0_hhssthhhhhhhhh7csize_t] -> 0xe7fff3cc8370
npuchk: [_ZN6npuchk18img2col_cbuf_to_cbEPhS0_mm7csize_t] -> 0xe7fff3cc8a7c
npuchk: [_ZN6npuchk18img2col_cbuf_to_cbEPhS0_hhssthhhhhhhhh7csize_t] -> 0xe7fff3cc8dc8
npuchk: [_ZN6npuchk18img2col_cbuf_to_ubEPN7float165Fp16TES2_mm7csize_t] -> 0xe7fff3cc94d4
npuchk: [_ZN6npuchk18img2col_cbuf_to_ubEPN7float165Fp16TES2_hhssthhhhhhhhh7csize_t] -> 0xe7fff3cc981c
npuchk: [_ZN6npuchk18img2col_cbuf_to_ubEPaS0_mm7csize_t] -> 0xe7fff3cc9f24
npuchk: [_ZN6npuchk18img2col_cbuf_to_ubEPaS0_hhssthhhhhhhhh7csize_t] -> 0xe7fff3cca26c
npuchk: [_ZN6npuchk18img2col_cbuf_to_ubEPhS0_mm7csize_t] -> 0xe7fff3cca974
npuchk: [_ZN6npuchk18img2col_cbuf_to_ubEPhS0_hhssthhhhhhhhh7csize_t] -> 0xe7fff3ccacbc
npuchk: [_ZN6npuchk20img2colv2_cbuf_to_caEPN7float165Fp16TES2_mm] -> 0xe7fff3bd13c8
npuchk: [_ZN6npuchk20img2colv2_cbuf_to_caEPN7float165Fp16TES2_mm4bm_t] -> 0xe7fff3ccb3c4
npuchk: [_ZN6npuchk20img2colv2_cbuf_to_caEPN7float165Fp16TES2_tttthhhhhhbt] -> 0xe7fff3ccb60c
npuchk: [_ZN6npuchk20img2colv2_cbuf_to_caEPN7float165Fp16TES2_tttthhhhhhbt4bm_t] -> (nil)
npuchk: [_ZN6npuchk20img2colv2_cbuf_to_caEPN7float165Fp16TES2_tttthhhhhhbbbbt] -> 0xe7fff3bd16a4
npuchk: [_ZN6npuchk20img2colv2_cbuf_to_caEPN8bfloat165Bf16TES2_mm] -> 0xe7fff3bd1d4c
npuchk: [_ZN6npuchk20img2colv2_cbuf_to_caEPN8bfloat165Bf16TES2_mm4bm_t] -> (nil)
npuchk: [_ZN6npuchk20img2colv2_cbuf_to_caEPN8bfloat165Bf16TES2_tttthhhhhhbt] -> (nil)
npuchk: [_ZN6npuchk20img2colv2_cbuf_to_caEPN8bfloat165Bf16TES2_tttthhhhhhbt4bm_t] -> (nil)
npuchk: [_ZN6npuchk20img2colv2_cbuf_to_caEPN8bfloat165Bf16TES2_tttthhhhhhbbbbt] -> 0xe7fff3bd2028
npuchk: [_ZN6npuchk20img2colv2_cbuf_to_caEPfS0_mm] -> 0xe7fff3bd26d0
npuchk: [_ZN6npuchk20img2colv2_cbuf_to_caEPfS0_mm4bm_t] -> 0xe7fff3ccbbe8
npuchk: [_ZN6npuchk20img2colv2_cbuf_to_caEPfS0_tttthhhhhhbt] -> 0xe7fff3ccbe30
npuchk: [_ZN6npuchk20img2colv2_cbuf_to_caEPfS0_tttthhhhhhbt4bm_t] -> (nil)
npuchk: [_ZN6npuchk20img2colv2_cbuf_to_caEPfS0_tttthhhhhhbbbbt] -> 0xe7fff3bd29ac
npuchk: [_ZN6npuchk20img2colv2_cbuf_to_caEPiS0_mm] -> 0xe7fff3bd3054
npuchk: [_ZN6npuchk20img2colv2_cbuf_to_caEPiS0_mm4bm_t] -> 0xe7fff3ccc40c
npuchk: [_ZN6npuchk20img2colv2_cbuf_to_caEPiS0_tttthhhhhhbt] -> 0xe7fff3ccc654
npuchk: [_ZN6npuchk20img2colv2_cbuf_to_caEPiS0_tttthhhhhhbt4bm_t] -> (nil)
npuchk: [_ZN6npuchk20img2colv2_cbuf_to_caEPiS0_tttthhhhhhbbbbt] -> 0xe7fff3bd3330
npuchk: [_ZN6npuchk20img2colv2_cbuf_to_caEPaS0_mm] -> 0xe7fff3bd39d8
npuchk: [_ZN6npuchk20img2colv2_cbuf_to_caEPaS0_mm4bm_t] -> 0xe7fff3cccc30
npuchk: [_ZN6npuchk20img2colv2_cbuf_to_caEPaS0_tttthhhhhhbt] -> 0xe7fff3ccce78
npuchk: [_ZN6npuchk20img2colv2_cbuf_to_caEPaS0_tttthhhhhhbt4bm_t] -> (nil)
npuchk: [_ZN6npuchk20img2colv2_cbuf_to_caEPaS0_tttthhhhhhbbbbt] -> 0xe7fff3bd3cb4
npuchk: [_ZN6npuchk20img2colv2_cbuf_to_caEPjS0_mm] -> 0xe7fff3bd435c
npuchk: [_ZN6npuchk20img2colv2_cbuf_to_caEPjS0_mm4bm_t] -> 0xe7fff3ccd454
npuchk: [_ZN6npuchk20img2colv2_cbuf_to_caEPjS0_tttthhhhhhbt] -> 0xe7fff3ccd69c
npuchk: [_ZN6npuchk20img2colv2_cbuf_to_caEPjS0_tttthhhhhhbt4bm_t] -> (nil)
npuchk: [_ZN6npuchk20img2colv2_cbuf_to_caEPjS0_tttthhhhhhbbbbt] -> 0xe7fff3bd4638
npuchk: [_ZN6npuchk20img2colv2_cbuf_to_caEPhS0_mm] -> 0xe7fff3bd4ce0
npuchk: [_ZN6npuchk20img2colv2_cbuf_to_caEPhS0_mm4bm_t] -> 0xe7fff3ccdc78
npuchk: [_ZN6npuchk20img2colv2_cbuf_to_caEPhS0_tttthhhhhhbt] -> 0xe7fff3ccdec0
npuchk: [_ZN6npuchk20img2colv2_cbuf_to_caEPhS0_tttthhhhhhbt4bm_t] -> (nil)
npuchk: [_ZN6npuchk20img2colv2_cbuf_to_caEPhS0_tttthhhhhhbbbbt] -> 0xe7fff3bd4fbc
npuchk: [_ZN6npuchk23img2colv2_cbuf_to_ca_s4EPvS0_mm] -> 0xe7fff3bd5664
npuchk: [_ZN6npuchk23img2colv2_cbuf_to_ca_s4EPvS0_mm4bm_t] -> 0xe7fff3cce49c
npuchk: [_ZN6npuchk23img2colv2_cbuf_to_ca_s4EPvS0_tttthhhhhhbt] -> 0xe7fff3cce6e4
npuchk: [_ZN6npuchk23img2colv2_cbuf_to_ca_s4EPvS0_tttthhhhhhbt4bm_t] -> (nil)
npuchk: [_ZN6npuchk23img2colv2_cbuf_to_ca_s4EPvS0_tttthhhhhhbbbbt] -> 0xe7fff3bd5940
npuchk: [_ZN6npuchk20img2colv2_cbuf_to_cbEPN7float165Fp16TES2_mm] -> 0xe7fff3bd5fe8
npuchk: [_ZN6npuchk20img2colv2_cbuf_to_cbEPN7float165Fp16TES2_mm4bm_t] -> 0xe7fff3ccecc0
npuchk: [_ZN6npuchk20img2colv2_cbuf_to_cbEPN7float165Fp16TES2_tttthhhhhhbt] -> 0xe7fff3ccef0c
npuchk: [_ZN6npuchk20img2colv2_cbuf_to_cbEPN7float165Fp16TES2_tttthhhhhhbt4bm_t] -> (nil)
npuchk: [_ZN6npuchk20img2colv2_cbuf_to_cbEPN7float165Fp16TES2_tttthhhhhhbbbbt] -> 0xe7fff3bd62c8
npuchk: [_ZN6npuchk20img2colv2_cbuf_to_cbEPN8bfloat165Bf16TES2_mm] -> 0xe7fff3bd6974
npuchk: [_ZN6npuchk20img2colv2_cbuf_to_cbEPN8bfloat165Bf16TES2_mm4bm_t] -> (nil)
npuchk: [_ZN6npuchk20img2colv2_cbuf_to_cbEPN8bfloat165Bf16TES2_tttthhhhhhbt] -> (nil)
npuchk: [_ZN6npuchk20img2colv2_cbuf_to_cbEPN8bfloat165Bf16TES2_tttthhhhhhbt4bm_t] -> (nil)
npuchk: [_ZN6npuchk20img2colv2_cbuf_to_cbEPN8bfloat165Bf16TES2_tttthhhhhhbbbbt] -> 0xe7fff3bd6b78
npuchk: [_ZN6npuchk20img2colv2_cbuf_to_cbEPfS0_mm] -> 0xe7fff3bd70ac
npuchk: [_ZN6npuchk20img2colv2_cbuf_to_cbEPfS0_mm4bm_t] -> 0xe7fff3ccf4ec
npuchk: [_ZN6npuchk20img2colv2_cbuf_to_cbEPfS0_tttthhhhhhbt] -> 0xe7fff3ccf738
npuchk: [_ZN6npuchk20img2colv2_cbuf_to_cbEPfS0_tttthhhhhhbt4bm_t] -> (nil)
npuchk: [_ZN6npuchk20img2colv2_cbuf_to_cbEPfS0_tttthhhhhhbbbbt] -> 0xe7fff3bd738c
npuchk: [_ZN6npuchk20img2colv2_cbuf_to_cbEPiS0_mm] -> 0xe7fff3bd7a38
npuchk: [_ZN6npuchk20img2colv2_cbuf_to_cbEPiS0_mm4bm_t] -> 0xe7fff3ccfd18
npuchk: [_ZN6npuchk20img2colv2_cbuf_to_cbEPiS0_tttthhhhhhbt] -> 0xe7fff3ccff64
npuchk: [_ZN6npuchk20img2colv2_cbuf_to_cbEPiS0_tttthhhhhhbt4bm_t] -> (nil)
npuchk: [_ZN6npuchk20img2colv2_cbuf_to_cbEPiS0_tttthhhhhhbbbbt] -> 0xe7fff3bd7d18
npuchk: [_ZN6npuchk20img2colv2_cbuf_to_cbEPaS0_mm] -> 0xe7fff3cd0544
npuchk: [_ZN6npuchk20img2colv2_cbuf_to_cbEPaS0_mm4bm_t] -> 0xe7fff3cd0824
npuchk: [_ZN6npuchk20img2colv2_cbuf_to_cbEPaS0_tttthhhhhhbt] -> 0xe7fff3cd0a70
npuchk: [_ZN6npuchk20img2colv2_cbuf_to_cbEPaS0_tttthhhhhhbt4bm_t] -> (nil)
npuchk: [_ZN6npuchk20img2colv2_cbuf_to_cbEPaS0_tttthhhhhhbbbbt] -> (nil)
npuchk: [_ZN6npuchk20img2colv2_cbuf_to_cbEPjS0_mm] -> 0xe7fff3bd83c4
npuchk: [_ZN6npuchk20img2colv2_cbuf_to_cbEPjS0_mm4bm_t] -> 0xe7fff3cd1050
npuchk: [_ZN6npuchk20img2colv2_cbuf_to_cbEPjS0_tttthhhhhhbt] -> 0xe7fff3cd129c
npuchk: [_ZN6npuchk20img2colv2_cbuf_to_cbEPjS0_tttthhhhhhbt4bm_t] -> (nil)
npuchk: [_ZN6npuchk20img2colv2_cbuf_to_cbEPjS0_tttthhhhhhbbbbt] -> 0xe7fff3bd86a4
npuchk: [_ZN6npuchk20img2colv2_cbuf_to_cbEPhS0_mm] -> 0xe7fff3cd187c
npuchk: [_ZN6npuchk20img2colv2_cbuf_to_cbEPhS0_mm4bm_t] -> 0xe7fff3cd1b5c
npuchk: [_ZN6npuchk20img2colv2_cbuf_to_cbEPhS0_tttthhhhhhbt] -> 0xe7fff3cd1da8
npuchk: [_ZN6npuchk20img2colv2_cbuf_to_cbEPhS0_tttthhhhhhbt4bm_t] -> (nil)
npuchk: [_ZN6npuchk20img2colv2_cbuf_to_cbEPhS0_tttthhhhhhbbbbt] -> (nil)
npuchk: [_ZN6npuchk23img2colv2_cbuf_to_cb_s4EPvS0_mm] -> 0xe7fff3cd2388
npuchk: [_ZN6npuchk23img2colv2_cbuf_to_cb_s4EPvS0_mm4bm_t] -> 0xe7fff3cd2668
npuchk: [_ZN6npuchk23img2colv2_cbuf_to_cb_s4EPvS0_tttthhhhhhbt] -> 0xe7fff3cd28b4
npuchk: [_ZN6npuchk23img2colv2_cbuf_to_cb_s4EPvS0_tttthhhhhhbt4bm_t] -> (nil)
npuchk: [_ZN6npuchk23img2colv2_cbuf_to_cb_s4EPvS0_tttthhhhhhbbbbt] -> (nil)
npuchk: [_ZN6npuchk20img2colv2_cbuf_to_ubEPN7float165Fp16TES2_mm] -> 0xe7fff3cd2e94
npuchk: [_ZN6npuchk20img2colv2_cbuf_to_ubEPN7float165Fp16TES2_mm4bm_t] -> 0xe7fff3cd3170
npuchk: [_ZN6npuchk20img2colv2_cbuf_to_ubEPN7float165Fp16TES2_tttthhhhhhbt] -> 0xe7fff3cd33b8
npuchk: [_ZN6npuchk20img2colv2_cbuf_to_ubEPN7float165Fp16TES2_tttthhhhhhbt4bm_t] -> (nil)
npuchk: [_ZN6npuchk20img2colv2_cbuf_to_ubEPN7float165Fp16TES2_tttthhhhhhbbbbt] -> (nil)
npuchk: [_ZN6npuchk20img2colv2_cbuf_to_ubEPfS0_mm] -> 0xe7fff3cd3994
npuchk: [_ZN6npuchk20img2colv2_cbuf_to_ubEPfS0_mm4bm_t] -> 0xe7fff3cd3c70
npuchk: [_ZN6npuchk20img2colv2_cbuf_to_ubEPfS0_tttthhhhhhbt] -> 0xe7fff3cd3eb8
npuchk: [_ZN6npuchk20img2colv2_cbuf_to_ubEPfS0_tttthhhhhhbt4bm_t] -> (nil)
npuchk: [_ZN6npuchk20img2colv2_cbuf_to_ubEPfS0_tttthhhhhhbbbbt] -> (nil)
npuchk: [_ZN6npuchk20img2colv2_cbuf_to_ubEPiS0_mm] -> 0xe7fff3cd4494
npuchk: [_ZN6npuchk20img2colv2_cbuf_to_ubEPiS0_mm4bm_t] -> 0xe7fff3cd4770
npuchk: [_ZN6npuchk20img2colv2_cbuf_to_ubEPiS0_tttthhhhhhbt] -> 0xe7fff3cd49b8
npuchk: [_ZN6npuchk20img2colv2_cbuf_to_ubEPiS0_tttthhhhhhbt4bm_t] -> (nil)
npuchk: [_ZN6npuchk20img2colv2_cbuf_to_ubEPiS0_tttthhhhhhbbbbt] -> (nil)
npuchk: [_ZN6npuchk20img2colv2_cbuf_to_ubEPaS0_mm] -> 0xe7fff3cd4f94
npuchk: [_ZN6npuchk20img2colv2_cbuf_to_ubEPaS0_mm4bm_t] -> 0xe7fff3cd5270
npuchk: [_ZN6npuchk20img2colv2_cbuf_to_ubEPaS0_tttthhhhhhbt] -> 0xe7fff3cd54b8
npuchk: [_ZN6npuchk20img2colv2_cbuf_to_ubEPaS0_tttthhhhhhbt4bm_t] -> (nil)
npuchk: [_ZN6npuchk20img2colv2_cbuf_to_ubEPaS0_tttthhhhhhbbbbt] -> (nil)
npuchk: [_ZN6npuchk20img2colv2_cbuf_to_ubEPjS0_mm] -> 0xe7fff3cd5a94
npuchk: [_ZN6npuchk20img2colv2_cbuf_to_ubEPjS0_mm4bm_t] -> 0xe7fff3cd5d70
npuchk: [_ZN6npuchk20img2colv2_cbuf_to_ubEPjS0_tttthhhhhhbt] -> 0xe7fff3cd5fb8
npuchk: [_ZN6npuchk20img2colv2_cbuf_to_ubEPjS0_tttthhhhhhbt4bm_t] -> (nil)
npuchk: [_ZN6npuchk20img2colv2_cbuf_to_ubEPjS0_tttthhhhhhbbbbt] -> (nil)
npuchk: [_ZN6npuchk20img2colv2_cbuf_to_ubEPhS0_mm] -> 0xe7fff3cd6594
npuchk: [_ZN6npuchk20img2colv2_cbuf_to_ubEPhS0_mm4bm_t] -> 0xe7fff3cd6870
npuchk: [_ZN6npuchk20img2colv2_cbuf_to_ubEPhS0_tttthhhhhhbt] -> 0xe7fff3cd6ab8
npuchk: [_ZN6npuchk20img2colv2_cbuf_to_ubEPhS0_tttthhhhhhbt4bm_t] -> (nil)
npuchk: [_ZN6npuchk20img2colv2_cbuf_to_ubEPhS0_tttthhhhhhbbbbt] -> (nil)
npuchk: [_ZN6npuchk23img2colv2_cbuf_to_ub_s4EPvS0_mm] -> 0xe7fff3cd7094
npuchk: [_ZN6npuchk23img2colv2_cbuf_to_ub_s4EPvS0_mm4bm_t] -> 0xe7fff3cd7370
npuchk: [_ZN6npuchk23img2colv2_cbuf_to_ub_s4EPvS0_tttthhhhhhbt] -> 0xe7fff3cd75b8
npuchk: [_ZN6npuchk23img2colv2_cbuf_to_ub_s4EPvS0_tttthhhhhhbt4bm_t] -> (nil)
npuchk: [_ZN6npuchk23img2colv2_cbuf_to_ub_s4EPvS0_tttthhhhhhbbbbt] -> (nil)
npuchk: [_ZN6npuchk10insert_immEmhhb] -> (nil)
npuchk: [_ZN6npuchk10insert_regEmmhh] -> (nil)
npuchk: [_ZN6npuchk6ld_devEPts] -> (nil)
npuchk: [_ZN6npuchk6ld_devEPjs] -> (nil)
npuchk: [_ZN6npuchk6ld_devEPms] -> (nil)
npuchk: [_ZN6npuchk6ld_devEPhs] -> (nil)
npuchk: [_ZN6npuchk4ldvaE10ub_addr8_tmb] -> (nil)
npuchk: [_ZN6npuchk15load_cbuf_to_caEPN8bfloat165Bf16TES2_mb] -> 0xe7fff3bd8d50
npuchk: [_ZN6npuchk15load_cbuf_to_caEPN8bfloat165Bf16TES2_mb15addr_cal_mode_t] -> 0xe7fff3bd9038
npuchk: [_ZN6npuchk15load_cbuf_to_caEPN8bfloat165Bf16TES2_thtthb15addr_cal_mode_t] -> 0xe7fff3bd9374
npuchk: [_ZN6npuchk15load_cbuf_to_caEPN8bfloat165Bf16TES2_thtthbb15addr_cal_mode_t] -> 0xe7fff3bd97e4
npuchk: [_ZN6npuchk15load_cbuf_to_caEPN8bfloat165Bf16TES2_ththb] -> 0xe7fff3bd9c98
npuchk: [_ZN6npuchk15load_cbuf_to_caEPN8bfloat165Bf16TES2_thttb15addr_cal_mode_t] -> (nil)
npuchk: [_ZN6npuchk15load_cbuf_to_caEPN8bfloat165Bf16TES2_mmb] -> (nil)
npuchk: [_ZN6npuchk15load_cbuf_to_caEPN8bfloat165Bf16TES2_tthhttb] -> (nil)
npuchk: [_ZN6npuchk15load_cbuf_to_caEPN7float165Fp16TES2_tthhstb] -> (nil)
npuchk: [_ZN6npuchk15load_cbuf_to_caEPhS0_tthhstb] -> (nil)
npuchk: [_ZN6npuchk15load_cbuf_to_caEPaS0_tthhstb] -> (nil)
npuchk: [_ZN6npuchk15load_cbuf_to_caEPsS0_tthhstb] -> (nil)
npuchk: [_ZN6npuchk15load_cbuf_to_caEPtS0_tthhstb] -> (nil)
npuchk: [_ZN6npuchk15load_cbuf_to_caEPN7float165Fp16TES2_mb] -> 0xe7fff3bda070
npuchk: [_ZN6npuchk15load_cbuf_to_caEPN7float165Fp16TES2_mb15addr_cal_mode_t] -> 0xe7fff3bda358
npuchk: [_ZN6npuchk15load_cbuf_to_caEPN7float165Fp16TES2_thtthb15addr_cal_mode_t] -> 0xe7fff3bda694
npuchk: [_ZN6npuchk15load_cbuf_to_caEPN7float165Fp16TES2_thtthbb15addr_cal_mode_t] -> 0xe7fff3bdab04
npuchk: [_ZN6npuchk15load_cbuf_to_caEPN7float165Fp16TES2_ththb] -> 0xe7fff3bdafb8
npuchk: [_ZN6npuchk15load_cbuf_to_caEPN7float165Fp16TES2_thttb15addr_cal_mode_t] -> (nil)
npuchk: [_ZN6npuchk15load_cbuf_to_caEPfS0_mb15addr_cal_mode_t] -> 0xe7fff3bdb390
npuchk: [_ZN6npuchk15load_cbuf_to_caEPfS0_thtthb15addr_cal_mode_t] -> 0xe7fff3bdb6cc
npuchk: [_ZN6npuchk15load_cbuf_to_caEPfS0_thtthbb15addr_cal_mode_t] -> 0xe7fff3bdbb3c
npuchk: [_ZN6npuchk15load_cbuf_to_caEPfS0_thttb15addr_cal_mode_t] -> (nil)
npuchk: [_ZN6npuchk15load_cbuf_to_caEPiS0_mb15addr_cal_mode_t] -> 0xe7fff3bdbff0
npuchk: [_ZN6npuchk15load_cbuf_to_caEPiS0_thtthb15addr_cal_mode_t] -> 0xe7fff3bdc32c
npuchk: [_ZN6npuchk15load_cbuf_to_caEPiS0_thtthbb15addr_cal_mode_t] -> 0xe7fff3bdc79c
npuchk: [_ZN6npuchk15load_cbuf_to_caEPiS0_thttb15addr_cal_mode_t] -> (nil)
npuchk: [_ZN6npuchk15load_cbuf_to_caEPaS0_mb] -> 0xe7fff3bdcc50
npuchk: [_ZN6npuchk15load_cbuf_to_caEPaS0_mb15addr_cal_mode_t] -> 0xe7fff3bdcf38
npuchk: [_ZN6npuchk15load_cbuf_to_caEPaS0_thtthb15addr_cal_mode_t] -> 0xe7fff3bdd274
npuchk: [_ZN6npuchk15load_cbuf_to_caEPaS0_thtthbb15addr_cal_mode_t] -> 0xe7fff3bdd6e4
npuchk: [_ZN6npuchk15load_cbuf_to_caEPaS0_ththb] -> 0xe7fff3bddb98
npuchk: [_ZN6npuchk15load_cbuf_to_caEPaS0_thttb15addr_cal_mode_t] -> (nil)
npuchk: [_ZN6npuchk15load_cbuf_to_caEPjS0_mb15addr_cal_mode_t] -> 0xe7fff3bddf70
npuchk: [_ZN6npuchk15load_cbuf_to_caEPjS0_thtthb15addr_cal_mode_t] -> 0xe7fff3bde2ac
npuchk: [_ZN6npuchk15load_cbuf_to_caEPjS0_thtthbb15addr_cal_mode_t] -> 0xe7fff3bde71c
npuchk: [_ZN6npuchk15load_cbuf_to_caEPjS0_thttb15addr_cal_mode_t] -> (nil)
npuchk: [_ZN6npuchk15load_cbuf_to_caEPhS0_mb] -> 0xe7fff3bdebd0
npuchk: [_ZN6npuchk15load_cbuf_to_caEPhS0_mb15addr_cal_mode_t] -> 0xe7fff3bdeeb8
npuchk: [_ZN6npuchk15load_cbuf_to_caEPhS0_thtthb15addr_cal_mode_t] -> 0xe7fff3bdf1f4
npuchk: [_ZN6npuchk15load_cbuf_to_caEPhS0_thtthbb15addr_cal_mode_t] -> 0xe7fff3bdf664
npuchk: [_ZN6npuchk15load_cbuf_to_caEPhS0_ththb] -> 0xe7fff3bdfb18
npuchk: [_ZN6npuchk15load_cbuf_to_caEPhS0_thttb15addr_cal_mode_t] -> (nil)
npuchk: [_ZN6npuchk15load_cbuf_to_caEPN7float165Fp16TES2_ththb15addr_cal_mode_t] -> 0xe7fff3d39704
npuchk: [_ZN6npuchk15load_cbuf_to_caEPaS0_ththb15addr_cal_mode_t] -> 0xe7fff3d39b34
npuchk: [_ZN6npuchk15load_cbuf_to_caEPhS0_ththb15addr_cal_mode_t] -> 0xe7fff3d39f60
npuchk: [_ZN6npuchk18load_cbuf_to_ca_s4EPvS0_mb15addr_cal_mode_t] -> 0xe7fff3bdfef0
npuchk: [_ZN6npuchk18load_cbuf_to_ca_s4EPvS0_thtthb15addr_cal_mode_t] -> 0xe7fff3be022c
npuchk: [_ZN6npuchk18load_cbuf_to_ca_s4EPvS0_thtthbb15addr_cal_mode_t] -> 0xe7fff3be069c
npuchk: [_ZN6npuchk18load_cbuf_to_ca_s4EPvS0_tthhstb] -> (nil)
npuchk: [_ZN6npuchk25load_cbuf_to_ca_transposeEPN7float165Fp16TES2_mm] -> 0xe7fff3be0b50
npuchk: [_ZN6npuchk25load_cbuf_to_ca_transposeEPN7float165Fp16TES2_thttbt] -> 0xe7fff3be0e2c
npuchk: [_ZN6npuchk25load_cbuf_to_ca_transposeEPfS0_mm] -> 0xe7fff3be1234
npuchk: [_ZN6npuchk25load_cbuf_to_ca_transposeEPfS0_thttbt] -> 0xe7fff3be1510
npuchk: [_ZN6npuchk25load_cbuf_to_ca_transposeEPiS0_mm] -> 0xe7fff3be1918
npuchk: [_ZN6npuchk25load_cbuf_to_ca_transposeEPiS0_thttbt] -> 0xe7fff3be1bf4
npuchk: [_ZN6npuchk25load_cbuf_to_ca_transposeEPaS0_mm] -> 0xe7fff3be1ffc
npuchk: [_ZN6npuchk25load_cbuf_to_ca_transposeEPaS0_thttbt] -> 0xe7fff3be22d8
npuchk: [_ZN6npuchk25load_cbuf_to_ca_transposeEPjS0_mm] -> 0xe7fff3be26e0
npuchk: [_ZN6npuchk25load_cbuf_to_ca_transposeEPjS0_thttbt] -> 0xe7fff3be29bc
npuchk: [_ZN6npuchk25load_cbuf_to_ca_transposeEPhS0_mm] -> 0xe7fff3be2dc4
npuchk: [_ZN6npuchk25load_cbuf_to_ca_transposeEPhS0_thttbt] -> 0xe7fff3be30a0
npuchk: [_ZN6npuchk25load_cbuf_to_ca_transposeEPN8bfloat165Bf16TES2_thttbt] -> (nil)
npuchk: [_ZN6npuchk24load_cbuf_to_ca_winogradEPN7float165Fp16TES2_mm] -> 0xe7fff3cd7b94
npuchk: [_ZN6npuchk24load_cbuf_to_ca_winogradEPN7float165Fp16TES2_ttthhhhtttt] -> 0xe7fff3cd7e74
npuchk: [_ZN6npuchk24load_cbuf_to_ca_winogradEPaS0_mm] -> 0xe7fff3cd83fc
npuchk: [_ZN6npuchk24load_cbuf_to_ca_winogradEPaS0_ttthhhhtttt] -> 0xe7fff3cd86d8
npuchk: [_ZN6npuchk24load_cbuf_to_ca_winogradEPhS0_mm] -> 0xe7fff3cd8c5c
npuchk: [_ZN6npuchk24load_cbuf_to_ca_winogradEPhS0_ttthhhhtttt] -> 0xe7fff3cd8f3c
npuchk: [_ZN6npuchk27load_cbuf_to_ca_winograd_v2EPsS0_mm] -> (nil)
npuchk: [_ZN6npuchk27load_cbuf_to_ca_winograd_v2EPsS0_ttthhtttt] -> (nil)
npuchk: [_ZN6npuchk27load_cbuf_to_ca_winograd_v2EPsS0_ttthhttttb] -> (nil)
npuchk: [_ZN6npuchk27load_cbuf_to_ca_winograd_v2EPaS0_mm] -> (nil)
npuchk: [_ZN6npuchk27load_cbuf_to_ca_winograd_v2EPaS0_ttthhtttt] -> (nil)
npuchk: [_ZN6npuchk27load_cbuf_to_ca_winograd_v2EPaS0_ttthhttttb] -> (nil)
npuchk: [_ZN6npuchk27load_cbuf_to_ca_winograd_v2EPhS0_mm] -> (nil)
npuchk: [_ZN6npuchk27load_cbuf_to_ca_winograd_v2EPhS0_ttthhttttb] -> (nil)
npuchk: [_ZN6npuchk15load_cbuf_to_cbEPN8bfloat165Bf16TES2_mb] -> (nil)
npuchk: [_ZN6npuchk15load_cbuf_to_cbEPN8bfloat165Bf16TES2_mb15addr_cal_mode_t] -> (nil)
npuchk: [_ZN6npuchk15load_cbuf_to_cbEPN8bfloat165Bf16TES2_thtthb15addr_cal_mode_t] -> (nil)
npuchk: [_ZN6npuchk15load_cbuf_to_cbEPN8bfloat165Bf16TES2_thtthbb15addr_cal_mode_t] -> (nil)
npuchk: [_ZN6npuchk15load_cbuf_to_cbEPN8bfloat165Bf16TES2_ththb] -> (nil)
npuchk: [_ZN6npuchk15load_cbuf_to_cbEPN8bfloat165Bf16TES2_thttb15addr_cal_mode_t] -> (nil)
npuchk: [_ZN6npuchk15load_cbuf_to_cbEPN8bfloat165Bf16TES2_mmb] -> (nil)
npuchk: [_ZN6npuchk15load_cbuf_to_cbEPN8bfloat165Bf16TES2_tthhttb] -> (nil)
npuchk: [_ZN6npuchk15load_cbuf_to_cbEPN7float165Fp16TES2_tthhstb] -> (nil)
npuchk: [_ZN6npuchk15load_cbuf_to_cbEPaS0_tthhstb] -> (nil)
npuchk: [_ZN6npuchk15load_cbuf_to_cbEPhS0_tthhstb] -> (nil)
npuchk: [_ZN6npuchk15load_cbuf_to_cbEPsS0_tthhstb] -> (nil)
npuchk: [_ZN6npuchk15load_cbuf_to_cbEPtS0_tthhstb] -> (nil)
npuchk: [_ZN6npuchk15load_cbuf_to_cbEPN7float165Fp16TES2_mb] -> 0xe7fff3be34a8
npuchk: [_ZN6npuchk15load_cbuf_to_cbEPN7float165Fp16TES2_mb15addr_cal_mode_t] -> 0xe7fff3be3794
npuchk: [_ZN6npuchk15load_cbuf_to_cbEPN7float165Fp16TES2_thtthb15addr_cal_mode_t] -> 0xe7fff3be3ad4
npuchk: [_ZN6npuchk15load_cbuf_to_cbEPN7float165Fp16TES2_thtthbb15addr_cal_mode_t] -> 0xe7fff3be3f48
npuchk: [_ZN6npuchk15load_cbuf_to_cbEPN7float165Fp16TES2_ththb] -> 0xe7fff3be4400
npuchk: [_ZN6npuchk15load_cbuf_to_cbEPN7float165Fp16TES2_thttb15addr_cal_mode_t] -> (nil)
npuchk: [_ZN6npuchk15load_cbuf_to_cbEPfS0_mb15addr_cal_mode_t] -> 0xe7fff3be47dc
npuchk: [_ZN6npuchk15load_cbuf_to_cbEPfS0_thtthb15addr_cal_mode_t] -> 0xe7fff3be4b1c
npuchk: [_ZN6npuchk15load_cbuf_to_cbEPfS0_thtthbb15addr_cal_mode_t] -> 0xe7fff3be4f90
npuchk: [_ZN6npuchk15load_cbuf_to_cbEPfS0_thttb15addr_cal_mode_t] -> (nil)
npuchk: [_ZN6npuchk15load_cbuf_to_cbEPiS0_mb15addr_cal_mode_t] -> 0xe7fff3be5448
npuchk: [_ZN6npuchk15load_cbuf_to_cbEPiS0_thtthb15addr_cal_mode_t] -> 0xe7fff3be5788
npuchk: [_ZN6npuchk15load_cbuf_to_cbEPiS0_thtthbb15addr_cal_mode_t] -> 0xe7fff3be5bfc
npuchk: [_ZN6npuchk15load_cbuf_to_cbEPiS0_thttb15addr_cal_mode_t] -> (nil)
npuchk: [_ZN6npuchk15load_cbuf_to_cbEPaS0_mb] -> 0xe7fff3be60b4
npuchk: [_ZN6npuchk15load_cbuf_to_cbEPaS0_mb15addr_cal_mode_t] -> 0xe7fff3be63a0
npuchk: [_ZN6npuchk15load_cbuf_to_cbEPaS0_thtthb15addr_cal_mode_t] -> 0xe7fff3be66e0
npuchk: [_ZN6npuchk15load_cbuf_to_cbEPaS0_thtthbb15addr_cal_mode_t] -> 0xe7fff3be6b54
npuchk: [_ZN6npuchk15load_cbuf_to_cbEPaS0_ththb] -> 0xe7fff3be700c
npuchk: [_ZN6npuchk15load_cbuf_to_cbEPaS0_thttb15addr_cal_mode_t] -> (nil)
npuchk: [_ZN6npuchk15load_cbuf_to_cbEPjS0_mb15addr_cal_mode_t] -> 0xe7fff3be73e8
npuchk: [_ZN6npuchk15load_cbuf_to_cbEPjS0_thtthb15addr_cal_mode_t] -> 0xe7fff3be7728
npuchk: [_ZN6npuchk15load_cbuf_to_cbEPjS0_thtthbb15addr_cal_mode_t] -> 0xe7fff3be7b9c
npuchk: [_ZN6npuchk15load_cbuf_to_cbEPjS0_thttb15addr_cal_mode_t] -> (nil)
npuchk: [_ZN6npuchk15load_cbuf_to_cbEPhS0_mb] -> 0xe7fff3be8054
npuchk: [_ZN6npuchk15load_cbuf_to_cbEPhS0_mb15addr_cal_mode_t] -> 0xe7fff3be8340
npuchk: [_ZN6npuchk15load_cbuf_to_cbEPhS0_thtthb15addr_cal_mode_t] -> 0xe7fff3be8680
npuchk: [_ZN6npuchk15load_cbuf_to_cbEPhS0_thtthbb15addr_cal_mode_t] -> 0xe7fff3be8af4
npuchk: [_ZN6npuchk15load_cbuf_to_cbEPhS0_ththb] -> 0xe7fff3be8fac
npuchk: [_ZN6npuchk15load_cbuf_to_cbEPhS0_thttb15addr_cal_mode_t] -> (nil)
npuchk: [_ZN6npuchk15load_cbuf_to_cbEPN7float165Fp16TES2_ththb15addr_cal_mode_t] -> 0xe7fff3d3a38c
npuchk: [_ZN6npuchk15load_cbuf_to_cbEPaS0_ththb15addr_cal_mode_t] -> 0xe7fff3d3a7bc
npuchk: [_ZN6npuchk15load_cbuf_to_cbEPhS0_ththb15addr_cal_mode_t] -> 0xe7fff3d3abec
npuchk: [_ZN6npuchk18load_cbuf_to_cb_b2EPvS0_m] -> (nil)
npuchk: [_ZN6npuchk18load_cbuf_to_cb_b2EPN7float165Fp16TES2_m] -> 0xe7fff3cd94c4
npuchk: [_ZN6npuchk18load_cbuf_to_cb_b2EPN7float165Fp16TES2_hh] -> 0xe7fff3cd9748
npuchk: [_ZN6npuchk18load_cbuf_to_cb_b2EPN7float165Fp16TES2_h] -> 0xe7fff3cd9960
npuchk: [_ZN6npuchk18load_cbuf_to_cb_b2EPaS0_m] -> 0xe7fff3cd9bf0
npuchk: [_ZN6npuchk18load_cbuf_to_cb_b2EPaS0_hh] -> 0xe7fff3cd9e78
npuchk: [_ZN6npuchk18load_cbuf_to_cb_b2EPaS0_h] -> 0xe7fff3cda094
npuchk: [_ZN6npuchk18load_cbuf_to_cb_b2EPhS0_m] -> 0xe7fff3cda328
npuchk: [_ZN6npuchk18load_cbuf_to_cb_b2EPhS0_hh] -> 0xe7fff3cda5b0
npuchk: [_ZN6npuchk18load_cbuf_to_cb_b2EPhS0_h] -> 0xe7fff3cda7cc
npuchk: [_ZN6npuchk18load_cbuf_to_cb_s4EPvS0_mb15addr_cal_mode_t] -> 0xe7fff3be9388
npuchk: [_ZN6npuchk18load_cbuf_to_cb_s4EPvS0_thtthb15addr_cal_mode_t] -> 0xe7fff3be96c8
npuchk: [_ZN6npuchk18load_cbuf_to_cb_s4EPvS0_thtthbb15addr_cal_mode_t] -> 0xe7fff3be9b3c
npuchk: [_ZN6npuchk18load_cbuf_to_cb_s4EPvS0_tthhstb] -> (nil)
npuchk: [_ZN6npuchk18load_gm_to_ca_2dv2EPN7float165Fp16TES2_jjihhhh] -> (nil)
npuchk: [_ZN6npuchk18load_gm_to_ca_2dv2EPfS0_jjihhhh] -> (nil)
npuchk: [_ZN6npuchk18load_gm_to_ca_2dv2EPsS0_jjihhhh] -> (nil)
npuchk: [_ZN6npuchk18load_gm_to_ca_2dv2EPiS0_jjihhhh] -> (nil)
npuchk: [_ZN6npuchk18load_gm_to_ca_2dv2EPjS0_jjihhhh] -> (nil)
npuchk: [_ZN6npuchk18load_gm_to_ca_2dv2EPlPijjihhhh] -> (nil)
npuchk: [_ZN6npuchk18load_gm_to_ca_2dv2EPaS0_jjihhhh] -> (nil)
npuchk: [_ZN6npuchk18load_gm_to_ca_2dv2EPhS0_jjihhhh] -> (nil)
npuchk: [_ZN6npuchk21load_gm_to_ca_2dv2_s4EPvS0_jjihhhh] -> (nil)
npuchk: [_ZN6npuchk18load_gm_to_cb_2dv2EPN7float165Fp16TES2_jjihhhh] -> (nil)
npuchk: [_ZN6npuchk18load_gm_to_cb_2dv2EPfS0_jjihhhh] -> (nil)
npuchk: [_ZN6npuchk18load_gm_to_cb_2dv2EPsS0_jjihhhh] -> (nil)
npuchk: [_ZN6npuchk18load_gm_to_cb_2dv2EPiS0_jjihhhh] -> (nil)
npuchk: [_ZN6npuchk18load_gm_to_cb_2dv2EPjS0_jjihhhh] -> (nil)
npuchk: [_ZN6npuchk18load_gm_to_cb_2dv2EPlS0_jjihhhh] -> (nil)
npuchk: [_ZN6npuchk18load_gm_to_cb_2dv2EPaS0_jjihhhh] -> (nil)
npuchk: [_ZN6npuchk18load_gm_to_cb_2dv2EPhS0_jjihhhh] -> (nil)
npuchk: [_ZN6npuchk21load_gm_to_cb_2dv2_s4EPvS0_jjihhhh] -> (nil)
npuchk: [_ZN6npuchk20load_gm_to_cbuf_2dv2EPN7float165Fp16TES2_jjihhhh] -> (nil)
npuchk: [_ZN6npuchk20load_gm_to_cbuf_2dv2EPfS0_jjihhhh] -> (nil)
npuchk: [_ZN6npuchk20load_gm_to_cbuf_2dv2EPsS0_jjihhhh] -> (nil)
npuchk: [_ZN6npuchk20load_gm_to_cbuf_2dv2EPiS0_jjihhhh] -> (nil)
npuchk: [_ZN6npuchk20load_gm_to_cbuf_2dv2EPjS0_jjihhhh] -> (nil)
npuchk: [_ZN6npuchk20load_gm_to_cbuf_2dv2EPlS0_jjihhhh] -> (nil)
npuchk: [_ZN6npuchk20load_gm_to_cbuf_2dv2EPaS0_jjihhhh] -> (nil)
npuchk: [_ZN6npuchk20load_gm_to_cbuf_2dv2EPhS0_jjihhhh] -> (nil)
npuchk: [_ZN6npuchk23load_gm_to_cbuf_2dv2_s4EPvS0_jjihhhh] -> (nil)
npuchk: [_ZN6npuchk18load_cbuf_to_cb_spEPaS0_m] -> 0xe7fff3be9ff4
npuchk: [_ZN6npuchk18load_cbuf_to_cb_spEPaS0_th] -> 0xe7fff3bea278
npuchk: [_ZN6npuchk25load_cbuf_to_cb_transposeEPN7float165Fp16TES2_mm] -> 0xe7fff3bea550
npuchk: [_ZN6npuchk25load_cbuf_to_cb_transposeEPN7float165Fp16TES2_thttbt] -> 0xe7fff3bea830
npuchk: [_ZN6npuchk25load_cbuf_to_cb_transposeEPN8bfloat165Bf16TES2_thttbt] -> (nil)
npuchk: [_ZN6npuchk25load_cbuf_to_cb_transposeEPfS0_mm] -> 0xe7fff3beac3c
npuchk: [_ZN6npuchk25load_cbuf_to_cb_transposeEPfS0_thttbt] -> 0xe7fff3beaf1c
npuchk: [_ZN6npuchk25load_cbuf_to_cb_transposeEPiS0_mm] -> 0xe7fff3beb328
npuchk: [_ZN6npuchk25load_cbuf_to_cb_transposeEPiS0_thttbt] -> 0xe7fff3beb608
npuchk: [_ZN6npuchk25load_cbuf_to_cb_transposeEPaS0_mm] -> 0xe7fff3beba14
npuchk: [_ZN6npuchk25load_cbuf_to_cb_transposeEPaS0_thttbt] -> 0xe7fff3bebcf4
npuchk: [_ZN6npuchk25load_cbuf_to_cb_transposeEPjS0_mm] -> 0xe7fff3bec100
npuchk: [_ZN6npuchk25load_cbuf_to_cb_transposeEPjS0_thttbt] -> 0xe7fff3bec3e0
npuchk: [_ZN6npuchk25load_cbuf_to_cb_transposeEPhS0_mm] -> 0xe7fff3bec7ec
npuchk: [_ZN6npuchk25load_cbuf_to_cb_transposeEPhS0_thttbt] -> 0xe7fff3becacc
npuchk: [_ZN6npuchk28load_cbuf_to_cb_transpose_s4EPvS0_mm] -> 0xe7fff3beced8
npuchk: [_ZN6npuchk28load_cbuf_to_cb_transpose_s4EPvS0_thttbt] -> 0xe7fff3bed1b8
npuchk: [_ZN6npuchk28load_cbuf_to_cb_transpose_s4EPvS0_thttbtt] -> (nil)
npuchk: [_ZN6npuchk25load_cbuf_to_cb_transposeEPN7float165Fp16TES2_thttbtt] -> (nil)
npuchk: [_ZN6npuchk25load_cbuf_to_cb_transposeEPaS0_thttbtt] -> (nil)
npuchk: [_ZN6npuchk25load_cbuf_to_cb_transposeEPhS0_thttbtt] -> (nil)
npuchk: [_ZN6npuchk24load_cbuf_to_cb_winogradEPN7float165Fp16TES2_m] -> 0xe7fff3cdaa60
npuchk: [_ZN6npuchk24load_cbuf_to_cb_winogradEPN7float165Fp16TES2_hthhhbbh] -> 0xe7fff3cdace8
npuchk: [_ZN6npuchk24load_cbuf_to_cb_winogradEPaS0_m] -> 0xe7fff3cdb1a0
npuchk: [_ZN6npuchk24load_cbuf_to_cb_winogradEPaS0_hthhhbbh] -> 0xe7fff3cdb424
npuchk: [_ZN6npuchk27load_cbuf_to_cb_winograd_v2EPaS0_m] -> (nil)
npuchk: [_ZN6npuchk27load_cbuf_to_cb_winograd_v2EPaS0_tttb] -> (nil)
npuchk: [_ZN6npuchk30load_decompress_header_from_gmEPvm] -> 0xe7fff3cdb8d8
npuchk: [_ZN6npuchk30load_decompress_header_from_gmEPvth] -> 0xe7fff3cdbaf4
npuchk: [_ZN6npuchk13load_gm_to_caEPN7float165Fp16TES2_m] -> 0xe7fff3bed5c4
npuchk: [_ZN6npuchk13load_gm_to_caEPN7float165Fp16TES2_m15addr_cal_mode_t] -> 0xe7fff3bed84c
npuchk: [_ZN6npuchk13load_gm_to_caEPN7float165Fp16TES2_thtth15addr_cal_mode_t] -> 0xe7fff3bedb44
npuchk: [_ZN6npuchk13load_gm_to_caEPN7float165Fp16TES2_thtthb15addr_cal_mode_t] -> 0xe7fff3bedf74
npuchk: [_ZN6npuchk13load_gm_to_caEPN7float165Fp16TES2_thth] -> 0xe7fff3bee3e8
npuchk: [_ZN6npuchk13load_gm_to_caEPN8bfloat165Bf16TES2_m] -> 0xe7fff3bee760
npuchk: [_ZN6npuchk13load_gm_to_caEPN8bfloat165Bf16TES2_m15addr_cal_mode_t] -> 0xe7fff3bee9e8
npuchk: [_ZN6npuchk13load_gm_to_caEPN8bfloat165Bf16TES2_thtth15addr_cal_mode_t] -> 0xe7fff3beece0
npuchk: [_ZN6npuchk13load_gm_to_caEPN8bfloat165Bf16TES2_thtthb15addr_cal_mode_t] -> 0xe7fff3bef110
npuchk: [_ZN6npuchk13load_gm_to_caEPN8bfloat165Bf16TES2_thth] -> 0xe7fff3bef584
npuchk: [_ZN6npuchk13load_gm_to_caEPfS0_m15addr_cal_mode_t] -> 0xe7fff3bef8fc
npuchk: [_ZN6npuchk13load_gm_to_caEPfS0_thtth15addr_cal_mode_t] -> 0xe7fff3befbf4
npuchk: [_ZN6npuchk13load_gm_to_caEPfS0_thtthb15addr_cal_mode_t] -> 0xe7fff3bf0024
npuchk: [_ZN6npuchk13load_gm_to_caEPiS0_m15addr_cal_mode_t] -> 0xe7fff3bf0498
npuchk: [_ZN6npuchk13load_gm_to_caEPiS0_thtth15addr_cal_mode_t] -> 0xe7fff3bf0790
npuchk: [_ZN6npuchk13load_gm_to_caEPiS0_thtthb15addr_cal_mode_t] -> 0xe7fff3bf0bc0
npuchk: [_ZN6npuchk13load_gm_to_caEPaS0_m] -> 0xe7fff3bf1034
npuchk: [_ZN6npuchk13load_gm_to_caEPaS0_m15addr_cal_mode_t] -> 0xe7fff3bf12bc
npuchk: [_ZN6npuchk13load_gm_to_caEPaS0_thtth15addr_cal_mode_t] -> 0xe7fff3bf15b4
npuchk: [_ZN6npuchk13load_gm_to_caEPaS0_thtthb15addr_cal_mode_t] -> 0xe7fff3bf19e4
npuchk: [_ZN6npuchk13load_gm_to_caEPaS0_thth] -> 0xe7fff3bf1e58
npuchk: [_ZN6npuchk13load_gm_to_caEPjS0_m15addr_cal_mode_t] -> 0xe7fff3bf21d0
npuchk: [_ZN6npuchk13load_gm_to_caEPjS0_thtth15addr_cal_mode_t] -> 0xe7fff3bf24c8
npuchk: [_ZN6npuchk13load_gm_to_caEPjS0_thtthb15addr_cal_mode_t] -> 0xe7fff3bf28f8
npuchk: [_ZN6npuchk13load_gm_to_caEPhS0_m] -> 0xe7fff3bf2d6c
npuchk: [_ZN6npuchk13load_gm_to_caEPhS0_m15addr_cal_mode_t] -> 0xe7fff3bf2ff4
npuchk: [_ZN6npuchk13load_gm_to_caEPhS0_thtth15addr_cal_mode_t] -> 0xe7fff3bf32ec
npuchk: [_ZN6npuchk13load_gm_to_caEPhS0_thtthb15addr_cal_mode_t] -> 0xe7fff3bf371c
npuchk: [_ZN6npuchk13load_gm_to_caEPhS0_thth] -> 0xe7fff3bf3b90
npuchk: [_ZN6npuchk13load_gm_to_caEPN7float165Fp16TES2_thth15addr_cal_mode_t] -> 0xe7fff3d3b01c
npuchk: [_ZN6npuchk13load_gm_to_caEPaS0_thth15addr_cal_mode_t] -> 0xe7fff3d3b404
npuchk: [_ZN6npuchk13load_gm_to_caEPhS0_thth15addr_cal_mode_t] -> 0xe7fff3d3b7ec
npuchk: [_ZN6npuchk16load_gm_to_ca_s4EPvS0_m15addr_cal_mode_t] -> 0xe7fff3bf3f08
npuchk: [_ZN6npuchk16load_gm_to_ca_s4EPvS0_thtth15addr_cal_mode_t] -> 0xe7fff3bf4200
npuchk: [_ZN6npuchk16load_gm_to_ca_s4EPvS0_thtthb15addr_cal_mode_t] -> 0xe7fff3bf4630
npuchk: [_ZN6npuchk19load_gm_to_ca_unzipEPN7float165Fp16TES2_] -> 0xe7fff3d3bbd4
npuchk: [_ZN6npuchk19load_gm_to_ca_unzipEPvS0_] -> 0xe7fff3d3be00
npuchk: [_ZN6npuchk13load_gm_to_cbEPN7float165Fp16TES2_m] -> 0xe7fff3bf4aa4
npuchk: [_ZN6npuchk13load_gm_to_cbEPN7float165Fp16TES2_m15addr_cal_mode_t] -> 0xe7fff3bf4d2c
npuchk: [_ZN6npuchk13load_gm_to_cbEPN7float165Fp16TES2_thtth15addr_cal_mode_t] -> 0xe7fff3bf5024
npuchk: [_ZN6npuchk13load_gm_to_cbEPN7float165Fp16TES2_thtthb15addr_cal_mode_t] -> 0xe7fff3bf5454
npuchk: [_ZN6npuchk13load_gm_to_cbEPN7float165Fp16TES2_thth] -> 0xe7fff3bf58c8
npuchk: [_ZN6npuchk13load_gm_to_cbEPN8bfloat165Bf16TES2_m] -> 0xe7fff3bf5c40
npuchk: [_ZN6npuchk13load_gm_to_cbEPN8bfloat165Bf16TES2_m15addr_cal_mode_t] -> 0xe7fff3bf5ec8
npuchk: [_ZN6npuchk13load_gm_to_cbEPN8bfloat165Bf16TES2_thtth15addr_cal_mode_t] -> 0xe7fff3bf61c0
npuchk: [_ZN6npuchk13load_gm_to_cbEPN8bfloat165Bf16TES2_thtthb15addr_cal_mode_t] -> 0xe7fff3bf65f0
npuchk: [_ZN6npuchk13load_gm_to_cbEPN8bfloat165Bf16TES2_thth] -> 0xe7fff3bf6a64
npuchk: [_ZN6npuchk13load_gm_to_cbEPfS0_m15addr_cal_mode_t] -> 0xe7fff3bf6ddc
npuchk: [_ZN6npuchk13load_gm_to_cbEPfS0_thtth15addr_cal_mode_t] -> 0xe7fff3bf70d4
npuchk: [_ZN6npuchk13load_gm_to_cbEPfS0_thtthb15addr_cal_mode_t] -> 0xe7fff3bf7504
npuchk: [_ZN6npuchk13load_gm_to_cbEPiS0_m15addr_cal_mode_t] -> 0xe7fff3bf7978
npuchk: [_ZN6npuchk13load_gm_to_cbEPiS0_thtth15addr_cal_mode_t] -> 0xe7fff3bf7c70
npuchk: [_ZN6npuchk13load_gm_to_cbEPiS0_thtthb15addr_cal_mode_t] -> 0xe7fff3bf80a0
npuchk: [_ZN6npuchk13load_gm_to_cbEPaS0_m] -> 0xe7fff3bf8514
npuchk: [_ZN6npuchk13load_gm_to_cbEPaS0_m15addr_cal_mode_t] -> 0xe7fff3bf879c
npuchk: [_ZN6npuchk13load_gm_to_cbEPaS0_thtth15addr_cal_mode_t] -> 0xe7fff3bf8a94
npuchk: [_ZN6npuchk13load_gm_to_cbEPaS0_thtthb15addr_cal_mode_t] -> 0xe7fff3bf8ec4
npuchk: [_ZN6npuchk13load_gm_to_cbEPaS0_thth] -> 0xe7fff3bf9338
npuchk: [_ZN6npuchk13load_gm_to_cbEPjS0_m15addr_cal_mode_t] -> 0xe7fff3bf96b0
npuchk: [_ZN6npuchk13load_gm_to_cbEPjS0_thtth15addr_cal_mode_t] -> 0xe7fff3bf99a8
npuchk: [_ZN6npuchk13load_gm_to_cbEPjS0_thtthb15addr_cal_mode_t] -> 0xe7fff3bf9dd8
npuchk: [_ZN6npuchk13load_gm_to_cbEPhS0_m] -> 0xe7fff3bfa24c
npuchk: [_ZN6npuchk13load_gm_to_cbEPhS0_m15addr_cal_mode_t] -> 0xe7fff3bfa4d4
npuchk: [_ZN6npuchk13load_gm_to_cbEPhS0_thtth15addr_cal_mode_t] -> 0xe7fff3bfa7cc
npuchk: [_ZN6npuchk13load_gm_to_cbEPhS0_thtthb15addr_cal_mode_t] -> 0xe7fff3bfabfc
npuchk: [_ZN6npuchk13load_gm_to_cbEPhS0_thth] -> 0xe7fff3bfb070
npuchk: [_ZN6npuchk13load_gm_to_cbEPN7float165Fp16TES2_thth15addr_cal_mode_t] -> 0xe7fff3d3c02c
npuchk: [_ZN6npuchk13load_gm_to_cbEPaS0_thth15addr_cal_mode_t] -> 0xe7fff3d3c414
npuchk: [_ZN6npuchk13load_gm_to_cbEPhS0_thth15addr_cal_mode_t] -> 0xe7fff3d3c7fc
npuchk: [_ZN6npuchk16load_gm_to_cb_s4EPvS0_m15addr_cal_mode_t] -> 0xe7fff3bfb3e8
npuchk: [_ZN6npuchk16load_gm_to_cb_s4EPvS0_thtth15addr_cal_mode_t] -> 0xe7fff3bfb6e0
npuchk: [_ZN6npuchk16load_gm_to_cb_s4EPvS0_thtthb15addr_cal_mode_t] -> 0xe7fff3bfbb10
npuchk: [_ZN6npuchk19load_gm_to_cb_unzipEPN7float165Fp16TES2_] -> 0xe7fff3cdbd64
npuchk: [_ZN6npuchk19load_gm_to_cb_unzipEPvS0_] -> 0xe7fff3cdbf94
npuchk: [_ZN6npuchk15load_gm_to_cbufEPN7float165Fp16TES2_m] -> 0xe7fff3bfbf84
npuchk: [_ZN6npuchk15load_gm_to_cbufEPN7float165Fp16TES2_m15addr_cal_mode_t] -> 0xe7fff3bfc20c
npuchk: [_ZN6npuchk15load_gm_to_cbufEPN7float165Fp16TES2_thtth15addr_cal_mode_t] -> 0xe7fff3bfc504
npuchk: [_ZN6npuchk15load_gm_to_cbufEPN7float165Fp16TES2_thtthb15addr_cal_mode_t] -> 0xe7fff3bfc934
npuchk: [_ZN6npuchk15load_gm_to_cbufEPN7float165Fp16TES2_thth] -> 0xe7fff3bfcda8
npuchk: [_ZN6npuchk15load_gm_to_cbufEPN8bfloat165Bf16TES2_m] -> 0xe7fff3bfd120
npuchk: [_ZN6npuchk15load_gm_to_cbufEPN8bfloat165Bf16TES2_m15addr_cal_mode_t] -> 0xe7fff3bfd3a8
npuchk: [_ZN6npuchk15load_gm_to_cbufEPN8bfloat165Bf16TES2_thtth15addr_cal_mode_t] -> 0xe7fff3bfd6a0
npuchk: [_ZN6npuchk15load_gm_to_cbufEPN8bfloat165Bf16TES2_thtthb15addr_cal_mode_t] -> 0xe7fff3bfdad0
npuchk: [_ZN6npuchk15load_gm_to_cbufEPN8bfloat165Bf16TES2_thth] -> 0xe7fff3bfdf44
npuchk: [_ZN6npuchk15load_gm_to_cbufEPfS0_m15addr_cal_mode_t] -> 0xe7fff3bfe2bc
npuchk: [_ZN6npuchk15load_gm_to_cbufEPfS0_thtth15addr_cal_mode_t] -> 0xe7fff3bfe5b4
npuchk: [_ZN6npuchk15load_gm_to_cbufEPfS0_thtthb15addr_cal_mode_t] -> 0xe7fff3bfe9e4
npuchk: [_ZN6npuchk15load_gm_to_cbufEPiS0_m15addr_cal_mode_t] -> 0xe7fff3bfee58
npuchk: [_ZN6npuchk15load_gm_to_cbufEPiS0_thtth15addr_cal_mode_t] -> 0xe7fff3bff150
npuchk: [_ZN6npuchk15load_gm_to_cbufEPiS0_thtthb15addr_cal_mode_t] -> 0xe7fff3bff580
npuchk: [_ZN6npuchk15load_gm_to_cbufEPaS0_m] -> 0xe7fff3bff9f4
npuchk: [_ZN6npuchk15load_gm_to_cbufEPaS0_m15addr_cal_mode_t] -> 0xe7fff3bffc7c
npuchk: [_ZN6npuchk15load_gm_to_cbufEPaS0_thtth15addr_cal_mode_t] -> 0xe7fff3bfff74
npuchk: [_ZN6npuchk15load_gm_to_cbufEPaS0_thtthb15addr_cal_mode_t] -> 0xe7fff3c003a4
npuchk: [_ZN6npuchk15load_gm_to_cbufEPaS0_thth] -> 0xe7fff3c00818
npuchk: [_ZN6npuchk15load_gm_to_cbufEPjS0_m15addr_cal_mode_t] -> 0xe7fff3c00b90
npuchk: [_ZN6npuchk15load_gm_to_cbufEPjS0_thtth15addr_cal_mode_t] -> 0xe7fff3c00e88
npuchk: [_ZN6npuchk15load_gm_to_cbufEPjS0_thtthb15addr_cal_mode_t] -> 0xe7fff3c012b8
npuchk: [_ZN6npuchk15load_gm_to_cbufEPhS0_m] -> 0xe7fff3c0172c
npuchk: [_ZN6npuchk15load_gm_to_cbufEPhS0_m15addr_cal_mode_t] -> 0xe7fff3c019b4
npuchk: [_ZN6npuchk15load_gm_to_cbufEPhS0_thtth15addr_cal_mode_t] -> 0xe7fff3c01cac
npuchk: [_ZN6npuchk15load_gm_to_cbufEPhS0_thtthb15addr_cal_mode_t] -> 0xe7fff3c020dc
npuchk: [_ZN6npuchk15load_gm_to_cbufEPhS0_thth] -> 0xe7fff3c02550
npuchk: [_ZN6npuchk15load_gm_to_cbufEPN7float165Fp16TES2_thth15addr_cal_mode_t] -> 0xe7fff3d3cbe4
npuchk: [_ZN6npuchk15load_gm_to_cbufEPaS0_thth15addr_cal_mode_t] -> 0xe7fff3d3cfcc
npuchk: [_ZN6npuchk15load_gm_to_cbufEPhS0_thth15addr_cal_mode_t] -> 0xe7fff3d3d3b4
npuchk: [_ZN6npuchk18load_gm_to_cbuf_s4EPvS0_m15addr_cal_mode_t] -> 0xe7fff3c028c8
npuchk: [_ZN6npuchk18load_gm_to_cbuf_s4EPvS0_thtth15addr_cal_mode_t] -> 0xe7fff3c02bc0
npuchk: [_ZN6npuchk18load_gm_to_cbuf_s4EPvS0_thtthb15addr_cal_mode_t] -> 0xe7fff3c02ff0
npuchk: [_ZN6npuchk21load_gm_to_cbuf_unzipEPN7float165Fp16TES2_] -> 0xe7fff3cdc1c4
npuchk: [_ZN6npuchk21load_gm_to_cbuf_unzipEPvS0_] -> 0xe7fff3cdc3f4
npuchk: [_ZN6npuchk18load_image_to_cbufEPN7float165Fp16TEmm] -> 0xe7fff3c03464
npuchk: [_ZN6npuchk18load_image_to_cbufEPN7float165Fp16TEttttthhtth] -> 0xe7fff3c036e4
npuchk: [_ZN6npuchk18load_image_to_cbufEPsmm] -> (nil)
npuchk: [_ZN6npuchk18load_image_to_cbufEPsttttthhtth] -> (nil)
npuchk: [_ZN6npuchk18load_image_to_cbufEPamm] -> 0xe7fff3c03bbc
npuchk: [_ZN6npuchk18load_image_to_cbufEPattttthhtth] -> 0xe7fff3c03e38
npuchk: [_ZN6npuchk18load_image_to_cbufEPhmm] -> 0xe7fff3cdc624
npuchk: [_ZN6npuchk18load_image_to_cbufEPhttttthhtth] -> 0xe7fff3cdc8a4
npuchk: [_ZN6npuchk26load_smask_table_from_cbufEtPvm] -> (nil)
npuchk: [_ZN6npuchk24load_smask_table_from_gmEtPvm] -> 0xe7fff3cdcd7c
npuchk: [_ZN6npuchk24load_smask_table_from_ubEtPvm] -> 0xe7fff3cdd000
npuchk: [_ZN6npuchk24load_unzip_index_from_gmEPvm] -> 0xe7fff3cdd288
npuchk: [_ZN6npuchk24load_unzip_index_from_gmEPvjh] -> 0xe7fff3cdd4a4
npuchk: [_ZN6npuchk3madEPN7float165Fp16TES2_S2_m] -> 0xe7fff3cdd714
npuchk: [_ZN6npuchk3madEPN7float165Fp16TES2_S2_tttb] -> 0xe7fff3cdda04
npuchk: [_ZN6npuchk3madEPN7float165Fp16TES2_S2_ttthhbbbbb] -> 0xe7fff3cdddcc
npuchk: [_ZN6npuchk3madEPN7float165Fp16TES2_S2_ttthbbb] -> (nil)
npuchk: [_ZN6npuchk3madEPfPN7float165Fp16TES3_m] -> 0xe7fff3c0430c
npuchk: [_ZN6npuchk3madEPfPN7float165Fp16TES3_tttb] -> 0xe7fff3c045fc
npuchk: [_ZN6npuchk3madEPfPN7float165Fp16TES3_ttthhbbbbb] -> 0xe7fff3c049c4
npuchk: [_ZN6npuchk3madEPfPN7float165Fp16TES3_ttthbbb] -> 0xe7fff3c04f40
npuchk: [_ZN6npuchk3madEPfPN7float165Fp16TES3_ttthhhbbbb] -> 0xe7fff3c053e4
npuchk: [_ZN6npuchk3madEPfPN8bfloat165Bf16TES3_m] -> 0xe7fff3c0596c
npuchk: [_ZN6npuchk3madEPfPN8bfloat165Bf16TES3_ttthbbb] -> 0xe7fff3c05c4c
npuchk: [_ZN6npuchk3madEPfPN8bfloat165Bf16TES3_ttthhhbbbb] -> 0xe7fff3c060e0
npuchk: [_ZN6npuchk3madEPfS0_S0_m] -> 0xe7fff3c06658
npuchk: [_ZN6npuchk3madEPfS0_S0_ttthbbb] -> 0xe7fff3c0694c
npuchk: [_ZN6npuchk3madEPfS0_S0_ttthhhbbbb] -> 0xe7fff3c06df4
npuchk: [_ZN6npuchk3madEPiPsPam] -> (nil)
npuchk: [_ZN6npuchk3madEPiPsPattth11unit_flag_tbb] -> (nil)
npuchk: [_ZN6npuchk3madEPiPaS1_m] -> 0xe7fff3c07380
npuchk: [_ZN6npuchk3madEPiPaS1_tttb] -> 0xe7fff3c07670
npuchk: [_ZN6npuchk3madEPiPaS1_ttthhbbbbb] -> 0xe7fff3c07a38
npuchk: [_ZN6npuchk3madEPiPaS1_ttthbbb] -> 0xe7fff3c07fb4
npuchk: [_ZN6npuchk3madEPiPaS1_ttthhhbbbb] -> 0xe7fff3c08458
npuchk: [_ZN6npuchk3madEPjPhS1_m] -> 0xe7fff3cde348
npuchk: [_ZN6npuchk3madEPjPhS1_tttb] -> 0xe7fff3cde638
npuchk: [_ZN6npuchk3madEPjPhS1_ttthhbbbbb] -> 0xe7fff3cdea00
npuchk: [_ZN6npuchk3madEPjPhS1_ttthbbb] -> (nil)
npuchk: [_ZN6npuchk3madEPiPhS1_m] -> 0xe7fff3cdef7c
npuchk: [_ZN6npuchk3madEPiPhS1_tttb] -> 0xe7fff3cdf26c
npuchk: [_ZN6npuchk3madEPiPhS1_ttthhbbbbb] -> 0xe7fff3cdf634
npuchk: [_ZN6npuchk3madEPiPhS1_ttthbbb] -> (nil)
npuchk: [_ZN6npuchk3madEPiPhS1_ttthhhbbbb] -> 0xe7fff3cdfbb0
npuchk: [_ZN6npuchk3madEPiPhPam] -> 0xe7fff3ce0138
npuchk: [_ZN6npuchk3madEPiPhPatttb] -> 0xe7fff3ce0428
npuchk: [_ZN6npuchk3madEPiPhPattthhbbbbb] -> 0xe7fff3ce07f0
npuchk: [_ZN6npuchk3madEPiPhPattthbbb] -> (nil)
npuchk: [_ZN6npuchk3madEPN7float165Fp16TES2_S2_mm] -> (nil)
npuchk: [_ZN6npuchk3madEPN7float165Fp16TES2_S2_mtttb] -> (nil)
npuchk: [_ZN6npuchk3madEPN7float165Fp16TES2_S2_mttthbbb] -> (nil)
npuchk: [_ZN6npuchk3madEPfPN7float165Fp16TES3_mm] -> (nil)
npuchk: [_ZN6npuchk3madEPfPN7float165Fp16TES3_mtttb] -> (nil)
npuchk: [_ZN6npuchk3madEPfPN7float165Fp16TES3_mttthbbb] -> (nil)
npuchk: [_ZN6npuchk3madEPfPN8bfloat165Bf16TES3_mm] -> (nil)
npuchk: [_ZN6npuchk3madEPfPN8bfloat165Bf16TES3_mttthbbb] -> (nil)
npuchk: [_ZN6npuchk3madEPfS0_S0_mm] -> (nil)
npuchk: [_ZN6npuchk3madEPfS0_S0_mttthbbb] -> (nil)
npuchk: [_ZN6npuchk3madEPiPsPamm] -> (nil)
npuchk: [_ZN6npuchk3madEPiPsPamttth11unit_flag_tbb] -> (nil)
npuchk: [_ZN6npuchk3madEPiPaS1_mm] -> (nil)
npuchk: [_ZN6npuchk3madEPiPaS1_mtttb] -> (nil)
npuchk: [_ZN6npuchk3madEPiPaS1_mttthbbb] -> (nil)
npuchk: [_ZN6npuchk3madEPjPhS1_mm] -> (nil)
npuchk: [_ZN6npuchk3madEPjPhS1_mtttb] -> (nil)
npuchk: [_ZN6npuchk3madEPjPhS1_mttthbbb] -> (nil)
npuchk: [_ZN6npuchk3madEPiPhS1_mm] -> (nil)
npuchk: [_ZN6npuchk3madEPiPhS1_mtttb] -> (nil)
npuchk: [_ZN6npuchk3madEPiPhS1_mttthbbb] -> (nil)
npuchk: [_ZN6npuchk3madEPiPhPamm] -> (nil)
npuchk: [_ZN6npuchk3madEPiPhPamtttb] -> (nil)
npuchk: [_ZN6npuchk3madEPiPhPamttthbbb] -> (nil)
npuchk: [_ZN6npuchk8mad_b8u2EPiPaPvm] -> 0xe7fff3ce0d6c
npuchk: [_ZN6npuchk8mad_b8u2EPiPaPvtttb] -> 0xe7fff3ce105c
npuchk: [_ZN6npuchk8mad_b8u2EPiPaPvttthhbbbbb] -> 0xe7fff3ce1424
npuchk: [_ZN6npuchk8mad_b8u2EPiPhPvm] -> 0xe7fff3ce19a0
npuchk: [_ZN6npuchk8mad_b8u2EPiPhPvtttb] -> 0xe7fff3ce1c90
npuchk: [_ZN6npuchk8mad_b8u2EPiPhPvttthhbbbbb] -> 0xe7fff3ce2058
npuchk: [_ZN6npuchk12mad_bf162f32EPfPtS1_m] -> (nil)
npuchk: [_ZN6npuchk12mad_bf162f32EPfPtS1_ttthbbb] -> (nil)
npuchk: [_ZN6npuchk12mad_bf162f32EPfPtS1_ttthhhbbbb] -> (nil)
npuchk: [_ZN6npuchk9mad_f16u2EPN7float165Fp16TES2_Pvm] -> 0xe7fff3ce25d4
npuchk: [_ZN6npuchk9mad_f16u2EPN7float165Fp16TES2_Pvtttb] -> 0xe7fff3ce28c4
npuchk: [_ZN6npuchk9mad_f16u2EPN7float165Fp16TES2_Pvttthhbbbbb] -> 0xe7fff3ce2c8c
npuchk: [_ZN6npuchk6mad_s4EPiPvS1_m] -> 0xe7fff3c089e0
npuchk: [_ZN6npuchk6mad_s4EPiPvS1_tttb] -> 0xe7fff3c08cd0
npuchk: [_ZN6npuchk6mad_s4EPiPvS1_ttthhbbbbb] -> 0xe7fff3c09098
npuchk: [_ZN6npuchk6mad_s4EPiPvS1_ttthbbb] -> 0xe7fff3c09614
npuchk: [_ZN6npuchk6mad_s4EPiPvS1_ttthhhbbbb] -> 0xe7fff3c09ab8
npuchk: [_ZN6npuchk6mad_spEPiPaS1_m] -> 0xe7fff3c0a040
npuchk: [_ZN6npuchk6mad_spEPiPaS1_ttthbb] -> 0xe7fff3c0a330
npuchk: [_ZN6npuchk12mad_tf322f32EPfS0_S0_m] -> 0xe7fff3c0a790
npuchk: [_ZN6npuchk12mad_tf322f32EPfS0_S0_ttthbbb] -> 0xe7fff3c0aa84
npuchk: [_ZN6npuchk12mad_tf322f32EPfS0_S0_ttthhhbbbb] -> 0xe7fff3c0af2c
npuchk: [_ZN6npuchk8mov_vsprE6VSPR_tm] -> (nil)
npuchk: [_ZN6npuchk13mte4_mte5_offEv] -> 0xe7fff3c0b4b8
npuchk: [_ZN6npuchk12mte4_mte5_onEv] -> 0xe7fff3c0b5e4
npuchk: [_ZN6npuchk7mvf_dciEv] -> (nil)
npuchk: [_ZN6npuchk21mvf_gm_to_ub_b128_u16EPvS0_S0_m] -> (nil)
npuchk: [_ZN6npuchk21mvf_gm_to_ub_b128_u16EPvS0_S0_thh] -> (nil)
npuchk: [_ZN6npuchk21mvf_gm_to_ub_b128_u32EPvS0_S0_m] -> (nil)
npuchk: [_ZN6npuchk21mvf_gm_to_ub_b128_u32EPvS0_S0_thh] -> (nil)
npuchk: [_ZN6npuchk21mvf_gm_to_ub_b256_u16EPvS0_S0_m] -> (nil)
npuchk: [_ZN6npuchk21mvf_gm_to_ub_b256_u16EPvS0_S0_thh] -> (nil)
npuchk: [_ZN6npuchk21mvf_gm_to_ub_b256_u32EPvS0_S0_m] -> (nil)
npuchk: [_ZN6npuchk21mvf_gm_to_ub_b256_u32EPvS0_S0_thh] -> (nil)
npuchk: [_ZN6npuchk20mvf_gm_to_ub_b32_u16EPvS0_S0_m] -> (nil)
npuchk: [_ZN6npuchk20mvf_gm_to_ub_b32_u16EPvS0_S0_thh] -> (nil)
npuchk: [_ZN6npuchk20mvf_gm_to_ub_b32_u32EPvS0_S0_m] -> (nil)
npuchk: [_ZN6npuchk20mvf_gm_to_ub_b32_u32EPvS0_S0_thh] -> (nil)
npuchk: [_ZN6npuchk21mvf_gm_to_ub_b512_u16EPvS0_S0_m] -> (nil)
npuchk: [_ZN6npuchk21mvf_gm_to_ub_b512_u16EPvS0_S0_thh] -> (nil)
npuchk: [_ZN6npuchk21mvf_gm_to_ub_b512_u32EPvS0_S0_m] -> (nil)
npuchk: [_ZN6npuchk21mvf_gm_to_ub_b512_u32EPvS0_S0_thh] -> (nil)
npuchk: [_ZN6npuchk20mvf_gm_to_ub_b64_u16EPvS0_S0_m] -> (nil)
npuchk: [_ZN6npuchk20mvf_gm_to_ub_b64_u16EPvS0_S0_thh] -> (nil)
npuchk: [_ZN6npuchk20mvf_gm_to_ub_b64_u32EPvS0_S0_m] -> (nil)
npuchk: [_ZN6npuchk20mvf_gm_to_ub_b64_u32EPvS0_S0_thh] -> (nil)
npuchk: [_ZN6npuchk12pc_trace_offEv] -> 0xe7fff3c0b710
npuchk: [_ZN6npuchk11pc_trace_onEv] -> 0xe7fff3c0b83c
npuchk: [_ZN6npuchk12pipe_barrierE6pipe_t] -> 0xe7fff3c0b968
npuchk: [_ZN6npuchk7preloadEPKv] -> 0xe7fff3ce3208
npuchk: [_ZN6npuchk7preloadEPKvl] -> (nil)
npuchk: [_ZN6npuchk12release_pbidEm] -> (nil)
npuchk: [_ZN6npuchk7rpn_corEPN7float165Fp16TES2_m] -> 0xe7fff3ce33c4
npuchk: [_ZN6npuchk7rpn_corEPN7float165Fp16TES2_htt] -> 0xe7fff3ce3644
npuchk: [_ZN6npuchk12rpn_cor_diagEPN7float165Fp16TES2_] -> 0xe7fff3ce3964
npuchk: [_ZN6npuchk13rpn_cor_diag2EPN7float165Fp16TES2_] -> (nil)
npuchk: [_ZN6npuchk8sbitset0Eml] -> (nil)
npuchk: [_ZN6npuchk8sbitset1Eml] -> (nil)
npuchk: [_ZN6npuchk12scatter_vabsE7vtype_t10ub_addr8_tS1_m] -> (nil)
npuchk: [_ZN6npuchk12scatter_vabsE7vtype_t10ub_addr8_tS1_htt] -> (nil)
npuchk: [_ZN6npuchk16scatter_vabs_f16E10ub_addr8_tS0_m] -> 0xe7fff3ce3b8c
npuchk: [_ZN6npuchk16scatter_vabs_f16E10ub_addr8_tS0_htt] -> 0xe7fff3ce3d6c
npuchk: [_ZN6npuchk16scatter_vabs_f32E10ub_addr8_tS0_m] -> 0xe7fff3ce3fd0
npuchk: [_ZN6npuchk16scatter_vabs_f32E10ub_addr8_tS0_htt] -> 0xe7fff3ce41b0
npuchk: [_ZN6npuchk16scatter_vabs_s16E10ub_addr8_tS0_m] -> (nil)
npuchk: [_ZN6npuchk16scatter_vabs_s16E10ub_addr8_tS0_htt] -> (nil)
npuchk: [_ZN6npuchk12scatter_vaddE7vtype_t10ub_addr8_tS1_S1_m] -> (nil)
npuchk: [_ZN6npuchk12scatter_vaddE7vtype_t10ub_addr8_tS1_S1_httt] -> (nil)
npuchk: [_ZN6npuchk16scatter_vadd_f16E10ub_addr8_tS0_S0_m] -> 0xe7fff3ce4414
npuchk: [_ZN6npuchk16scatter_vadd_f16E10ub_addr8_tS0_S0_httt] -> 0xe7fff3ce463c
npuchk: [_ZN6npuchk16scatter_vadd_f32E10ub_addr8_tS0_S0_m] -> 0xe7fff3ce4924
npuchk: [_ZN6npuchk16scatter_vadd_f32E10ub_addr8_tS0_S0_httt] -> 0xe7fff3ce4b4c
npuchk: [_ZN6npuchk16scatter_vadd_s16E10ub_addr8_tS0_S0_m] -> 0xe7fff3ce4e34
npuchk: [_ZN6npuchk16scatter_vadd_s16E10ub_addr8_tS0_S0_httt] -> 0xe7fff3ce505c
npuchk: [_ZN6npuchk16scatter_vadd_s32E10ub_addr8_tS0_S0_m] -> 0xe7fff3ce5344
npuchk: [_ZN6npuchk16scatter_vadd_s32E10ub_addr8_tS0_S0_httt] -> 0xe7fff3ce556c
npuchk: [_ZN6npuchk13scatter_vaddsE7vtype_t10ub_addr8_tS1_N7float165Fp16TEm] -> (nil)
npuchk: [_ZN6npuchk13scatter_vaddsE7vtype_t10ub_addr8_tS1_N7float165Fp16TEhtt] -> (nil)
npuchk: [_ZN6npuchk13scatter_vaddsE7vtype_t10ub_addr8_tS1_fm] -> (nil)
npuchk: [_ZN6npuchk13scatter_vaddsE7vtype_t10ub_addr8_tS1_fhtt] -> (nil)
npuchk: [_ZN6npuchk17scatter_vadds_f16E10ub_addr8_tS0_N7float165Fp16TEm] -> 0xe7fff3ce5854
npuchk: [_ZN6npuchk17scatter_vadds_f16E10ub_addr8_tS0_N7float165Fp16TEhtt] -> 0xe7fff3ce5a7c
npuchk: [_ZN6npuchk17scatter_vadds_f32E10ub_addr8_tS0_fm] -> 0xe7fff3ce5d28
npuchk: [_ZN6npuchk17scatter_vadds_f32E10ub_addr8_tS0_fhtt] -> 0xe7fff3ce5f44
npuchk: [_ZN6npuchk17scatter_vadds_s16E10ub_addr8_tS0_sm] -> 0xe7fff3ce61e4
npuchk: [_ZN6npuchk17scatter_vadds_s16E10ub_addr8_tS0_shtt] -> 0xe7fff3ce6400
npuchk: [_ZN6npuchk17scatter_vadds_s32E10ub_addr8_tS0_im] -> 0xe7fff3ce66a0
npuchk: [_ZN6npuchk17scatter_vadds_s32E10ub_addr8_tS0_ihtt] -> 0xe7fff3ce68bc
npuchk: [_ZN6npuchk13scatter_vaxpyE7vtype_t10ub_addr8_tS1_N7float165Fp16TEmb] -> (nil)
npuchk: [_ZN6npuchk13scatter_vaxpyE7vtype_t10ub_addr8_tS1_N7float165Fp16TEhttb] -> (nil)
npuchk: [_ZN6npuchk13scatter_vaxpyE7vtype_t10ub_addr8_tS1_fmb] -> (nil)
npuchk: [_ZN6npuchk13scatter_vaxpyE7vtype_t10ub_addr8_tS1_fhttb] -> (nil)
npuchk: [_ZN6npuchk17scatter_vaxpy_f16E10ub_addr8_tS0_N7float165Fp16TEmb] -> 0xe7fff3ce6b5c
npuchk: [_ZN6npuchk17scatter_vaxpy_f16E10ub_addr8_tS0_N7float165Fp16TEhttb] -> 0xe7fff3ce6dc0
npuchk: [_ZN6npuchk17scatter_vaxpy_f32E10ub_addr8_tS0_fmb] -> 0xe7fff3ce70a8
npuchk: [_ZN6npuchk17scatter_vaxpy_f32E10ub_addr8_tS0_fhttb] -> 0xe7fff3ce7300
npuchk: [_ZN6npuchk18scatter_vaxpy_fmixE10ub_addr8_tS0_N7float165Fp16TEmb] -> 0xe7fff3ce75dc
npuchk: [_ZN6npuchk18scatter_vaxpy_fmixE10ub_addr8_tS0_N7float165Fp16TEhttb] -> 0xe7fff3ce7840
npuchk: [_ZN6npuchk15scatter_vcmp_eqE7vtype_t10ub_addr8_tS1_m] -> (nil)
npuchk: [_ZN6npuchk19scatter_vcmp_eq_f16E10ub_addr8_tS0_m] -> 0xe7fff3ce7b28
npuchk: [_ZN6npuchk19scatter_vcmp_eq_f32E10ub_addr8_tS0_m] -> 0xe7fff3ce7d08
npuchk: [_ZN6npuchk19scatter_vcmp_eq_s16E10ub_addr8_tS0_m] -> (nil)
npuchk: [_ZN6npuchk15scatter_vcmp_geE7vtype_t10ub_addr8_tS1_m] -> (nil)
npuchk: [_ZN6npuchk19scatter_vcmp_ge_f16E10ub_addr8_tS0_m] -> 0xe7fff3ce7ee8
npuchk: [_ZN6npuchk19scatter_vcmp_ge_f32E10ub_addr8_tS0_m] -> 0xe7fff3ce80c8
npuchk: [_ZN6npuchk19scatter_vcmp_ge_s16E10ub_addr8_tS0_m] -> (nil)
npuchk: [_ZN6npuchk15scatter_vcmp_gtE7vtype_t10ub_addr8_tS1_m] -> (nil)
npuchk: [_ZN6npuchk19scatter_vcmp_gt_f16E10ub_addr8_tS0_m] -> 0xe7fff3ce82a8
npuchk: [_ZN6npuchk19scatter_vcmp_gt_f32E10ub_addr8_tS0_m] -> 0xe7fff3ce8488
npuchk: [_ZN6npuchk19scatter_vcmp_gt_s16E10ub_addr8_tS0_m] -> (nil)
npuchk: [_ZN6npuchk15scatter_vcmp_leE7vtype_t10ub_addr8_tS1_m] -> (nil)
npuchk: [_ZN6npuchk19scatter_vcmp_le_f16E10ub_addr8_tS0_m] -> 0xe7fff3ce8668
npuchk: [_ZN6npuchk19scatter_vcmp_le_f32E10ub_addr8_tS0_m] -> 0xe7fff3ce8848
npuchk: [_ZN6npuchk19scatter_vcmp_le_s16E10ub_addr8_tS0_m] -> (nil)
npuchk: [_ZN6npuchk15scatter_vcmp_ltE7vtype_t10ub_addr8_tS1_m] -> (nil)
npuchk: [_ZN6npuchk19scatter_vcmp_lt_f16E10ub_addr8_tS0_m] -> 0xe7fff3ce8a28
npuchk: [_ZN6npuchk19scatter_vcmp_lt_f32E10ub_addr8_tS0_m] -> 0xe7fff3ce8c08
npuchk: [_ZN6npuchk19scatter_vcmp_lt_s16E10ub_addr8_tS0_m] -> (nil)
npuchk: [_ZN6npuchk15scatter_vcmp_neE7vtype_t10ub_addr8_tS1_m] -> (nil)
npuchk: [_ZN6npuchk19scatter_vcmp_ne_f16E10ub_addr8_tS0_m] -> 0xe7fff3ce8de8
npuchk: [_ZN6npuchk19scatter_vcmp_ne_f32E10ub_addr8_tS0_m] -> 0xe7fff3ce8fc8
npuchk: [_ZN6npuchk19scatter_vcmp_ne_s16E10ub_addr8_tS0_m] -> (nil)
npuchk: [_ZN6npuchk8vcmps_eqERhPtth] -> (nil)
npuchk: [_ZN6npuchk8vcmps_neERhPtth] -> (nil)
npuchk: [_ZN6npuchk8vcmps_gtERhPtth] -> (nil)
npuchk: [_ZN6npuchk8vcmps_geERhPtth] -> (nil)
npuchk: [_ZN6npuchk8vcmps_ltERhPtth] -> (nil)
npuchk: [_ZN6npuchk8vcmps_leERhPtth] -> (nil)
npuchk: [_ZN6npuchk8vcmps_eqERhPssh] -> (nil)
npuchk: [_ZN6npuchk8vcmps_neERhPssh] -> (nil)
npuchk: [_ZN6npuchk8vcmps_gtERhPssh] -> (nil)
npuchk: [_ZN6npuchk8vcmps_geERhPssh] -> (nil)
npuchk: [_ZN6npuchk8vcmps_ltERhPssh] -> (nil)
npuchk: [_ZN6npuchk8vcmps_leERhPssh] -> (nil)
npuchk: [_ZN6npuchk8vcmps_eqERhPjjh] -> (nil)
npuchk: [_ZN6npuchk8vcmps_neERhPjjh] -> (nil)
npuchk: [_ZN6npuchk8vcmps_gtERhPjjh] -> (nil)
npuchk: [_ZN6npuchk8vcmps_geERhPjjh] -> (nil)
npuchk: [_ZN6npuchk8vcmps_ltERhPjjh] -> (nil)
npuchk: [_ZN6npuchk8vcmps_leERhPjjh] -> (nil)
npuchk: [_ZN6npuchk8vcmps_eqERhPiih] -> (nil)
npuchk: [_ZN6npuchk8vcmps_neERhPiih] -> (nil)
npuchk: [_ZN6npuchk8vcmps_gtERhPiih] -> (nil)
npuchk: [_ZN6npuchk8vcmps_geERhPiih] -> (nil)
npuchk: [_ZN6npuchk8vcmps_ltERhPiih] -> (nil)
npuchk: [_ZN6npuchk8vcmps_leERhPiih] -> (nil)
npuchk: [_ZN6npuchk8vcmps_eqERhPN7float165Fp16TES2_h] -> (nil)
npuchk: [_ZN6npuchk8vcmps_neERhPN7float165Fp16TES2_h] -> (nil)
npuchk: [_ZN6npuchk8vcmps_gtERhPN7float165Fp16TES2_h] -> (nil)
npuchk: [_ZN6npuchk8vcmps_geERhPN7float165Fp16TES2_h] -> (nil)
npuchk: [_ZN6npuchk8vcmps_ltERhPN7float165Fp16TES2_h] -> (nil)
npuchk: [_ZN6npuchk8vcmps_leERhPN7float165Fp16TES2_h] -> (nil)
npuchk: [_ZN6npuchk8vcmps_eqERhPffh] -> (nil)
npuchk: [_ZN6npuchk8vcmps_neERhPffh] -> (nil)
npuchk: [_ZN6npuchk8vcmps_gtERhPffh] -> (nil)
npuchk: [_ZN6npuchk8vcmps_geERhPffh] -> (nil)
npuchk: [_ZN6npuchk8vcmps_ltERhPffh] -> (nil)
npuchk: [_ZN6npuchk8vcmps_leERhPffh] -> (nil)
npuchk: [_ZN6npuchk19scatter_vconcat_f16EPN7float165Fp16TE10ub_addr8_tm] -> 0xe7fff3ce91a8
npuchk: [_ZN6npuchk19scatter_vconcat_f16EPN7float165Fp16TE10ub_addr8_thh] -> 0xe7fff3ce937c
npuchk: [_ZN6npuchk19scatter_vconcat_f32EPf10ub_addr8_tm] -> 0xe7fff3ce95a4
npuchk: [_ZN6npuchk19scatter_vconcat_f32EPf10ub_addr8_thh] -> 0xe7fff3ce9778
npuchk: [_ZN6npuchk17scatter_vconv_deqE10ub_addr8_tS0_mb] -> 0xe7fff3ce99a0
npuchk: [_ZN6npuchk17scatter_vconv_deqE10ub_addr8_tS0_httb] -> 0xe7fff3ce9bbc
npuchk: [_ZN6npuchk21scatter_vconv_f162f32E10ub_addr8_tS0_mb] -> 0xe7fff3ce9e5c
npuchk: [_ZN6npuchk21scatter_vconv_f162f32E10ub_addr8_tS0_httb] -> 0xe7fff3cea078
npuchk: [_ZN6npuchk22scatter_vconv_f162s32aE10ub_addr8_tS0_mb] -> 0xe7fff3cea318
npuchk: [_ZN6npuchk22scatter_vconv_f162s32aE10ub_addr8_tS0_httb] -> 0xe7fff3cea534
npuchk: [_ZN6npuchk22scatter_vconv_f162s32cE10ub_addr8_tS0_mb] -> 0xe7fff3cea7d4
npuchk: [_ZN6npuchk22scatter_vconv_f162s32cE10ub_addr8_tS0_httb] -> 0xe7fff3cea9f0
npuchk: [_ZN6npuchk22scatter_vconv_f162s32fE10ub_addr8_tS0_mb] -> 0xe7fff3ceac90
npuchk: [_ZN6npuchk22scatter_vconv_f162s32fE10ub_addr8_tS0_httb] -> 0xe7fff3ceaeac
npuchk: [_ZN6npuchk22scatter_vconv_f162s32rE10ub_addr8_tS0_mb] -> 0xe7fff3ceb14c
npuchk: [_ZN6npuchk22scatter_vconv_f162s32rE10ub_addr8_tS0_httb] -> 0xe7fff3ceb368
npuchk: [_ZN6npuchk22scatter_vconv_f162s32zE10ub_addr8_tS0_mb] -> 0xe7fff3ceb608
npuchk: [_ZN6npuchk22scatter_vconv_f162s32zE10ub_addr8_tS0_httb] -> 0xe7fff3ceb824
npuchk: [_ZN6npuchk20scatter_vconv_f162s8E10ub_addr8_tS0_mb] -> 0xe7fff3cebac4
npuchk: [_ZN6npuchk20scatter_vconv_f162s8E10ub_addr8_tS0_httb] -> 0xe7fff3cebce0
npuchk: [_ZN6npuchk21scatter_vconv_f162s8aE10ub_addr8_tS0_mb] -> 0xe7fff3cebf80
npuchk: [_ZN6npuchk21scatter_vconv_f162s8aE10ub_addr8_tS0_httb] -> 0xe7fff3cec19c
npuchk: [_ZN6npuchk21scatter_vconv_f162s8cE10ub_addr8_tS0_mb] -> 0xe7fff3cec43c
npuchk: [_ZN6npuchk21scatter_vconv_f162s8cE10ub_addr8_tS0_httb] -> 0xe7fff3cec658
npuchk: [_ZN6npuchk21scatter_vconv_f162s8fE10ub_addr8_tS0_mb] -> 0xe7fff3cec8f8
npuchk: [_ZN6npuchk21scatter_vconv_f162s8fE10ub_addr8_tS0_httb] -> 0xe7fff3cecb14
npuchk: [_ZN6npuchk21scatter_vconv_f162s8zE10ub_addr8_tS0_mb] -> 0xe7fff3cecdb4
npuchk: [_ZN6npuchk21scatter_vconv_f162s8zE10ub_addr8_tS0_httb] -> 0xe7fff3cecfd0
npuchk: [_ZN6npuchk20scatter_vconv_f162u8E10ub_addr8_tS0_mb] -> 0xe7fff3ced270
npuchk: [_ZN6npuchk20scatter_vconv_f162u8E10ub_addr8_tS0_httb] -> 0xe7fff3ced48c
npuchk: [_ZN6npuchk21scatter_vconv_f162u8aE10ub_addr8_tS0_mb] -> 0xe7fff3ced72c
npuchk: [_ZN6npuchk21scatter_vconv_f162u8aE10ub_addr8_tS0_httb] -> 0xe7fff3ced948
npuchk: [_ZN6npuchk21scatter_vconv_f162u8cE10ub_addr8_tS0_mb] -> 0xe7fff3cedbe8
npuchk: [_ZN6npuchk21scatter_vconv_f162u8cE10ub_addr8_tS0_httb] -> 0xe7fff3cede04
npuchk: [_ZN6npuchk21scatter_vconv_f162u8fE10ub_addr8_tS0_mb] -> 0xe7fff3cee0a4
npuchk: [_ZN6npuchk21scatter_vconv_f162u8fE10ub_addr8_tS0_httb] -> 0xe7fff3cee2c0
npuchk: [_ZN6npuchk21scatter_vconv_f162u8zE10ub_addr8_tS0_mb] -> 0xe7fff3cee560
npuchk: [_ZN6npuchk21scatter_vconv_f162u8zE10ub_addr8_tS0_httb] -> 0xe7fff3cee77c
npuchk: [_ZN6npuchk21scatter_vconv_f322f16E10ub_addr8_tS0_mb] -> 0xe7fff3ceea1c
npuchk: [_ZN6npuchk21scatter_vconv_f322f16E10ub_addr8_tS0_httb] -> 0xe7fff3ceec38
npuchk: [_ZN6npuchk22scatter_vconv_f322f16oE10ub_addr8_tS0_mb] -> 0xe7fff3ceeed8
npuchk: [_ZN6npuchk22scatter_vconv_f322f16oE10ub_addr8_tS0_httb] -> 0xe7fff3cef0f4
npuchk: [_ZN6npuchk22scatter_vconv_f322s32aE10ub_addr8_tS0_mb] -> 0xe7fff3cef394
npuchk: [_ZN6npuchk22scatter_vconv_f322s32aE10ub_addr8_tS0_httb] -> 0xe7fff3cef5b0
npuchk: [_ZN6npuchk22scatter_vconv_f322s32cE10ub_addr8_tS0_mb] -> 0xe7fff3cef850
npuchk: [_ZN6npuchk22scatter_vconv_f322s32cE10ub_addr8_tS0_httb] -> 0xe7fff3cefa6c
npuchk: [_ZN6npuchk22scatter_vconv_f322s32fE10ub_addr8_tS0_mb] -> 0xe7fff3cefd0c
npuchk: [_ZN6npuchk22scatter_vconv_f322s32fE10ub_addr8_tS0_httb] -> 0xe7fff3ceff28
npuchk: [_ZN6npuchk22scatter_vconv_f322s32rE10ub_addr8_tS0_mb] -> 0xe7fff3cf01c8
npuchk: [_ZN6npuchk22scatter_vconv_f322s32rE10ub_addr8_tS0_httb] -> 0xe7fff3cf03e4
npuchk: [_ZN6npuchk22scatter_vconv_f322s32zE10ub_addr8_tS0_mb] -> 0xe7fff3cf0684
npuchk: [_ZN6npuchk22scatter_vconv_f322s32zE10ub_addr8_tS0_httb] -> 0xe7fff3cf08a0
npuchk: [_ZN6npuchk21scatter_vconv_s322f32E10ub_addr8_tS0_mb] -> 0xe7fff3cf0b40
npuchk: [_ZN6npuchk21scatter_vconv_s322f32E10ub_addr8_tS0_httb] -> 0xe7fff3cf0d5c
npuchk: [_ZN6npuchk20scatter_vconv_s82f16E10ub_addr8_tS0_mb] -> 0xe7fff3cf0ffc
npuchk: [_ZN6npuchk20scatter_vconv_s82f16E10ub_addr8_tS0_httb] -> 0xe7fff3cf1218
npuchk: [_ZN6npuchk20scatter_vconv_u82f16E10ub_addr8_tS0_mb] -> 0xe7fff3cf14b8
npuchk: [_ZN6npuchk20scatter_vconv_u82f16E10ub_addr8_tS0_httb] -> 0xe7fff3cf16d4
npuchk: [_ZN6npuchk21scatter_vcshuffle_b16E10ub_addr8_tS0_m] -> 0xe7fff3cf1974
npuchk: [_ZN6npuchk21scatter_vcshuffle_b16E10ub_addr8_tS0_htth] -> 0xe7fff3cf1b50
npuchk: [_ZN6npuchk21scatter_vcshuffle_b32E10ub_addr8_tS0_m] -> 0xe7fff3cf1df8
npuchk: [_ZN6npuchk21scatter_vcshuffle_b32E10ub_addr8_tS0_htth] -> 0xe7fff3cf1fd8
npuchk: [_ZN6npuchk20scatter_vcshuffle_b8E10ub_addr8_tS0_m] -> 0xe7fff3cf2284
npuchk: [_ZN6npuchk20scatter_vcshuffle_b8E10ub_addr8_tS0_htth] -> 0xe7fff3cf2460
npuchk: [_ZN6npuchk12scatter_vdivE7vtype_t10ub_addr8_tS1_S1_m] -> (nil)
npuchk: [_ZN6npuchk12scatter_vdivE7vtype_t10ub_addr8_tS1_S1_httt] -> (nil)
npuchk: [_ZN6npuchk16scatter_vdiv_f16E10ub_addr8_tS0_S0_m] -> 0xe7fff3cf2708
npuchk: [_ZN6npuchk16scatter_vdiv_f16E10ub_addr8_tS0_S0_httt] -> 0xe7fff3cf2930
npuchk: [_ZN6npuchk16scatter_vdiv_f32E10ub_addr8_tS0_S0_m] -> 0xe7fff3cf2c18
npuchk: [_ZN6npuchk16scatter_vdiv_f32E10ub_addr8_tS0_S0_httt] -> 0xe7fff3cf2e40
npuchk: [_ZN6npuchk18scatter_vector_movE7vtype_t10ub_addr8_tS1_m] -> (nil)
npuchk: [_ZN6npuchk18scatter_vector_movE7vtype_t10ub_addr8_tS1_htt] -> (nil)
npuchk: [_ZN6npuchk22scatter_vector_mov_f16E10ub_addr8_tS0_m] -> 0xe7fff3cf3128
npuchk: [_ZN6npuchk22scatter_vector_mov_f16E10ub_addr8_tS0_htt] -> 0xe7fff3cf3308
npuchk: [_ZN6npuchk22scatter_vector_mov_s16E10ub_addr8_tS0_m] -> 0xe7fff3cf356c
npuchk: [_ZN6npuchk22scatter_vector_mov_s16E10ub_addr8_tS0_htt] -> 0xe7fff3cf374c
npuchk: [_ZN6npuchk22scatter_vector_mov_u16E10ub_addr8_tS0_m] -> 0xe7fff3cf39b0
npuchk: [_ZN6npuchk22scatter_vector_mov_u16E10ub_addr8_tS0_htt] -> 0xe7fff3cf3b90
npuchk: [_ZN6npuchk12scatter_vexpE7vtype_t10ub_addr8_tS1_m] -> (nil)
npuchk: [_ZN6npuchk12scatter_vexpE7vtype_t10ub_addr8_tS1_htt] -> (nil)
npuchk: [_ZN6npuchk16scatter_vexp_f16E10ub_addr8_tS0_m] -> 0xe7fff3cf3df4
npuchk: [_ZN6npuchk16scatter_vexp_f16E10ub_addr8_tS0_htt] -> 0xe7fff3cf3fd4
npuchk: [_ZN6npuchk16scatter_vexp_f32E10ub_addr8_tS0_m] -> 0xe7fff3cf4238
npuchk: [_ZN6npuchk16scatter_vexp_f32E10ub_addr8_tS0_htt] -> 0xe7fff3cf4418
npuchk: [_ZN6npuchk20scatter_vextract_f16E10ub_addr8_tPN7float165Fp16TEm] -> 0xe7fff3cf467c
npuchk: [_ZN6npuchk20scatter_vextract_f16E10ub_addr8_tPN7float165Fp16TEhh] -> 0xe7fff3cf4850
npuchk: [_ZN6npuchk20scatter_vextract_f32E10ub_addr8_tPfm] -> 0xe7fff3cf4a78
npuchk: [_ZN6npuchk20scatter_vextract_f32E10ub_addr8_tPfhh] -> 0xe7fff3cf4c4c
npuchk: [_ZN6npuchk11scatter_vlnE7vtype_t10ub_addr8_tS1_m] -> (nil)
npuchk: [_ZN6npuchk11scatter_vlnE7vtype_t10ub_addr8_tS1_htt] -> (nil)
npuchk: [_ZN6npuchk15scatter_vln_f16E10ub_addr8_tS0_m] -> 0xe7fff3cf4e74
npuchk: [_ZN6npuchk15scatter_vln_f16E10ub_addr8_tS0_htt] -> 0xe7fff3cf5054
npuchk: [_ZN6npuchk15scatter_vln_f32E10ub_addr8_tS0_m] -> 0xe7fff3cf52b8
npuchk: [_ZN6npuchk15scatter_vln_f32E10ub_addr8_tS0_htt] -> 0xe7fff3cf5498
npuchk: [_ZN6npuchk13scatter_vmaddE7vtype_t10ub_addr8_tS1_S1_m] -> (nil)
npuchk: [_ZN6npuchk13scatter_vmaddE7vtype_t10ub_addr8_tS1_S1_httt] -> (nil)
npuchk: [_ZN6npuchk17scatter_vmadd_f16E10ub_addr8_tS0_S0_m] -> 0xe7fff3cf56fc
npuchk: [_ZN6npuchk17scatter_vmadd_f16E10ub_addr8_tS0_S0_httt] -> 0xe7fff3cf5924
npuchk: [_ZN6npuchk17scatter_vmadd_f32E10ub_addr8_tS0_S0_m] -> 0xe7fff3cf5c0c
npuchk: [_ZN6npuchk17scatter_vmadd_f32E10ub_addr8_tS0_S0_httt] -> 0xe7fff3cf5e34
npuchk: [_ZN6npuchk17scatter_vmaddreluE7vtype_t10ub_addr8_tS1_S1_m] -> (nil)
npuchk: [_ZN6npuchk17scatter_vmaddreluE7vtype_t10ub_addr8_tS1_S1_httt] -> (nil)
npuchk: [_ZN6npuchk21scatter_vmaddrelu_f16E10ub_addr8_tS0_S0_m] -> 0xe7fff3cf611c
npuchk: [_ZN6npuchk21scatter_vmaddrelu_f16E10ub_addr8_tS0_S0_httt] -> 0xe7fff3cf6344
npuchk: [_ZN6npuchk21scatter_vmaddrelu_f32E10ub_addr8_tS0_S0_m] -> 0xe7fff3cf662c
npuchk: [_ZN6npuchk21scatter_vmaddrelu_f32E10ub_addr8_tS0_S0_httt] -> 0xe7fff3cf6854
npuchk: [_ZN6npuchk12scatter_vmaxE7vtype_t10ub_addr8_tS1_S1_m] -> (nil)
npuchk: [_ZN6npuchk12scatter_vmaxE7vtype_t10ub_addr8_tS1_S1_httt] -> (nil)
npuchk: [_ZN6npuchk16scatter_vmax_f16E10ub_addr8_tS0_S0_m] -> 0xe7fff3cf6b3c
npuchk: [_ZN6npuchk16scatter_vmax_f16E10ub_addr8_tS0_S0_httt] -> 0xe7fff3cf6d64
npuchk: [_ZN6npuchk16scatter_vmax_f32E10ub_addr8_tS0_S0_m] -> 0xe7fff3cf704c
npuchk: [_ZN6npuchk16scatter_vmax_f32E10ub_addr8_tS0_S0_httt] -> 0xe7fff3cf7274
npuchk: [_ZN6npuchk16scatter_vmax_s16E10ub_addr8_tS0_S0_m] -> 0xe7fff3cf755c
npuchk: [_ZN6npuchk16scatter_vmax_s16E10ub_addr8_tS0_S0_httt] -> 0xe7fff3cf7784
npuchk: [_ZN6npuchk16scatter_vmax_s32E10ub_addr8_tS0_S0_m] -> 0xe7fff3cf7a6c
npuchk: [_ZN6npuchk16scatter_vmax_s32E10ub_addr8_tS0_S0_httt] -> 0xe7fff3cf7c94
npuchk: [_ZN6npuchk17scatter_vmaxs_f16E10ub_addr8_tS0_N7float165Fp16TEm] -> 0xe7fff3cf7f7c
npuchk: [_ZN6npuchk17scatter_vmaxs_f16E10ub_addr8_tS0_N7float165Fp16TEhtt] -> 0xe7fff3cf81a4
npuchk: [_ZN6npuchk17scatter_vmaxs_f32E10ub_addr8_tS0_fm] -> 0xe7fff3cf8450
npuchk: [_ZN6npuchk17scatter_vmaxs_f32E10ub_addr8_tS0_fhtt] -> 0xe7fff3cf866c
npuchk: [_ZN6npuchk17scatter_vmaxs_s16E10ub_addr8_tS0_sm] -> 0xe7fff3cf890c
npuchk: [_ZN6npuchk17scatter_vmaxs_s16E10ub_addr8_tS0_shtt] -> 0xe7fff3cf8b28
npuchk: [_ZN6npuchk17scatter_vmaxs_s32E10ub_addr8_tS0_im] -> 0xe7fff3cf8dc8
npuchk: [_ZN6npuchk17scatter_vmaxs_s32E10ub_addr8_tS0_ihtt] -> 0xe7fff3cf8fe4
npuchk: [_ZN6npuchk12scatter_vminE7vtype_t10ub_addr8_tS1_S1_m] -> (nil)
npuchk: [_ZN6npuchk12scatter_vminE7vtype_t10ub_addr8_tS1_S1_httt] -> (nil)
npuchk: [_ZN6npuchk16scatter_vmin_f16E10ub_addr8_tS0_S0_m] -> 0xe7fff3cf9284
npuchk: [_ZN6npuchk16scatter_vmin_f16E10ub_addr8_tS0_S0_httt] -> 0xe7fff3cf94ac
npuchk: [_ZN6npuchk16scatter_vmin_f32E10ub_addr8_tS0_S0_m] -> 0xe7fff3cf9794
npuchk: [_ZN6npuchk16scatter_vmin_f32E10ub_addr8_tS0_S0_httt] -> 0xe7fff3cf99bc
npuchk: [_ZN6npuchk16scatter_vmin_s16E10ub_addr8_tS0_S0_m] -> 0xe7fff3cf9ca4
npuchk: [_ZN6npuchk16scatter_vmin_s16E10ub_addr8_tS0_S0_httt] -> 0xe7fff3cf9ecc
npuchk: [_ZN6npuchk16scatter_vmin_s32E10ub_addr8_tS0_S0_m] -> 0xe7fff3cfa1b4
npuchk: [_ZN6npuchk16scatter_vmin_s32E10ub_addr8_tS0_S0_httt] -> 0xe7fff3cfa3dc
npuchk: [_ZN6npuchk17scatter_vmins_f16E10ub_addr8_tS0_N7float165Fp16TEm] -> 0xe7fff3cfa6c4
npuchk: [_ZN6npuchk17scatter_vmins_f16E10ub_addr8_tS0_N7float165Fp16TEhtt] -> 0xe7fff3cfa8ec
npuchk: [_ZN6npuchk17scatter_vmins_f32E10ub_addr8_tS0_fm] -> 0xe7fff3cfab98
npuchk: [_ZN6npuchk17scatter_vmins_f32E10ub_addr8_tS0_fhtt] -> 0xe7fff3cfadb4
npuchk: [_ZN6npuchk17scatter_vmins_s16E10ub_addr8_tS0_sm] -> 0xe7fff3cfb054
npuchk: [_ZN6npuchk17scatter_vmins_s16E10ub_addr8_tS0_shtt] -> 0xe7fff3cfb270
npuchk: [_ZN6npuchk17scatter_vmins_s32E10ub_addr8_tS0_im] -> 0xe7fff3cfb510
npuchk: [_ZN6npuchk17scatter_vmins_s32E10ub_addr8_tS0_ihtt] -> 0xe7fff3cfb72c
npuchk: [_ZN6npuchk12scatter_vmlaE7vtype_t10ub_addr8_tS1_S1_m] -> (nil)
npuchk: [_ZN6npuchk12scatter_vmlaE7vtype_t10ub_addr8_tS1_S1_httt] -> (nil)
npuchk: [_ZN6npuchk16scatter_vmla_f16E10ub_addr8_tS0_S0_m] -> 0xe7fff3cfb9cc
npuchk: [_ZN6npuchk16scatter_vmla_f16E10ub_addr8_tS0_S0_httt] -> 0xe7fff3cfbbf4
npuchk: [_ZN6npuchk16scatter_vmla_f32E10ub_addr8_tS0_S0_m] -> 0xe7fff3cfbedc
npuchk: [_ZN6npuchk16scatter_vmla_f32E10ub_addr8_tS0_S0_httt] -> 0xe7fff3cfc104
npuchk: [_ZN6npuchk17scatter_vmla_fmixE10ub_addr8_tS0_S0_m] -> 0xe7fff3cfc3ec
npuchk: [_ZN6npuchk17scatter_vmla_fmixE10ub_addr8_tS0_S0_httt] -> 0xe7fff3cfc614
npuchk: [_ZN6npuchk12scatter_vmulE7vtype_t10ub_addr8_tS1_S1_m] -> (nil)
npuchk: [_ZN6npuchk12scatter_vmulE7vtype_t10ub_addr8_tS1_S1_httt] -> (nil)
npuchk: [_ZN6npuchk16scatter_vmul_f16E10ub_addr8_tS0_S0_m] -> 0xe7fff3cfc8fc
npuchk: [_ZN6npuchk16scatter_vmul_f16E10ub_addr8_tS0_S0_httt] -> 0xe7fff3cfcb24
npuchk: [_ZN6npuchk16scatter_vmul_f32E10ub_addr8_tS0_S0_m] -> 0xe7fff3cfce0c
npuchk: [_ZN6npuchk16scatter_vmul_f32E10ub_addr8_tS0_S0_httt] -> 0xe7fff3cfd034
npuchk: [_ZN6npuchk16scatter_vmul_s16E10ub_addr8_tS0_S0_m] -> 0xe7fff3cfd31c
npuchk: [_ZN6npuchk16scatter_vmul_s16E10ub_addr8_tS0_S0_httt] -> 0xe7fff3cfd544
npuchk: [_ZN6npuchk16scatter_vmul_s32E10ub_addr8_tS0_S0_m] -> 0xe7fff3cfd82c
npuchk: [_ZN6npuchk16scatter_vmul_s32E10ub_addr8_tS0_S0_httt] -> 0xe7fff3cfda54
npuchk: [_ZN6npuchk23scatter_vmulconv_f162s8E10ub_addr8_tS0_S0_mb] -> 0xe7fff3cfdd3c
npuchk: [_ZN6npuchk23scatter_vmulconv_f162s8E10ub_addr8_tS0_S0_htttb] -> 0xe7fff3cfdfa0
npuchk: [_ZN6npuchk23scatter_vmulconv_f162u8E10ub_addr8_tS0_S0_mb] -> 0xe7fff3cfe2c4
npuchk: [_ZN6npuchk23scatter_vmulconv_f162u8E10ub_addr8_tS0_S0_htttb] -> 0xe7fff3cfe528
npuchk: [_ZN6npuchk13scatter_vmulsE7vtype_t10ub_addr8_tS1_N7float165Fp16TEm] -> (nil)
npuchk: [_ZN6npuchk13scatter_vmulsE7vtype_t10ub_addr8_tS1_N7float165Fp16TEhtt] -> (nil)
npuchk: [_ZN6npuchk13scatter_vmulsE7vtype_t10ub_addr8_tS1_fm] -> (nil)
npuchk: [_ZN6npuchk13scatter_vmulsE7vtype_t10ub_addr8_tS1_fhtt] -> (nil)
npuchk: [_ZN6npuchk17scatter_vmuls_f16E10ub_addr8_tS0_N7float165Fp16TEm] -> 0xe7fff3cfe84c
npuchk: [_ZN6npuchk17scatter_vmuls_f16E10ub_addr8_tS0_N7float165Fp16TEhtt] -> 0xe7fff3cfea74
npuchk: [_ZN6npuchk17scatter_vmuls_f32E10ub_addr8_tS0_fm] -> 0xe7fff3cfed20
npuchk: [_ZN6npuchk17scatter_vmuls_f32E10ub_addr8_tS0_fhtt] -> 0xe7fff3cfef3c
npuchk: [_ZN6npuchk17scatter_vmuls_s16E10ub_addr8_tS0_sm] -> 0xe7fff3cff1dc
npuchk: [_ZN6npuchk17scatter_vmuls_s16E10ub_addr8_tS0_shtt] -> 0xe7fff3cff3f8
npuchk: [_ZN6npuchk17scatter_vmuls_s32E10ub_addr8_tS0_im] -> 0xe7fff3cff698
npuchk: [_ZN6npuchk17scatter_vmuls_s32E10ub_addr8_tS0_ihtt] -> 0xe7fff3cff8b4
npuchk: [_ZN6npuchk21scatter_vnchwconv_b16E10ub_addr8_tPsm] -> (nil)
npuchk: [_ZN6npuchk21scatter_vnchwconv_b16E10ub_addr8_tPshtt] -> (nil)
npuchk: [_ZN6npuchk21scatter_vnchwconv_b16E10ub_addr8_tPtm] -> (nil)
npuchk: [_ZN6npuchk21scatter_vnchwconv_b16E10ub_addr8_tPthtt] -> (nil)
npuchk: [_ZN6npuchk21scatter_vnchwconv_b16EPs10ub_addr8_tm] -> (nil)
npuchk: [_ZN6npuchk21scatter_vnchwconv_b16EPs10ub_addr8_thtt] -> (nil)
npuchk: [_ZN6npuchk21scatter_vnchwconv_b16EPt10ub_addr8_tm] -> (nil)
npuchk: [_ZN6npuchk21scatter_vnchwconv_b16EPt10ub_addr8_thtt] -> (nil)
npuchk: [_ZN6npuchk21scatter_vnchwconv_b16E10ub_addr8_tS0_m] -> 0xe7fff3c19180
npuchk: [_ZN6npuchk21scatter_vnchwconv_b16E10ub_addr8_tS0_htt] -> 0xe7fff3c19360
npuchk: [_ZN6npuchk21scatter_vnchwconv_b32E10ub_addr8_tPim] -> (nil)
npuchk: [_ZN6npuchk21scatter_vnchwconv_b32E10ub_addr8_tPihtt] -> (nil)
npuchk: [_ZN6npuchk21scatter_vnchwconv_b32E10ub_addr8_tPjm] -> (nil)
npuchk: [_ZN6npuchk21scatter_vnchwconv_b32E10ub_addr8_tPjhtt] -> (nil)
npuchk: [_ZN6npuchk21scatter_vnchwconv_b32EPi10ub_addr8_tm] -> (nil)
npuchk: [_ZN6npuchk21scatter_vnchwconv_b32EPi10ub_addr8_thtt] -> (nil)
npuchk: [_ZN6npuchk21scatter_vnchwconv_b32EPj10ub_addr8_tm] -> (nil)
npuchk: [_ZN6npuchk21scatter_vnchwconv_b32EPj10ub_addr8_thtt] -> (nil)
npuchk: [_ZN6npuchk21scatter_vnchwconv_b32E10ub_addr8_tS0_m] -> 0xe7fff3c195c4
npuchk: [_ZN6npuchk21scatter_vnchwconv_b32E10ub_addr8_tS0_htt] -> 0xe7fff3c197a4
npuchk: [_ZN6npuchk20scatter_vnchwconv_b8E10ub_addr8_tPambb] -> (nil)
npuchk: [_ZN6npuchk20scatter_vnchwconv_b8E10ub_addr8_tPahttbb] -> (nil)
npuchk: [_ZN6npuchk20scatter_vnchwconv_b8E10ub_addr8_tPhmbb] -> (nil)
npuchk: [_ZN6npuchk20scatter_vnchwconv_b8E10ub_addr8_tPhhttbb] -> (nil)
npuchk: [_ZN6npuchk20scatter_vnchwconv_b8EPa10ub_addr8_tmbb] -> (nil)
npuchk: [_ZN6npuchk20scatter_vnchwconv_b8EPa10ub_addr8_thttbb] -> (nil)
npuchk: [_ZN6npuchk20scatter_vnchwconv_b8EPh10ub_addr8_tmbb] -> (nil)
npuchk: [_ZN6npuchk20scatter_vnchwconv_b8EPh10ub_addr8_thttbb] -> (nil)
npuchk: [_ZN6npuchk20scatter_vnchwconv_b8E10ub_addr8_tS0_mbb] -> 0xe7fff3c19a08
npuchk: [_ZN6npuchk20scatter_vnchwconv_b8E10ub_addr8_tS0_httbb] -> 0xe7fff3c19c60
npuchk: [_ZN6npuchk12scatter_vrecE7vtype_t10ub_addr8_tS1_m] -> (nil)
npuchk: [_ZN6npuchk12scatter_vrecE7vtype_t10ub_addr8_tS1_htt] -> (nil)
npuchk: [_ZN6npuchk16scatter_vrec_f16E10ub_addr8_tS0_m] -> 0xe7fff3cffb54
npuchk: [_ZN6npuchk16scatter_vrec_f16E10ub_addr8_tS0_htt] -> 0xe7fff3cffd34
npuchk: [_ZN6npuchk16scatter_vrec_f32E10ub_addr8_tS0_m] -> 0xe7fff3cfff98
npuchk: [_ZN6npuchk16scatter_vrec_f32E10ub_addr8_tS0_htt] -> 0xe7fff3d00178
npuchk: [_ZN6npuchk13scatter_vreluE7vtype_t10ub_addr8_tS1_m] -> (nil)
npuchk: [_ZN6npuchk13scatter_vreluE7vtype_t10ub_addr8_tS1_htt] -> (nil)
npuchk: [_ZN6npuchk17scatter_vrelu_f16E10ub_addr8_tS0_m] -> 0xe7fff3d003dc
npuchk: [_ZN6npuchk17scatter_vrelu_f16E10ub_addr8_tS0_htt] -> 0xe7fff3d005bc
npuchk: [_ZN6npuchk17scatter_vrelu_f32E10ub_addr8_tS0_m] -> 0xe7fff3d00820
npuchk: [_ZN6npuchk17scatter_vrelu_f32E10ub_addr8_tS0_htt] -> 0xe7fff3d00a00
npuchk: [_ZN6npuchk17scatter_vrelu_s32E10ub_addr8_tS0_m] -> 0xe7fff3d00c64
npuchk: [_ZN6npuchk17scatter_vrelu_s32E10ub_addr8_tS0_htt] -> 0xe7fff3d00e44
npuchk: [_ZN6npuchk14scatter_vrsqrtE7vtype_t10ub_addr8_tS1_m] -> (nil)
npuchk: [_ZN6npuchk14scatter_vrsqrtE7vtype_t10ub_addr8_tS1_htt] -> (nil)
npuchk: [_ZN6npuchk18scatter_vrsqrt_f16E10ub_addr8_tS0_m] -> 0xe7fff3d010a8
npuchk: [_ZN6npuchk18scatter_vrsqrt_f16E10ub_addr8_tS0_htt] -> 0xe7fff3d01288
npuchk: [_ZN6npuchk18scatter_vrsqrt_f32E10ub_addr8_tS0_m] -> 0xe7fff3d014ec
npuchk: [_ZN6npuchk18scatter_vrsqrt_f32E10ub_addr8_tS0_htt] -> 0xe7fff3d016cc
npuchk: [_ZN6npuchk16scatter_vscmergeEPt10ub_addr8_tm] -> (nil)
npuchk: [_ZN6npuchk16scatter_vscmergeEPt10ub_addr8_tth] -> (nil)
npuchk: [_ZN6npuchk16scatter_vscmergeEPh10ub_addr8_tm] -> (nil)
npuchk: [_ZN6npuchk16scatter_vscmergeEPh10ub_addr8_tth] -> (nil)
npuchk: [_ZN6npuchk16scatter_vscmergeEPN7float165Fp16TE10ub_addr8_tm] -> (nil)
npuchk: [_ZN6npuchk16scatter_vscmergeEPN7float165Fp16TE10ub_addr8_tth] -> (nil)
npuchk: [_ZN6npuchk20scatter_vscmerge_b16EPt10ub_addr8_tm] -> 0xe7fff3d01930
npuchk: [_ZN6npuchk20scatter_vscmerge_b16EPt10ub_addr8_tth] -> (nil)
npuchk: [_ZN6npuchk19scatter_vscmerge_b8EPh10ub_addr8_tm] -> 0xe7fff3d01b04
npuchk: [_ZN6npuchk19scatter_vscmerge_b8EPh10ub_addr8_tth] -> (nil)
npuchk: [_ZN6npuchk20scatter_vscmerge_f16EPN7float165Fp16TE10ub_addr8_tm] -> (nil)
npuchk: [_ZN6npuchk20scatter_vscmerge_f16EPN7float165Fp16TE10ub_addr8_tth] -> (nil)
npuchk: [_ZN6npuchk16scatter_vscsplitE10ub_addr8_tPtm] -> (nil)
npuchk: [_ZN6npuchk16scatter_vscsplitE10ub_addr8_tPtth] -> (nil)
npuchk: [_ZN6npuchk16scatter_vscsplitE10ub_addr8_tPhm] -> (nil)
npuchk: [_ZN6npuchk16scatter_vscsplitE10ub_addr8_tPhth] -> (nil)
npuchk: [_ZN6npuchk16scatter_vscsplitE10ub_addr8_tPN7float165Fp16TEm] -> (nil)
npuchk: [_ZN6npuchk16scatter_vscsplitE10ub_addr8_tPN7float165Fp16TEth] -> (nil)
npuchk: [_ZN6npuchk20scatter_vscsplit_b16E10ub_addr8_tPtm] -> 0xe7fff3d01cd4
npuchk: [_ZN6npuchk20scatter_vscsplit_b16E10ub_addr8_tPtth] -> (nil)
npuchk: [_ZN6npuchk20scatter_vscsplit_b16E10ub_addr8_tPsm] -> (nil)
npuchk: [_ZN6npuchk20scatter_vscsplit_b16E10ub_addr8_tPsth] -> (nil)
npuchk: [_ZN6npuchk19scatter_vscsplit_b8E10ub_addr8_tPhm] -> 0xe7fff3d01ea8
npuchk: [_ZN6npuchk19scatter_vscsplit_b8E10ub_addr8_tPhth] -> (nil)
npuchk: [_ZN6npuchk19scatter_vscsplit_b8E10ub_addr8_tPam] -> (nil)
npuchk: [_ZN6npuchk19scatter_vscsplit_b8E10ub_addr8_tPath] -> (nil)
npuchk: [_ZN6npuchk20scatter_vscsplit_f16E10ub_addr8_tPN7float165Fp16TEm] -> (nil)
npuchk: [_ZN6npuchk20scatter_vscsplit_f16E10ub_addr8_tPN7float165Fp16TEth] -> (nil)
npuchk: [_ZN6npuchk12scatter_vselE7vtype_t10ub_addr8_tS1_S1_m] -> (nil)
npuchk: [_ZN6npuchk12scatter_vselE7vtype_t10ub_addr8_tS1_S1_httt] -> (nil)
npuchk: [_ZN6npuchk16scatter_vsel_f16E10ub_addr8_tS0_S0_m] -> 0xe7fff3d0207c
npuchk: [_ZN6npuchk16scatter_vsel_f16E10ub_addr8_tS0_S0_httth] -> 0xe7fff3d022a4
npuchk: [_ZN6npuchk16scatter_vsel_f32E10ub_addr8_tS0_S0_m] -> 0xe7fff3d025d4
npuchk: [_ZN6npuchk16scatter_vsel_f32E10ub_addr8_tS0_S0_httth] -> 0xe7fff3d027fc
npuchk: [_ZN6npuchk13scatter_vsqrtE7vtype_t10ub_addr8_tS1_m] -> (nil)
npuchk: [_ZN6npuchk13scatter_vsqrtE7vtype_t10ub_addr8_tS1_htt] -> (nil)
npuchk: [_ZN6npuchk17scatter_vsqrt_f16E10ub_addr8_tS0_m] -> 0xe7fff3d02b2c
npuchk: [_ZN6npuchk17scatter_vsqrt_f16E10ub_addr8_tS0_htt] -> 0xe7fff3d02d0c
npuchk: [_ZN6npuchk17scatter_vsqrt_f32E10ub_addr8_tS0_m] -> 0xe7fff3d02f70
npuchk: [_ZN6npuchk17scatter_vsqrt_f32E10ub_addr8_tS0_htt] -> 0xe7fff3d03150
npuchk: [_ZN6npuchk12scatter_vsubE7vtype_t10ub_addr8_tS1_S1_m] -> (nil)
npuchk: [_ZN6npuchk12scatter_vsubE7vtype_t10ub_addr8_tS1_S1_httt] -> (nil)
npuchk: [_ZN6npuchk16scatter_vsub_f16E10ub_addr8_tS0_S0_m] -> 0xe7fff3d033b4
npuchk: [_ZN6npuchk16scatter_vsub_f16E10ub_addr8_tS0_S0_httt] -> 0xe7fff3d035dc
npuchk: [_ZN6npuchk16scatter_vsub_f32E10ub_addr8_tS0_S0_m] -> 0xe7fff3d038c4
npuchk: [_ZN6npuchk16scatter_vsub_f32E10ub_addr8_tS0_S0_httt] -> 0xe7fff3d03aec
npuchk: [_ZN6npuchk16scatter_vsub_s16E10ub_addr8_tS0_S0_m] -> 0xe7fff3d03dd4
npuchk: [_ZN6npuchk16scatter_vsub_s16E10ub_addr8_tS0_S0_httt] -> 0xe7fff3d03ffc
npuchk: [_ZN6npuchk16scatter_vsub_s32E10ub_addr8_tS0_S0_m] -> 0xe7fff3d042e4
npuchk: [_ZN6npuchk16scatter_vsub_s32E10ub_addr8_tS0_S0_httt] -> 0xe7fff3d0450c
npuchk: [_ZN6npuchk14set_aipp_spr_0Em] -> 0xe7fff3c0bb54
npuchk: [_ZN6npuchk14set_aipp_spr_1Em] -> 0xe7fff3c0bd14
npuchk: [_ZN6npuchk15set_aipp_spr_10Em] -> 0xe7fff3c0bed4
npuchk: [_ZN6npuchk15set_aipp_spr_11Em] -> 0xe7fff3c0c094
npuchk: [_ZN6npuchk15set_aipp_spr_12Em] -> 0xe7fff3c0c254
npuchk: [_ZN6npuchk15set_aipp_spr_13Em] -> 0xe7fff3c0c414
npuchk: [_ZN6npuchk15set_aipp_spr_14Em] -> 0xe7fff3c0c5d4
npuchk: [_ZN6npuchk15set_aipp_spr_15Em] -> 0xe7fff3c0c794
npuchk: [_ZN6npuchk15set_aipp_spr_16Em] -> 0xe7fff3c0c954
npuchk: [_ZN6npuchk15set_aipp_spr_17Em] -> 0xe7fff3c0cb14
npuchk: [_ZN6npuchk15set_aipp_spr_18Em] -> 0xe7fff3c0ccd4
npuchk: [_ZN6npuchk15set_aipp_spr_19Em] -> 0xe7fff3c0ce94
npuchk: [_ZN6npuchk14set_aipp_spr_2Em] -> 0xe7fff3c0d054
npuchk: [_ZN6npuchk15set_aipp_spr_20Em] -> 0xe7fff3c0d214
npuchk: [_ZN6npuchk15set_aipp_spr_21Em] -> 0xe7fff3c0d3d4
npuchk: [_ZN6npuchk15set_aipp_spr_22Em] -> 0xe7fff3c0d594
npuchk: [_ZN6npuchk15set_aipp_spr_23Em] -> 0xe7fff3c0d754
npuchk: [_ZN6npuchk15set_aipp_spr_24Em] -> 0xe7fff3c0d914
npuchk: [_ZN6npuchk15set_aipp_spr_25Em] -> (nil)
npuchk: [_ZN6npuchk15set_aipp_spr_26Em] -> (nil)
npuchk: [_ZN6npuchk15set_aipp_spr_27Em] -> (nil)
npuchk: [_ZN6npuchk15set_aipp_spr_28Em] -> (nil)
npuchk: [_ZN6npuchk15set_aipp_spr_29Em] -> (nil)
npuchk: [_ZN6npuchk14set_aipp_spr_3Em] -> 0xe7fff3c0dad4
npuchk: [_ZN6npuchk15set_aipp_spr_30Em] -> (nil)
npuchk: [_ZN6npuchk15set_aipp_spr_31Em] -> (nil)
npuchk: [_ZN6npuchk14set_aipp_spr_4Em] -> 0xe7fff3c0dc94
npuchk: [_ZN6npuchk14set_aipp_spr_5Em] -> 0xe7fff3c0de54
npuchk: [_ZN6npuchk14set_aipp_spr_6Em] -> 0xe7fff3c0e014
npuchk: [_ZN6npuchk14set_aipp_spr_7Em] -> 0xe7fff3c0e1d4
npuchk: [_ZN6npuchk14set_aipp_spr_8Em] -> 0xe7fff3c0e394
npuchk: [_ZN6npuchk14set_aipp_spr_9Em] -> 0xe7fff3c0e554
npuchk: [_ZN6npuchk14set_atomic_addEv] -> (nil)
npuchk: [_ZN6npuchk15set_atomic_bf16Ev] -> 0xe7fff3b89e5c
npuchk: [_ZN6npuchk14set_atomic_f16Ev] -> 0xe7fff3b89e3c
npuchk: [_ZN6npuchk14set_atomic_f32Ev] -> 0xe7fff3b89ebc
npuchk: [_ZN6npuchk14set_atomic_maxEv] -> (nil)
npuchk: [_ZN6npuchk14set_atomic_minEv] -> (nil)
npuchk: [_ZN6npuchk15set_atomic_noneEv] -> 0xe7fff3b89e9c
npuchk: [_ZN6npuchk14set_atomic_s16Ev] -> 0xe7fff3b89e1c
npuchk: [_ZN6npuchk14set_atomic_s32Ev] -> 0xe7fff3b89dfc
npuchk: [_ZN6npuchk13set_atomic_s8Ev] -> 0xe7fff3b89e7c
npuchk: [_ZN6npuchk18set_cache_normreadEv] -> 0xe7fff3d047f4
npuchk: [_ZN6npuchk22set_cache_notwritebackEv] -> 0xe7fff3d04920
npuchk: [_ZN6npuchk17set_cache_readinvEv] -> 0xe7fff3d04a4c
npuchk: [_ZN6npuchk18set_cache_readlastEv] -> 0xe7fff3d04b78
npuchk: [_ZN6npuchk16set_channel_paraEm] -> (nil)
npuchk: [_ZN6npuchk11set_cmpmaskEPv] -> 0xe7fff3c19f3c
npuchk: [_ZN6npuchk8set_condEm] -> 0xe7fff3c0e714
npuchk: [_ZN6npuchk18set_condition_flagEm] -> 0xe7fff3c0e8d4
npuchk: [_ZN6npuchk8set_ctrlEm] -> 0xe7fff3c0ea94
npuchk: [_ZN6npuchk14set_data_exp_0Em] -> 0xe7fff3c1a104
npuchk: [_ZN6npuchk14set_data_exp_1Em] -> 0xe7fff3c1a2c4
npuchk: [_ZN6npuchk14set_data_exp_2Em] -> 0xe7fff3c1a484
npuchk: [_ZN6npuchk14set_data_exp_3Em] -> 0xe7fff3c1a644
npuchk: [_ZN6npuchk12set_deqscaleEN7float165Fp16TE] -> 0xe7fff3c1a804
npuchk: [_ZN6npuchk12set_deqscaleEm] -> 0xe7fff3c1a9d8
npuchk: [_ZN6npuchk18set_elt_antiq_paraEm] -> (nil)
npuchk: [_ZN6npuchk16set_elt_src_paraEm] -> (nil)
npuchk: [_ZN6npuchk12set_fcol2imgEm] -> 0xe7fff3d04ca4
npuchk: [_ZN6npuchk18set_ffts_base_addrEm] -> 0xe7fff3c0ec54
npuchk: [_ZN6npuchk17set_fix_clip_reluEm] -> (nil)
npuchk: [_ZN6npuchk13set_fixp_addrEm] -> (nil)
npuchk: [_ZN6npuchk8set_flagE6pipe_tS0_7event_t] -> 0xe7fff3c0ee14
npuchk: [_ZN6npuchk8set_flagE6pipe_t7event_t] -> (nil)
npuchk: [_ZN6npuchk8set_flagE6pipe_tS0_m] -> (nil)
npuchk: [_ZN6npuchk8set_flagE6pipe_tm] -> (nil)
npuchk: [_ZN6npuchk11set_fmatrixEm] -> 0xe7fff3c0f0d4
npuchk: [_ZN6npuchk13set_fmatrix_bEm] -> 0xe7fff3c0f294
npuchk: [_ZN6npuchk18set_fmatrix_dual_0Em] -> (nil)
npuchk: [_ZN6npuchk18set_fmatrix_dual_1Em] -> (nil)
npuchk: [_ZN6npuchk7set_fpcEm] -> 0xe7fff3c0f454
npuchk: [_ZN6npuchk9set_fpdeqEm] -> (nil)
npuchk: [_ZN6npuchk16set_l0_set_valueEN7float165Fp16TE] -> 0xe7fff3c0f614
npuchk: [_ZN6npuchk16set_l0_set_valueEj] -> 0xe7fff3c0f7e8
npuchk: [_ZN6npuchk10set_l0a_2dEPvl] -> 0xe7fff3d04e48
npuchk: [_ZN6npuchk10set_l0a_2dEPN7float165Fp16TEl] -> 0xe7fff3c0f9a8
npuchk: [_ZN6npuchk10set_l0a_2dEPfl] -> 0xe7fff3c0fbc4
npuchk: [_ZN6npuchk10set_l0a_2dEPsl] -> 0xe7fff3c0fde4
npuchk: [_ZN6npuchk10set_l0a_2dEPil] -> 0xe7fff3c10000
npuchk: [_ZN6npuchk10set_l0a_2dEPtl] -> 0xe7fff3c10220
npuchk: [_ZN6npuchk10set_l0a_2dEPjl] -> 0xe7fff3c1043c
npuchk: [_ZN6npuchk10set_l0b_2dEPvl] -> 0xe7fff3d05064
npuchk: [_ZN6npuchk10set_l0b_2dEPN7float165Fp16TEl] -> 0xe7fff3c1065c
npuchk: [_ZN6npuchk10set_l0b_2dEPfl] -> 0xe7fff3c1087c
npuchk: [_ZN6npuchk10set_l0b_2dEPsl] -> 0xe7fff3c10a9c
npuchk: [_ZN6npuchk10set_l0b_2dEPil] -> 0xe7fff3c10cbc
npuchk: [_ZN6npuchk10set_l0b_2dEPtl] -> 0xe7fff3c10edc
npuchk: [_ZN6npuchk10set_l0b_2dEPjl] -> 0xe7fff3c110fc
npuchk: [_ZN6npuchk9set_l1_2dEPvl] -> 0xe7fff3d05284
npuchk: [_ZN6npuchk9set_l1_2dEPN7float165Fp16TEl] -> 0xe7fff3c1131c
npuchk: [_ZN6npuchk9set_l1_2dEPfl] -> 0xe7fff3c1153c
npuchk: [_ZN6npuchk9set_l1_2dEPsl] -> 0xe7fff3c1175c
npuchk: [_ZN6npuchk9set_l1_2dEPil] -> 0xe7fff3c1197c
npuchk: [_ZN6npuchk9set_l1_2dEPtl] -> 0xe7fff3c11b9c
npuchk: [_ZN6npuchk9set_l1_2dEPjl] -> 0xe7fff3c11dbc
npuchk: [_ZN6npuchk14set_l1_3d_sizeEm] -> 0xe7fff3c11fdc
npuchk: [_ZN6npuchk11set_l3d_rptEm] -> 0xe7fff3c1219c
npuchk: [_ZN6npuchk14set_loop3_paraEm] -> (nil)
npuchk: [_ZN6npuchk15set_low_pre_tblEm] -> 0xe7fff3d054a4
npuchk: [_ZN6npuchk9set_lpcntEm] -> 0xe7fff3c1235c
npuchk: [_ZN6npuchk15set_lrelu_alphaEm] -> 0xe7fff3c1251c
npuchk: [_ZN6npuchk15set_lrelu_alphaEN7float165Fp16TE] -> 0xe7fff3c1266c
npuchk: [_ZN6npuchk15set_lrelu_alphaEf] -> 0xe7fff3c12840
npuchk: [_ZN6npuchk14set_mask_countEv] -> 0xe7fff3c12a08
npuchk: [_ZN6npuchk13set_mask_normEv] -> 0xe7fff3c12b34
npuchk: [_ZN6npuchk15set_mov_pad_valEm] -> 0xe7fff3c1ab98
npuchk: [_ZN6npuchk19set_pad_val_outtoubEm] -> (nil)
npuchk: [_ZN6npuchk19set_pad_val_outtol1Em] -> (nil)
npuchk: [_ZN6npuchk11set_nd_paraEm] -> 0xe7fff3c12c60
npuchk: [_ZN6npuchk11set_paddingEm] -> 0xe7fff3c12e20
npuchk: [_ZN6npuchk11set_paddingEN7float165Fp16TE] -> 0xe7fff3c12fe0
npuchk: [_ZN6npuchk11set_paddingEs] -> 0xe7fff3c131b4
npuchk: [_ZN6npuchk11set_paddingEt] -> 0xe7fff3c13374
npuchk: [_ZN6npuchk16set_pcie_rd_ctrlEm] -> 0xe7fff3c1ad58
npuchk: [_ZN6npuchk16set_pcie_wr_ctrlEm] -> 0xe7fff3c1af18
npuchk: [_ZN6npuchk11set_pnt_coeEm] -> (nil)
npuchk: [_ZN6npuchk14set_quant_postEm] -> (nil)
npuchk: [_ZN6npuchk13set_quant_preEm] -> 0xe7fff3c13534
npuchk: [_ZN6npuchk19set_rawheader_to_gmEPvm] -> 0xe7fff3d05664
npuchk: [_ZN6npuchk19set_rawheader_to_gmEPvtbh] -> 0xe7fff3d05880
npuchk: [_ZN6npuchk14set_relu_alphaEm] -> (nil)
npuchk: [_ZN6npuchk12set_reqscaleEm] -> (nil)
npuchk: [_ZN6npuchk14set_rpn_cor_irEm] -> (nil)
npuchk: [_ZN6npuchk14set_rpn_offsetEN7float165Fp16TE] -> 0xe7fff3d05b38
npuchk: [_ZN6npuchk17set_safety_crc_enEm] -> (nil)
npuchk: [_ZN6npuchk19set_safety_crc_excpEm] -> (nil)
npuchk: [_ZN6npuchk15set_smask_indexEm] -> 0xe7fff3d05d0c
npuchk: [_ZN6npuchk17set_st_atomic_cfgEm] -> 0xe7fff3c136f4
npuchk: [_ZN6npuchk17set_st_atomic_cfgE13atomic_type_t11atomic_op_t] -> 0xe7fff3c138b4
npuchk: [_ZN6npuchk13set_va_reg_sbE10ub_addr8_tPm] -> 0xe7fff3c1b0d8
npuchk: [_ZN6npuchk15set_vector_maskEmm] -> 0xe7fff3c1b270
npuchk: [_ZN6npuchk19set_vector_mask_dupEm] -> 0xe7fff3c1b430
npuchk: [_ZN6npuchk9set_vpipeEm] -> 0xe7fff3d05ecc
npuchk: [_ZN6npuchk7set_vspEm] -> (nil)
npuchk: [_ZN6npuchk4sff0Em] -> (nil)
npuchk: [_ZN6npuchk4sff1Em] -> (nil)
npuchk: [_ZN6npuchk7sflbitsEl] -> (nil)
npuchk: [_ZN6npuchk6st_devEtPts] -> 0xe7fff3c13ac8
npuchk: [_ZN6npuchk6st_devEjPjs] -> 0xe7fff3c13d44
npuchk: [_ZN6npuchk6st_devEmPms] -> 0xe7fff3c13fc0
npuchk: [_ZN6npuchk6st_devEhPhs] -> 0xe7fff3c1423c
npuchk: [_ZN6npuchk21store_l1_to_out_imageEPN7float165Fp16TES2_mm] -> (nil)
npuchk: [_ZN6npuchk21store_l1_to_out_imageEPN7float165Fp16TES2_thththbhm] -> (nil)
npuchk: [_ZN6npuchk21store_l1_to_out_imageEPsS0_mm] -> (nil)
npuchk: [_ZN6npuchk21store_l1_to_out_imageEPsS0_thththbhm] -> (nil)
npuchk: [_ZN6npuchk4trapEm] -> (nil)
npuchk: [_ZN6npuchk6plt_b8ERj7Literal] -> (nil)
npuchk: [_ZN6npuchk7plt_b16ERj7Literal] -> (nil)
npuchk: [_ZN6npuchk7plt_b32ERj7Literal] -> (nil)
npuchk: [_ZN6npuchk7pltm_b8Etj] -> (nil)
npuchk: [_ZN6npuchk8pltm_b16Etj] -> (nil)
npuchk: [_ZN6npuchk8pltm_b32Etj] -> (nil)
npuchk: [_ZN6npuchk7vag_b32Et] -> (nil)
npuchk: [_ZN6npuchk7vag_b32Ett] -> (nil)
npuchk: [_ZN6npuchk7vag_b32Ettt] -> (nil)
npuchk: [_ZN6npuchk7vag_b32Etttt] -> (nil)
npuchk: [_ZN6npuchk7vag_b16Et] -> (nil)
npuchk: [_ZN6npuchk7vag_b16Ett] -> (nil)
npuchk: [_ZN6npuchk7vag_b16Ettt] -> (nil)
npuchk: [_ZN6npuchk7vag_b16Etttt] -> (nil)
npuchk: [_ZN6npuchk4trapEv] -> 0xe7fff3c144c4
npuchk: [_ZN6npuchk7mem_barE7Literal] -> (nil)
npuchk: [_ZN6npuchk8vgather2ERA128_sPaPth] -> (nil)
npuchk: [_ZN6npuchk8vgather2ERA128_tPhPth] -> (nil)
npuchk: [_ZN6npuchk8vgather2ERA128_sPsPth] -> (nil)
npuchk: [_ZN6npuchk8vgather2ERA128_tPtS2_h] -> (nil)
npuchk: [_ZN6npuchk8vgather2ERA64_iPiPjh] -> (nil)
npuchk: [_ZN6npuchk8vgather2ERA64_jPjS2_h] -> (nil)
npuchk: [_ZN6npuchk8vgather2ERA128_N7float165Fp16TEPS1_Pth] -> (nil)
npuchk: [_ZN6npuchk8vgather2ERA64_fPfPjh] -> (nil)
npuchk: [_ZN6npuchk8vgather2ERA128_N8bfloat165Bf16TEPS1_Pth] -> (nil)
npuchk: [_ZN6npuchk8vgatherbERA256_aPaPjh] -> (nil)
npuchk: [_ZN6npuchk8vgatherbERA256_hPhPjh] -> (nil)
npuchk: [_ZN6npuchk8vgatherbERA128_sPsPjh] -> (nil)
npuchk: [_ZN6npuchk8vgatherbERA128_tPtPjh] -> (nil)
npuchk: [_ZN6npuchk8vgatherbERA64_iPiPjh] -> (nil)
npuchk: [_ZN6npuchk8vgatherbERA64_jPjS2_h] -> (nil)
npuchk: [_ZN6npuchk8vgatherbERA128_N8bfloat165Bf16TEPS1_Pjh] -> (nil)
npuchk: [_ZN6npuchk8vgatherbERA128_N7float165Fp16TEPS1_Pjh] -> (nil)
npuchk: [_ZN6npuchk8vgatherbERA64_fPfPjh] -> (nil)
npuchk: [_ZN6npuchk8vgatherbERA32_lPlPjh] -> (nil)
npuchk: [_ZN6npuchk8vgatherbERA256_aPaPj] -> (nil)
npuchk: [_ZN6npuchk8vgatherbERA256_hPhPj] -> (nil)
npuchk: [_ZN6npuchk8vgatherbERA128_sPsPj] -> (nil)
npuchk: [_ZN6npuchk8vgatherbERA128_tPtPj] -> (nil)
npuchk: [_ZN6npuchk8vgatherbERA64_iPiPj] -> (nil)
npuchk: [_ZN6npuchk8vgatherbERA64_jPjS2_] -> (nil)
npuchk: [_ZN6npuchk8vgatherbERA128_N8bfloat165Bf16TEPS1_Pj] -> (nil)
npuchk: [_ZN6npuchk8vgatherbERA128_N7float165Fp16TEPS1_Pj] -> (nil)
npuchk: [_ZN6npuchk8vgatherbERA64_fPfPj] -> (nil)
npuchk: [_ZN6npuchk8vgatherbERA32_lPlPj] -> (nil)
npuchk: [_ZN6npuchk8vscatterERA256_aPaPth] -> (nil)
npuchk: [_ZN6npuchk8vscatterERA256_hPhPth] -> (nil)
npuchk: [_ZN6npuchk8vscatterERA128_sPsPth] -> (nil)
npuchk: [_ZN6npuchk8vscatterERA128_tPtS2_h] -> (nil)
npuchk: [_ZN6npuchk8vscatterERA64_iPiPjh] -> (nil)
npuchk: [_ZN6npuchk8vscatterERA64_jPjS2_h] -> (nil)
npuchk: [_ZN6npuchk8vscatterERA128_N8bfloat165Bf16TEPS1_Pth] -> (nil)
npuchk: [_ZN6npuchk8vscatterERA128_N7float165Fp16TEPS1_Pth] -> (nil)
npuchk: [_ZN6npuchk8vscatterERA64_fPfPjh] -> (nil)
npuchk: [_ZN6npuchk4vaddERA64_iPiS2_h7Literal] -> (nil)
npuchk: [_ZN6npuchk4vaddERA64_jPjS2_h7Literal] -> (nil)
npuchk: [_ZN6npuchk4vaddERA128_sPsS2_h7Literal] -> (nil)
npuchk: [_ZN6npuchk4vaddERA128_tPtS2_h7Literal] -> (nil)
npuchk: [_ZN6npuchk4vaddERA256_aPaS2_h7Literal] -> (nil)
npuchk: [_ZN6npuchk4vaddERA256_hPhS2_h7Literal] -> (nil)
npuchk: [_ZN6npuchk4vaddERA64_fPfS2_h7Literal] -> (nil)
npuchk: [_ZN6npuchk4vaddERA128_N7float165Fp16TEPS1_S4_h7Literal] -> (nil)
npuchk: [_ZN6npuchk3vciERA64_iii] -> (nil)
npuchk: [_ZN6npuchk3vciERA128_ssi] -> (nil)
npuchk: [_ZN6npuchk3vciERA256_aai] -> (nil)
npuchk: [_ZN6npuchk3vciERA128_N7float165Fp16TES1_i] -> (nil)
npuchk: [_ZN6npuchk3vciERA64_ffi] -> (nil)
npuchk: [_ZN6npuchk3vciERA64_ii7Literal] -> (nil)
npuchk: [_ZN6npuchk3vciERA128_ss7Literal] -> (nil)
npuchk: [_ZN6npuchk3vciERA256_aa7Literal] -> (nil)
npuchk: [_ZN6npuchk3vciERA128_N7float165Fp16TES1_7Literal] -> (nil)
npuchk: [_ZN6npuchk3vciERA64_ff7Literal] -> (nil)
npuchk: [_ZN6npuchk4vabsERA64_fPfh7Literal] -> (nil)
npuchk: [_ZN6npuchk4vabsERA128_N7float165Fp16TEPS1_h7Literal] -> (nil)
npuchk: [_ZN6npuchk4vabsERA256_aPah7Literal] -> (nil)
npuchk: [_ZN6npuchk4vabsERA128_sPsh7Literal] -> (nil)
npuchk: [_ZN6npuchk4vabsERA64_iPih7Literal] -> (nil)
npuchk: [_ZN6npuchk4vrecERA64_fPfh7Literal] -> (nil)
npuchk: [_ZN6npuchk4vrecERA128_N7float165Fp16TEPS1_h7Literal] -> (nil)
npuchk: [_ZN6npuchk6vrsqrtERA64_fPfh7Literal] -> (nil)
npuchk: [_ZN6npuchk6vrsqrtERA128_N7float165Fp16TEPS1_h7Literal] -> (nil)
npuchk: [_ZN6npuchk5vreluERA64_fPfh7Literal] -> (nil)
npuchk: [_ZN6npuchk5vreluERA128_N7float165Fp16TEPS1_h7Literal] -> (nil)
npuchk: [_ZN6npuchk5vreluERA64_iPih7Literal] -> (nil)
npuchk: [_ZN6npuchk5vsqrtERA64_fPfh7Literal] -> (nil)
npuchk: [_ZN6npuchk5vsqrtERA128_N7float165Fp16TEPS1_h7Literal] -> (nil)
npuchk: [_ZN6npuchk3vlnERA64_fPfh7Literal] -> (nil)
npuchk: [_ZN6npuchk3vlnERA128_N7float165Fp16TEPS1_h7Literal] -> (nil)
npuchk: [_ZN6npuchk4vexpERA64_fPfh7Literal] -> (nil)
npuchk: [_ZN6npuchk4vexpERA128_N7float165Fp16TEPS1_h7Literal] -> (nil)
npuchk: [_ZN6npuchk4vnotERA256_hPhh7Literal] -> (nil)
npuchk: [_ZN6npuchk4vnotERA256_aPah7Literal] -> (nil)
npuchk: [_ZN6npuchk4vnotERA128_tPth7Literal] -> (nil)
npuchk: [_ZN6npuchk4vnotERA128_sPsh7Literal] -> (nil)
npuchk: [_ZN6npuchk4vnotERA128_N7float165Fp16TEPS1_h7Literal] -> (nil)
npuchk: [_ZN6npuchk4vnotERA64_iPih7Literal] -> (nil)
npuchk: [_ZN6npuchk4vnotERA64_jPjh7Literal] -> (nil)
npuchk: [_ZN6npuchk4vnotERA64_fPfh7Literal] -> (nil)
npuchk: [_ZN6npuchk4pldsERhPji7Literal] -> (nil)
npuchk: [_ZN6npuchk4pldsERhRPji7LiteralS3_] -> (nil)
npuchk: [_ZN6npuchk8movp_b16Ev] -> (nil)
npuchk: [_ZN6npuchk8movp_b32Ev] -> (nil)
npuchk: [_ZN6npuchk4pstsEhPji7Literal] -> (nil)
npuchk: [_ZN6npuchk5ppackERhh7Literal] -> (nil)
npuchk: [_ZN6npuchk7punpackERhh7Literal] -> (nil)
npuchk: [_ZN6npuchk6vintlvERA256_hS1_PhS2_] -> (nil)
npuchk: [_ZN6npuchk6vintlvERA256_aS1_PaS2_] -> (nil)
npuchk: [_ZN6npuchk6vintlvERA128_N7float165Fp16TES3_PS1_S4_] -> (nil)
npuchk: [_ZN6npuchk6vintlvERA128_sS1_PsS2_] -> (nil)
npuchk: [_ZN6npuchk6vintlvERA128_tS1_PtS2_] -> (nil)
npuchk: [_ZN6npuchk6vintlvERA64_fS1_PfS2_] -> (nil)
npuchk: [_ZN6npuchk6vintlvERA64_iS1_PiS2_] -> (nil)
npuchk: [_ZN6npuchk6vintlvERA64_jS1_PjS2_] -> (nil)
npuchk: [_ZN6npuchk7vdintlvERA256_hS1_PhS2_] -> (nil)
npuchk: [_ZN6npuchk7vdintlvERA256_aS1_PaS2_] -> (nil)
npuchk: [_ZN6npuchk7vdintlvERA128_N7float165Fp16TES3_PS1_S4_] -> (nil)
npuchk: [_ZN6npuchk7vdintlvERA128_sS1_PsS2_] -> (nil)
npuchk: [_ZN6npuchk7vdintlvERA128_tS1_PtS2_] -> (nil)
npuchk: [_ZN6npuchk7vdintlvERA64_fS1_PfS2_] -> (nil)
npuchk: [_ZN6npuchk7vdintlvERA64_iS1_PiS2_] -> (nil)
npuchk: [_ZN6npuchk7vdintlvERA64_jS1_PjS2_] -> (nil)
npuchk: [_ZN6npuchk5vpackERA256_hPt7LiteralS3_] -> (nil)
npuchk: [_ZN6npuchk5vpackERA256_hPs7LiteralS3_] -> (nil)
npuchk: [_ZN6npuchk5vpackERA128_tPj7LiteralS3_] -> (nil)
npuchk: [_ZN6npuchk5vpackERA128_tPi7LiteralS3_] -> (nil)
npuchk: [_ZN6npuchk9pintlv_b8ERhS0_hh] -> (nil)
npuchk: [_ZN6npuchk10pintlv_b16ERhS0_hh] -> (nil)
npuchk: [_ZN6npuchk10pintlv_b32ERhS0_hh] -> (nil)
npuchk: [_ZN6npuchk10pdintlv_b8ERhS0_hh] -> (nil)
npuchk: [_ZN6npuchk11pdintlv_b16ERhS0_hh] -> (nil)
npuchk: [_ZN6npuchk11pdintlv_b32ERhS0_hh] -> (nil)
npuchk: [_ZN6npuchk5vsstbEPaS0_ih] -> (nil)
npuchk: [_ZN6npuchk5vsstbEPhS0_ih] -> (nil)
npuchk: [_ZN6npuchk5vsstbEPsS0_ih] -> (nil)
npuchk: [_ZN6npuchk5vsstbEPtS0_ih] -> (nil)
npuchk: [_ZN6npuchk5vsstbEPiS0_ih] -> (nil)
npuchk: [_ZN6npuchk5vsstbEPjS0_ih] -> (nil)
npuchk: [_ZN6npuchk5vsstbEPN8bfloat165Bf16TES2_ih] -> (nil)
npuchk: [_ZN6npuchk5vsstbEPN7float165Fp16TES2_ih] -> (nil)
npuchk: [_ZN6npuchk5vsstbEPfS0_ih] -> (nil)
npuchk: [_ZN6npuchk5vsstbEPaRS0_ih7Literal] -> (nil)
npuchk: [_ZN6npuchk5vsstbEPhRS0_ih7Literal] -> (nil)
npuchk: [_ZN6npuchk5vsstbEPsRS0_ih7Literal] -> (nil)
npuchk: [_ZN6npuchk5vsstbEPtRS0_ih7Literal] -> (nil)
npuchk: [_ZN6npuchk5vsstbEPiRS0_ih7Literal] -> (nil)
npuchk: [_ZN6npuchk5vsstbEPjRS0_ih7Literal] -> (nil)
npuchk: [_ZN6npuchk5vsstbEPN8bfloat165Bf16TERS2_ih7Literal] -> (nil)
npuchk: [_ZN6npuchk5vsstbEPN7float165Fp16TERS2_ih7Literal] -> (nil)
npuchk: [_ZN6npuchk5vsstbEPfRS0_ih7Literal] -> (nil)
npuchk: [_ZN6npuchk5vsldbERA256_aPaih] -> (nil)
npuchk: [_ZN6npuchk5vsldbERA256_hPhih] -> (nil)
npuchk: [_ZN6npuchk5vsldbERA128_sPsih] -> (nil)
npuchk: [_ZN6npuchk5vsldbERA128_tPtih] -> (nil)
npuchk: [_ZN6npuchk5vsldbERA64_iPiih] -> (nil)
npuchk: [_ZN6npuchk5vsldbERA64_jPjih] -> (nil)
npuchk: [_ZN6npuchk5vsldbERA32_lPlih] -> (nil)
npuchk: [_ZN6npuchk5vsldbERA128_N8bfloat165Bf16TEPS1_ih] -> (nil)
npuchk: [_ZN6npuchk5vsldbERA128_N7float165Fp16TEPS1_ih] -> (nil)
npuchk: [_ZN6npuchk5vsldbERA64_fPfih] -> (nil)
npuchk: [_ZN6npuchk5vsldbERA256_aRPaih7Literal] -> (nil)
npuchk: [_ZN6npuchk5vsldbERA256_hRPhih7Literal] -> (nil)
npuchk: [_ZN6npuchk5vsldbERA128_sRPsih7Literal] -> (nil)
npuchk: [_ZN6npuchk5vsldbERA128_tRPtih7Literal] -> (nil)
npuchk: [_ZN6npuchk5vsldbERA64_iRPiih7Literal] -> (nil)
npuchk: [_ZN6npuchk5vsldbERA64_jRPjih7Literal] -> (nil)
npuchk: [_ZN6npuchk5vsldbERA32_lRPlih7Literal] -> (nil)
npuchk: [_ZN6npuchk5vsldbERA128_N8bfloat165Bf16TERPS1_ih7Literal] -> (nil)
npuchk: [_ZN6npuchk5vsldbERA128_N7float165Fp16TERPS1_ih7Literal] -> (nil)
npuchk: [_ZN6npuchk5vsldbERA64_fRPfih7Literal] -> (nil)
npuchk: [_ZN6npuchk3vstEPaS0_i7Literalh] -> (nil)
npuchk: [_ZN6npuchk3vstEPhS0_i7Literalh] -> (nil)
npuchk: [_ZN6npuchk3vstEPsS0_i7Literalh] -> (nil)
npuchk: [_ZN6npuchk3vstEPtS0_i7Literalh] -> (nil)
npuchk: [_ZN6npuchk3vstEPiS0_i7Literalh] -> (nil)
npuchk: [_ZN6npuchk3vstEPjS0_i7Literalh] -> (nil)
npuchk: [_ZN6npuchk3vstEPmS0_i7Literalh] -> (nil)
npuchk: [_ZN6npuchk3vstEPlS0_i7Literalh] -> (nil)
npuchk: [_ZN6npuchk3vstEPN8bfloat165Bf16TES2_i7Literalh] -> (nil)
npuchk: [_ZN6npuchk3vstEPN7float165Fp16TES2_i7Literalh] -> (nil)
npuchk: [_ZN6npuchk3vstEPfS0_i7Literalh] -> (nil)
npuchk: [_ZN6npuchk3vstEPaS0_S0_i7Literalh] -> (nil)
npuchk: [_ZN6npuchk3vstEPhS0_S0_i7Literalh] -> (nil)
npuchk: [_ZN6npuchk3vstEPsS0_S0_i7Literalh] -> (nil)
npuchk: [_ZN6npuchk3vstEPtS0_S0_i7Literalh] -> (nil)
npuchk: [_ZN6npuchk3vstEPN8bfloat165Bf16TES2_S2_i7Literalh] -> (nil)
npuchk: [_ZN6npuchk3vstEPN7float165Fp16TES2_S2_i7Literalh] -> (nil)
npuchk: [_ZN6npuchk4vstsEPaS0_i7Literalh] -> (nil)
npuchk: [_ZN6npuchk4vstsEPhS0_i7Literalh] -> (nil)
npuchk: [_ZN6npuchk4vstsEPsS0_i7Literalh] -> (nil)
npuchk: [_ZN6npuchk4vstsEPtS0_i7Literalh] -> (nil)
npuchk: [_ZN6npuchk4vstsEPiS0_i7Literalh] -> (nil)
npuchk: [_ZN6npuchk4vstsEPjS0_i7Literalh] -> (nil)
npuchk: [_ZN6npuchk4vstsEPmS0_i7Literalh] -> (nil)
npuchk: [_ZN6npuchk4vstsEPlS0_i7Literalh] -> (nil)
npuchk: [_ZN6npuchk4vstsEPN8bfloat165Bf16TES2_i7Literalh] -> (nil)
npuchk: [_ZN6npuchk4vstsEPN7float165Fp16TES2_i7Literalh] -> (nil)
npuchk: [_ZN6npuchk4vstsEPfS0_i7Literalh] -> (nil)
npuchk: [_ZN6npuchk5vstuiERA32_ajPN7float165Fp16TERS4_] -> (nil)
npuchk: [_ZN6npuchk5vstuiERA32_ajPN7float165Fp16TERS4_7Literal] -> (nil)
npuchk: [_ZN6npuchk5vstuiERA32_ajPfRS2_] -> (nil)
npuchk: [_ZN6npuchk5vstuiERA32_ajPfRS2_7Literal] -> (nil)
npuchk: [_ZN6npuchk5vstusERA32_ajPN7float165Fp16TERS4_] -> (nil)
npuchk: [_ZN6npuchk5vstusERA32_ajPN7float165Fp16TERS4_7Literal] -> (nil)
npuchk: [_ZN6npuchk5vstusERA32_ajPfRS2_] -> (nil)
npuchk: [_ZN6npuchk5vstusERA32_ajPfRS2_7Literal] -> (nil)
npuchk: [_ZN6npuchk5vstaiEPaPN7float165Fp16TEi] -> (nil)
npuchk: [_ZN6npuchk5vstaiEPaRPN7float165Fp16TEi7Literal] -> (nil)
npuchk: [_ZN6npuchk5vstaiEPaPfi] -> (nil)
npuchk: [_ZN6npuchk5vstaiEPaRPfi7Literal] -> (nil)
npuchk: [_ZN6npuchk5vstasEPaPN7float165Fp16TEi] -> (nil)
npuchk: [_ZN6npuchk5vstasEPaRPN7float165Fp16TEi7Literal] -> (nil)
npuchk: [_ZN6npuchk5vstasEPaPfi] -> (nil)
npuchk: [_ZN6npuchk5vstasEPaRPfi7Literal] -> (nil)
npuchk: [_ZN6npuchk3vorERA256_hPhS2_h7Literal] -> (nil)
npuchk: [_ZN6npuchk3vorERA256_aPaS2_h7Literal] -> (nil)
npuchk: [_ZN6npuchk3vorERA128_tPtS2_h7Literal] -> (nil)
npuchk: [_ZN6npuchk3vorERA128_sPsS2_h7Literal] -> (nil)
npuchk: [_ZN6npuchk3vorERA64_iPiS2_h7Literal] -> (nil)
npuchk: [_ZN6npuchk3vorERA64_jPjS2_h7Literal] -> (nil)
npuchk: [_ZN6npuchk3vorERA64_fPfS2_h7Literal] -> (nil)
npuchk: [_ZN6npuchk3vorERA128_N7float165Fp16TEPS1_S4_h7Literal] -> (nil)
npuchk: [_ZN6npuchk4vandERA256_hPhS2_h7Literal] -> (nil)
npuchk: [_ZN6npuchk4vandERA256_aPaS2_h7Literal] -> (nil)
npuchk: [_ZN6npuchk4vandERA128_tPtS2_h7Literal] -> (nil)
npuchk: [_ZN6npuchk4vandERA128_sPsS2_h7Literal] -> (nil)
npuchk: [_ZN6npuchk4vandERA64_iPiS2_h7Literal] -> (nil)
npuchk: [_ZN6npuchk4vandERA64_jPjS2_h7Literal] -> (nil)
npuchk: [_ZN6npuchk4vandERA64_fPfS2_h7Literal] -> (nil)
npuchk: [_ZN6npuchk4vandERA128_N7float165Fp16TEPS1_S4_h7Literal] -> (nil)
npuchk: [_ZN6npuchk4vmaxERA256_hPhS2_h7Literal] -> (nil)
npuchk: [_ZN6npuchk4vmaxERA256_aPaS2_h7Literal] -> (nil)
npuchk: [_ZN6npuchk4vmaxERA128_tPtS2_h7Literal] -> (nil)
npuchk: [_ZN6npuchk4vmaxERA128_sPsS2_h7Literal] -> (nil)
npuchk: [_ZN6npuchk4vmaxERA64_iPiS2_h7Literal] -> (nil)
npuchk: [_ZN6npuchk4vmaxERA64_jPjS2_h7Literal] -> (nil)
npuchk: [_ZN6npuchk4vmaxERA64_fPfS2_h7Literal] -> (nil)
npuchk: [_ZN6npuchk4vmaxERA128_N7float165Fp16TEPS1_S4_h7Literal] -> (nil)
npuchk: [_ZN6npuchk4vminERA256_hPhS2_h7Literal] -> (nil)
npuchk: [_ZN6npuchk4vminERA256_aPaS2_h7Literal] -> (nil)
npuchk: [_ZN6npuchk4vminERA128_tPtS2_h7Literal] -> (nil)
npuchk: [_ZN6npuchk4vminERA128_sPsS2_h7Literal] -> (nil)
npuchk: [_ZN6npuchk4vminERA64_iPiS2_h7Literal] -> (nil)
npuchk: [_ZN6npuchk4vminERA64_jPjS2_h7Literal] -> (nil)
npuchk: [_ZN6npuchk4vminERA64_fPfS2_h7Literal] -> (nil)
npuchk: [_ZN6npuchk4vminERA128_N7float165Fp16TEPS1_S4_h7Literal] -> (nil)
npuchk: [_ZN6npuchk4vsubERA256_hPhS2_h7Literal] -> (nil)
npuchk: [_ZN6npuchk4vsubERA256_aPaS2_h7Literal] -> (nil)
npuchk: [_ZN6npuchk4vsubERA128_tPtS2_h7Literal] -> (nil)
npuchk: [_ZN6npuchk4vsubERA128_sPsS2_h7Literal] -> (nil)
npuchk: [_ZN6npuchk4vsubERA64_iPiS2_h7Literal] -> (nil)
npuchk: [_ZN6npuchk4vsubERA64_jPjS2_h7Literal] -> (nil)
npuchk: [_ZN6npuchk4vsubERA64_fPfS2_h7Literal] -> (nil)
npuchk: [_ZN6npuchk4vsubERA128_N7float165Fp16TEPS1_S4_h7Literal] -> (nil)
npuchk: [_ZN6npuchk4vmulERA256_hPhS2_h7Literal] -> (nil)
npuchk: [_ZN6npuchk4vmulERA256_aPaS2_h7Literal] -> (nil)
npuchk: [_ZN6npuchk4vmulERA128_tPtS2_h7Literal] -> (nil)
npuchk: [_ZN6npuchk4vmulERA128_sPsS2_h7Literal] -> (nil)
npuchk: [_ZN6npuchk4vmulERA64_iPiS2_h7Literal] -> (nil)
npuchk: [_ZN6npuchk4vmulERA64_jPjS2_h7Literal] -> (nil)
npuchk: [_ZN6npuchk4vmulERA64_fPfS2_h7Literal] -> (nil)
npuchk: [_ZN6npuchk4vmulERA128_N7float165Fp16TEPS1_S4_h7Literal] -> (nil)
npuchk: [_ZN6npuchk4vdivERA256_hPhS2_h7Literal] -> (nil)
npuchk: [_ZN6npuchk4vdivERA256_aPaS2_h7Literal] -> (nil)
npuchk: [_ZN6npuchk4vdivERA128_tPtS2_h7Literal] -> (nil)
npuchk: [_ZN6npuchk4vdivERA128_sPsS2_h7Literal] -> (nil)
npuchk: [_ZN6npuchk4vdivERA64_iPiS2_h7Literal] -> (nil)
npuchk: [_ZN6npuchk4vdivERA64_jPjS2_h7Literal] -> (nil)
npuchk: [_ZN6npuchk4vdivERA64_fPfS2_h7Literal] -> (nil)
npuchk: [_ZN6npuchk4vdivERA128_N7float165Fp16TEPS1_S4_h7Literal] -> (nil)
npuchk: [_ZN6npuchk7vcmp_eqERhPN7float165Fp16TES3_h] -> (nil)
npuchk: [_ZN6npuchk7vcmp_neERhPN7float165Fp16TES3_h] -> (nil)
npuchk: [_ZN6npuchk7vcmp_gtERhPN7float165Fp16TES3_h] -> (nil)
npuchk: [_ZN6npuchk7vcmp_geERhPN7float165Fp16TES3_h] -> (nil)
npuchk: [_ZN6npuchk7vcmp_ltERhPN7float165Fp16TES3_h] -> (nil)
npuchk: [_ZN6npuchk7vcmp_leERhPN7float165Fp16TES3_h] -> (nil)
npuchk: [_ZN6npuchk7vcmp_eqERhPfS1_h] -> (nil)
npuchk: [_ZN6npuchk7vcmp_neERhPfS1_h] -> (nil)
npuchk: [_ZN6npuchk7vcmp_gtERhPfS1_h] -> (nil)
npuchk: [_ZN6npuchk7vcmp_geERhPfS1_h] -> (nil)
npuchk: [_ZN6npuchk7vcmp_ltERhPfS1_h] -> (nil)
npuchk: [_ZN6npuchk7vcmp_leERhPfS1_h] -> (nil)
npuchk: [_ZN6npuchk4vselERA128_N7float165Fp16TEPS1_S4_h] -> (nil)
npuchk: [_ZN6npuchk4vselERA64_fPfS2_h] -> (nil)
npuchk: [_ZN6npuchk3vbrERA128_N7float165Fp16TES1_] -> (nil)
npuchk: [_ZN6npuchk3vbrERA128_tt] -> (nil)
npuchk: [_ZN6npuchk3vbrERA128_ss] -> (nil)
npuchk: [_ZN6npuchk3vbrERA64_ff] -> (nil)
npuchk: [_ZN6npuchk3vbrERA64_jj] -> (nil)
npuchk: [_ZN6npuchk3vbrERA64_ii] -> (nil)
npuchk: [_ZN6npuchk6sprclrE7Literal] -> (nil)
npuchk: [_ZN6npuchk4pmovERhhh] -> (nil)
npuchk: [_ZN6npuchk4vsqzERA128_N7float165Fp16TEPS1_h7Literal] -> (nil)
npuchk: [_ZN6npuchk4vsqzERA128_tPth7Literal] -> (nil)
npuchk: [_ZN6npuchk4vsqzERA128_sPsh7Literal] -> (nil)
npuchk: [_ZN6npuchk4vsqzERA64_fPfh7Literal] -> (nil)
npuchk: [_ZN6npuchk4vsqzERA64_jPjh7Literal] -> (nil)
npuchk: [_ZN6npuchk4vsqzERA64_iPih7Literal] -> (nil)
npuchk: [_ZN6npuchk5vsturERA32_aPN7float165Fp16TES4_7Literal] -> (nil)
npuchk: [_ZN6npuchk5vsturERA32_aPtS2_7Literal] -> (nil)
npuchk: [_ZN6npuchk5vsturERA32_aPsS2_7Literal] -> (nil)
npuchk: [_ZN6npuchk5vsturERA32_aPfS2_7Literal] -> (nil)
npuchk: [_ZN6npuchk5vsturERA32_aPjS2_7Literal] -> (nil)
npuchk: [_ZN6npuchk5vsturERA32_aPiS2_7Literal] -> (nil)
npuchk: [_ZN6npuchk5vstarEPaPN7float165Fp16TE] -> (nil)
npuchk: [_ZN6npuchk5vstarEPaPs] -> (nil)
npuchk: [_ZN6npuchk5vstarEPaPt] -> (nil)
npuchk: [_ZN6npuchk5vstarEPaPf] -> (nil)
npuchk: [_ZN6npuchk5vstarEPaPi] -> (nil)
npuchk: [_ZN6npuchk5vstarEPaPj] -> (nil)
npuchk: [_ZN6npuchk6pge_b8E7Literal] -> (nil)
npuchk: [_ZN6npuchk7pge_b16E7Literal] -> (nil)
npuchk: [_ZN6npuchk7pge_b32E7Literal] -> (nil)
npuchk: [_ZN6npuchk7pset_b8E7Literal] -> (nil)
npuchk: [_ZN6npuchk8pset_b16E7Literal] -> (nil)
npuchk: [_ZN6npuchk8pset_b32E7Literal] -> (nil)
npuchk: [_ZN6npuchk5vldasERA32_aPh] -> (nil)
npuchk: [_ZN6npuchk5vldasERA32_aPN7float165Fp16TE] -> (nil)
npuchk: [_ZN6npuchk5vldasERA32_aPt] -> (nil)
npuchk: [_ZN6npuchk5vldasERA32_aPs] -> (nil)
npuchk: [_ZN6npuchk5vldasERA32_aPf] -> (nil)
npuchk: [_ZN6npuchk5vldasERA32_aPj] -> (nil)
npuchk: [_ZN6npuchk5vldasERA32_aPi] -> (nil)
npuchk: [_ZN6npuchk5vldusERA256_hRA32_aRPhj7Literal] -> (nil)
npuchk: [_ZN6npuchk5vldusERA128_N7float165Fp16TERA32_aRPS1_j7Literal] -> (nil)
npuchk: [_ZN6npuchk5vldusERA128_tRA32_aRPtj7Literal] -> (nil)
npuchk: [_ZN6npuchk5vldusERA128_sRA32_aRPsj7Literal] -> (nil)
npuchk: [_ZN6npuchk5vldusERA64_fRA32_aRPfj7Literal] -> (nil)
npuchk: [_ZN6npuchk5vldusERA64_jRA32_aRPjj7Literal] -> (nil)
npuchk: [_ZN6npuchk5vldusERA64_iRA32_aRPij7Literal] -> (nil)
npuchk: [_ZN6npuchk4vdupERA256_hhh7Literal] -> (nil)
npuchk: [_ZN6npuchk4vdupERA256_aah7Literal] -> (nil)
npuchk: [_ZN6npuchk4vdupERA128_tth7Literal] -> (nil)
npuchk: [_ZN6npuchk4vdupERA128_ssh7Literal] -> (nil)
npuchk: [_ZN6npuchk4vdupERA64_iih7Literal] -> (nil)
npuchk: [_ZN6npuchk4vdupERA64_jjh7Literal] -> (nil)
npuchk: [_ZN6npuchk4vdupERA64_ffh7Literal] -> (nil)
npuchk: [_ZN6npuchk4vdupERA128_N7float165Fp16TES1_h7Literal] -> (nil)
npuchk: [_ZN6npuchk3vldERA256_aPai7Literal] -> (nil)
npuchk: [_ZN6npuchk3vldERA256_hPhi7Literal] -> (nil)
npuchk: [_ZN6npuchk3vldERA128_sPsi7Literal] -> (nil)
npuchk: [_ZN6npuchk3vldERA128_tPti7Literal] -> (nil)
npuchk: [_ZN6npuchk3vldERA64_iPii7Literal] -> (nil)
npuchk: [_ZN6npuchk3vldERA64_jPji7Literal] -> (nil)
npuchk: [_ZN6npuchk3vldERA32_lPli7Literal] -> (nil)
npuchk: [_ZN6npuchk3vldERA32_mPmi7Literal] -> (nil)
npuchk: [_ZN6npuchk3vldERA128_N8bfloat165Bf16TEPS1_i7Literal] -> (nil)
npuchk: [_ZN6npuchk3vldERA128_N7float165Fp16TEPS1_i7Literal] -> (nil)
npuchk: [_ZN6npuchk3vldERA64_fPfi7Literal] -> (nil)
npuchk: [_ZN6npuchk3vldERA256_aPa7Literal] -> (nil)
npuchk: [_ZN6npuchk3vldERA256_hPh7Literal] -> (nil)
npuchk: [_ZN6npuchk3vldERA128_sPs7Literal] -> (nil)
npuchk: [_ZN6npuchk3vldERA128_tPt7Literal] -> (nil)
npuchk: [_ZN6npuchk3vldERA64_iPi7Literal] -> (nil)
npuchk: [_ZN6npuchk3vldERA64_jPj7Literal] -> (nil)
npuchk: [_ZN6npuchk3vldERA32_lPl7Literal] -> (nil)
npuchk: [_ZN6npuchk3vldERA32_mPm7Literal] -> (nil)
npuchk: [_ZN6npuchk3vldERA128_N8bfloat165Bf16TEPS1_7Literal] -> (nil)
npuchk: [_ZN6npuchk3vldERA128_N7float165Fp16TEPS1_7Literal] -> (nil)
npuchk: [_ZN6npuchk3vldERA64_fPf7Literal] -> (nil)
npuchk: [_ZN6npuchk3vldERA256_aS1_Pai7Literal] -> (nil)
npuchk: [_ZN6npuchk3vldERA256_hS1_Phi7Literal] -> (nil)
npuchk: [_ZN6npuchk3vldERA128_sS1_Psi7Literal] -> (nil)
npuchk: [_ZN6npuchk3vldERA128_tS1_Pti7Literal] -> (nil)
npuchk: [_ZN6npuchk3vldERA64_iS1_Pii7Literal] -> (nil)
npuchk: [_ZN6npuchk3vldERA64_jS1_Pji7Literal] -> (nil)
npuchk: [_ZN6npuchk3vldERA32_mS1_Pmi7Literal] -> (nil)
npuchk: [_ZN6npuchk3vldERA32_lS1_Pli7Literal] -> (nil)
npuchk: [_ZN6npuchk3vldERA128_N8bfloat165Bf16TES3_PS1_i7Literal] -> (nil)
npuchk: [_ZN6npuchk3vldERA128_N7float165Fp16TES3_PS1_i7Literal] -> (nil)
npuchk: [_ZN6npuchk3vldERA64_fS1_Pfi7Literal] -> (nil)
npuchk: [_ZN6npuchk3vldERA256_aS1_Pa7Literal] -> (nil)
npuchk: [_ZN6npuchk3vldERA256_hS1_Ph7Literal] -> (nil)
npuchk: [_ZN6npuchk3vldERA128_sS1_Ps7Literal] -> (nil)
npuchk: [_ZN6npuchk3vldERA128_tS1_Pt7Literal] -> (nil)
npuchk: [_ZN6npuchk3vldERA64_iS1_Pi7Literal] -> (nil)
npuchk: [_ZN6npuchk3vldERA64_jS1_Pj7Literal] -> (nil)
npuchk: [_ZN6npuchk3vldERA32_mS1_Pm7Literal] -> (nil)
npuchk: [_ZN6npuchk3vldERA32_lS1_Pl7Literal] -> (nil)
npuchk: [_ZN6npuchk3vldERA128_N8bfloat165Bf16TES3_PS1_7Literal] -> (nil)
npuchk: [_ZN6npuchk3vldERA128_N7float165Fp16TES3_PS1_7Literal] -> (nil)
npuchk: [_ZN6npuchk3vldERA64_fS1_Pf7Literal] -> (nil)
npuchk: [_ZN6npuchk4vldsERA256_aPai7Literal] -> (nil)
npuchk: [_ZN6npuchk4vldsERA256_hPhi7Literal] -> (nil)
npuchk: [_ZN6npuchk4vldsERA128_sPsi7Literal] -> (nil)
npuchk: [_ZN6npuchk4vldsERA128_tPti7Literal] -> (nil)
npuchk: [_ZN6npuchk4vldsERA64_iPii7Literal] -> (nil)
npuchk: [_ZN6npuchk4vldsERA64_jPji7Literal] -> (nil)
npuchk: [_ZN6npuchk4vldsERA32_mPmi7Literal] -> (nil)
npuchk: [_ZN6npuchk4vldsERA32_lPli7Literal] -> (nil)
npuchk: [_ZN6npuchk4vldsERA128_N8bfloat165Bf16TEPS1_i7Literal] -> (nil)
npuchk: [_ZN6npuchk4vldsERA128_N7float165Fp16TEPS1_i7Literal] -> (nil)
npuchk: [_ZN6npuchk4vldsERA64_fPfi7Literal] -> (nil)
npuchk: [_ZN6npuchk5vaddsERA64_iPiih7Literal] -> (nil)
npuchk: [_ZN6npuchk5vaddsERA64_jPjjh7Literal] -> (nil)
npuchk: [_ZN6npuchk5vaddsERA128_sPssh7Literal] -> (nil)
npuchk: [_ZN6npuchk5vaddsERA128_tPtth7Literal] -> (nil)
npuchk: [_ZN6npuchk5vaddsERA256_aPaah7Literal] -> (nil)
npuchk: [_ZN6npuchk5vaddsERA256_hPhhh7Literal] -> (nil)
npuchk: [_ZN6npuchk5vaddsERA64_fPffh7Literal] -> (nil)
npuchk: [_ZN6npuchk5vaddsERA128_N7float165Fp16TEPS1_S1_h7Literal] -> (nil)
npuchk: [_ZN6npuchk5vmulsERA64_iPiih7Literal] -> (nil)
npuchk: [_ZN6npuchk5vmulsERA64_jPjjh7Literal] -> (nil)
npuchk: [_ZN6npuchk5vmulsERA128_sPssh7Literal] -> (nil)
npuchk: [_ZN6npuchk5vmulsERA128_tPtth7Literal] -> (nil)
npuchk: [_ZN6npuchk5vmulsERA256_aPaah7Literal] -> (nil)
npuchk: [_ZN6npuchk5vmulsERA256_hPhhh7Literal] -> (nil)
npuchk: [_ZN6npuchk5vmulsERA64_fPffh7Literal] -> (nil)
npuchk: [_ZN6npuchk5vmulsERA128_N7float165Fp16TEPS1_S1_h7Literal] -> (nil)
npuchk: [_ZN6npuchk5vmaxsERA64_iPiih7Literal] -> (nil)
npuchk: [_ZN6npuchk5vmaxsERA64_jPjjh7Literal] -> (nil)
npuchk: [_ZN6npuchk5vmaxsERA128_sPssh7Literal] -> (nil)
npuchk: [_ZN6npuchk5vmaxsERA128_tPtth7Literal] -> (nil)
npuchk: [_ZN6npuchk5vmaxsERA256_aPaah7Literal] -> (nil)
npuchk: [_ZN6npuchk5vmaxsERA256_hPhhh7Literal] -> (nil)
npuchk: [_ZN6npuchk5vmaxsERA64_fPffh7Literal] -> (nil)
npuchk: [_ZN6npuchk5vmaxsERA128_N7float165Fp16TEPS1_S1_h7Literal] -> (nil)
npuchk: [_ZN6npuchk5vminsERA64_iPiih7Literal] -> (nil)
npuchk: [_ZN6npuchk5vminsERA64_jPjjh7Literal] -> (nil)
npuchk: [_ZN6npuchk5vminsERA128_sPssh7Literal] -> (nil)
npuchk: [_ZN6npuchk5vminsERA128_tPtth7Literal] -> (nil)
npuchk: [_ZN6npuchk5vminsERA256_aPaah7Literal] -> (nil)
npuchk: [_ZN6npuchk5vminsERA256_hPhhh7Literal] -> (nil)
npuchk: [_ZN6npuchk5vminsERA64_fPffh7Literal] -> (nil)
npuchk: [_ZN6npuchk5vminsERA128_N7float165Fp16TEPS1_S1_h7Literal] -> (nil)
npuchk: [_ZN6npuchk5vshlsERA64_iPish7Literal] -> (nil)
npuchk: [_ZN6npuchk5vshlsERA64_jPjsh7Literal] -> (nil)
npuchk: [_ZN6npuchk5vshlsERA128_sPssh7Literal] -> (nil)
npuchk: [_ZN6npuchk5vshlsERA128_tPtsh7Literal] -> (nil)
npuchk: [_ZN6npuchk5vshlsERA256_aPash7Literal] -> (nil)
npuchk: [_ZN6npuchk5vshlsERA256_hPhsh7Literal] -> (nil)
npuchk: [_ZN6npuchk5vshrsERA64_iPish7Literal] -> (nil)
npuchk: [_ZN6npuchk5vshrsERA64_jPjsh7Literal] -> (nil)
npuchk: [_ZN6npuchk5vshrsERA128_sPssh7Literal] -> (nil)
npuchk: [_ZN6npuchk5vshrsERA128_tPtsh7Literal] -> (nil)
npuchk: [_ZN6npuchk5vshrsERA256_aPash7Literal] -> (nil)
npuchk: [_ZN6npuchk5vshrsERA256_hPhsh7Literal] -> (nil)
npuchk: [_ZN6npuchk6vlreluERA64_fPffh7Literal] -> (nil)
npuchk: [_ZN6npuchk6vlreluERA128_N7float165Fp16TEPS1_S1_h7Literal] -> (nil)
npuchk: [_ZN6npuchk10use_pipe_vEv] -> 0xe7fff3d0608c
npuchk: [_ZN6npuchk11use_pipe_v2Ev] -> 0xe7fff3d06208
npuchk: [_ZN6npuchk8v4dtransEPtS0_m] -> 0xe7fff3d06388
npuchk: [_ZN6npuchk8v4dtransEPtS0_ttb] -> 0xe7fff3d06618
npuchk: [_ZN6npuchk8v4dtransEPjS0_m] -> 0xe7fff3d06938
npuchk: [_ZN6npuchk8v4dtransEPjS0_ttb] -> 0xe7fff3d06bc8
npuchk: [_ZN6npuchk8v4dtransEPhS0_m] -> 0xe7fff3d06ee8
npuchk: [_ZN6npuchk8v4dtransEPhS0_ttb] -> 0xe7fff3d07178
npuchk: [_ZN6npuchk5vaaddEPN7float165Fp16TES2_S2_m] -> 0xe7fff3d07498
npuchk: [_ZN6npuchk5vaaddEPN7float165Fp16TES2_S2_hhhhhhh] -> (nil)
npuchk: [_ZN6npuchk5vaaddEPN7float165Fp16TES2_S2_hhhhhhhbb] -> (nil)
npuchk: [_ZN6npuchk5vaaddEPfS0_S0_m] -> 0xe7fff3d07788
npuchk: [_ZN6npuchk5vaaddEPfS0_S0_hhhhhhh] -> (nil)
npuchk: [_ZN6npuchk5vaaddEPfS0_S0_hhhhhhhbb] -> (nil)
npuchk: [_ZN6npuchk4vabsEPN7float165Fp16TES2_m] -> 0xe7fff3c1b57c
npuchk: [_ZN6npuchk4vabsEPN7float165Fp16TES2_htthh] -> 0xe7fff3c1b80c
npuchk: [_ZN6npuchk4vabsEPN7float165Fp16TES2_htthhbb] -> 0xe7fff3d07a78
npuchk: [_ZN6npuchk4vabsEPN7float165Fp16TES2_htttt] -> 0xe7fff3c1bbe0
npuchk: [_ZN6npuchk4vabsEPfS0_m] -> 0xe7fff3c1bfc8
npuchk: [_ZN6npuchk4vabsEPfS0_htthh] -> 0xe7fff3c1c258
npuchk: [_ZN6npuchk4vabsEPfS0_htthhbb] -> 0xe7fff3d07ed8
npuchk: [_ZN6npuchk4vabsEPfS0_htttt] -> 0xe7fff3c1c62c
npuchk: [_ZN6npuchk4vabsEPsS0_m] -> (nil)
npuchk: [_ZN6npuchk4vabsEPsS0_htthh] -> (nil)
npuchk: [_ZN6npuchk4vabsEPsS0_htthhbb] -> (nil)
npuchk: [_ZN6npuchk4vabsEPsS0_htttt] -> (nil)
npuchk: [_ZN6npuchk4vaddEPN7float165Fp16TES2_S2_m] -> 0xe7fff3c1ca14
npuchk: [_ZN6npuchk4vaddEPN7float165Fp16TES2_S2_hhhhhhh] -> 0xe7fff3c1cd00
npuchk: [_ZN6npuchk4vaddEPN7float165Fp16TES2_S2_hhhhhhhbb] -> 0xe7fff3d08338
npuchk: [_ZN6npuchk4vaddEPfS0_S0_hhhhhhh] -> 0xe7fff3c1d1e8
npuchk: [_ZN6npuchk4vaddEPfS0_S0_hhhhhhhbb] -> 0xe7fff3d088a8
npuchk: [_ZN6npuchk4vaddEPsS0_S0_m] -> 0xe7fff3c1d6d0
npuchk: [_ZN6npuchk4vaddEPsS0_S0_hhhhhhh] -> 0xe7fff3c1d9bc
npuchk: [_ZN6npuchk4vaddEPsS0_S0_hhhhhhhbb] -> 0xe7fff3d08e18
npuchk: [_ZN6npuchk4vaddEPiS0_S0_m] -> 0xe7fff3c1dea4
npuchk: [_ZN6npuchk4vaddEPiS0_S0_hhhhhhh] -> 0xe7fff3c1e190
npuchk: [_ZN6npuchk4vaddEPiS0_S0_hhhhhhhbb] -> 0xe7fff3d09388
npuchk: [_ZN6npuchk11vadddeqreluEPN7float165Fp16TEPiS3_m] -> 0xe7fff3d098f8
npuchk: [_ZN6npuchk11vadddeqreluEPN7float165Fp16TEPiS3_hhhhhhh] -> 0xe7fff3d09be8
npuchk: [_ZN6npuchk11vadddeqreluEPN7float165Fp16TEPiS3_hhhhhhhbb] -> 0xe7fff3d0a0d4
npuchk: [_ZN6npuchk8vaddreluEPN7float165Fp16TES2_S2_m] -> 0xe7fff3c1e678
npuchk: [_ZN6npuchk8vaddreluEPN7float165Fp16TES2_S2_hhhhhhhbb] -> 0xe7fff3d0a648
npuchk: [_ZN6npuchk8vaddreluEPN7float165Fp16TES2_S2_hhhhhhh] -> 0xe7fff3c1e964
npuchk: [_ZN6npuchk8vaddreluEPfS0_S0_m] -> 0xe7fff3c1ee4c
npuchk: [_ZN6npuchk8vaddreluEPfS0_S0_hhhhhhhbb] -> 0xe7fff3d0abb8
npuchk: [_ZN6npuchk8vaddreluEPfS0_S0_hhhhhhh] -> 0xe7fff3c1f138
npuchk: [_ZN6npuchk8vaddreluEPsS0_S0_m] -> 0xe7fff3c1f620
npuchk: [_ZN6npuchk8vaddreluEPsS0_S0_hhhhhhhbb] -> 0xe7fff3d0b128
npuchk: [_ZN6npuchk8vaddreluEPsS0_S0_hhhhhhh] -> 0xe7fff3c1f90c
npuchk: [_ZN6npuchk19vaddreluconv_f162s8EPaPN7float165Fp16TES3_mb] -> 0xe7fff3c1fdf4
npuchk: [_ZN6npuchk19vaddreluconv_f162s8EPaPN7float165Fp16TES3_hhhhhhhbbb] -> 0xe7fff3d0b698
npuchk: [_ZN6npuchk19vaddreluconv_f162s8EPaPN7float165Fp16TES3_hhhhhhhb] -> 0xe7fff3c20140
npuchk: [_ZN6npuchk20vaddreluconv_f322f16EPN7float165Fp16TEPfS3_mb] -> 0xe7fff3c20684
npuchk: [_ZN6npuchk20vaddreluconv_f322f16EPN7float165Fp16TEPfS3_hhhhhhhbbb] -> 0xe7fff3d0bc64
npuchk: [_ZN6npuchk20vaddreluconv_f322f16EPN7float165Fp16TEPfS3_hhhhhhhb] -> 0xe7fff3c209d0
npuchk: [_ZN6npuchk19vaddreluconv_s162s8EPaPsS1_mb] -> 0xe7fff3c20f14
npuchk: [_ZN6npuchk19vaddreluconv_s162s8EPaPsS1_hhhhhhhbbb] -> 0xe7fff3d0c230
npuchk: [_ZN6npuchk19vaddreluconv_s162s8EPaPsS1_hhhhhhhb] -> 0xe7fff3c21260
npuchk: [_ZN6npuchk23vaddreluconv_vdeqs162b8EPaPsS1_mb] -> (nil)
npuchk: [_ZN6npuchk23vaddreluconv_vdeqs162b8EPhPsS1_mb] -> (nil)
npuchk: [_ZN6npuchk23vaddreluconv_vdeqs162b8EPhPsS1_hhhhhhhbbb] -> (nil)
npuchk: [_ZN6npuchk23vaddreluconv_vdeqs162b8EPhPsS1_hhhhhhhb] -> (nil)
npuchk: [_ZN6npuchk23vaddreluconv_vdeqs162b8EPaPsS1_hhhhhhhbbb] -> (nil)
npuchk: [_ZN6npuchk23vaddreluconv_vdeqs162b8EPaPsS1_hhhhhhhb] -> (nil)
npuchk: [_ZN6npuchk5vaddsEPN7float165Fp16TES2_S1_m] -> 0xe7fff3c217a4
npuchk: [_ZN6npuchk5vaddsEPN7float165Fp16TES2_S1_htthh] -> 0xe7fff3c21a9c
npuchk: [_ZN6npuchk5vaddsEPN7float165Fp16TES2_S1_htthhbb] -> 0xe7fff3d0c7fc
npuchk: [_ZN6npuchk5vaddsEPN7float165Fp16TES2_S1_htttt] -> 0xe7fff3c21ed8
npuchk: [_ZN6npuchk5vaddsEPfS0_fm] -> 0xe7fff3c22328
npuchk: [_ZN6npuchk5vaddsEPfS0_fhtthh] -> 0xe7fff3c22614
npuchk: [_ZN6npuchk5vaddsEPfS0_fhtthhbb] -> 0xe7fff3d0ccc0
npuchk: [_ZN6npuchk5vaddsEPfS0_fhtttt] -> 0xe7fff3c22a44
npuchk: [_ZN6npuchk5vaddsEPsS0_sm] -> 0xe7fff3c22e88
npuchk: [_ZN6npuchk5vaddsEPsS0_shtthh] -> 0xe7fff3c2316c
npuchk: [_ZN6npuchk5vaddsEPsS0_shtthhbb] -> 0xe7fff3d0d17c
npuchk: [_ZN6npuchk5vaddsEPsS0_shtttt] -> 0xe7fff3c23594
npuchk: [_ZN6npuchk5vaddsEPiS0_im] -> 0xe7fff3c239d0
npuchk: [_ZN6npuchk5vaddsEPiS0_ihtthh] -> 0xe7fff3c23cb4
npuchk: [_ZN6npuchk5vaddsEPiS0_ihtthhbb] -> 0xe7fff3d0d62c
npuchk: [_ZN6npuchk5vaddsEPiS0_ihtttt] -> 0xe7fff3c240dc
npuchk: [_ZN6npuchk4vandEPsS0_S0_m] -> 0xe7fff3c24518
npuchk: [_ZN6npuchk4vandEPsS0_S0_hhhhhhh] -> 0xe7fff3c24808
npuchk: [_ZN6npuchk4vandEPsS0_S0_hhhhhhhbb] -> 0xe7fff3d0dadc
npuchk: [_ZN6npuchk4vandEPtS0_S0_m] -> 0xe7fff3c24cf4
npuchk: [_ZN6npuchk4vandEPtS0_S0_hhhhhhh] -> 0xe7fff3c24fe4
npuchk: [_ZN6npuchk4vandEPtS0_S0_hhhhhhhbb] -> 0xe7fff3d0e050
npuchk: [_ZN6npuchk5vaxpyEPN7float165Fp16TES2_S1_m] -> 0xe7fff3c254d0
npuchk: [_ZN6npuchk5vaxpyEPN7float165Fp16TES2_S1_htthh] -> 0xe7fff3c257c8
npuchk: [_ZN6npuchk5vaxpyEPN7float165Fp16TES2_S1_htthhbb] -> 0xe7fff3d0e5c4
npuchk: [_ZN6npuchk5vaxpyEPN7float165Fp16TES2_S1_htttt] -> 0xe7fff3c25c04
npuchk: [_ZN6npuchk5vaxpyEPfS0_fm] -> 0xe7fff3c26054
npuchk: [_ZN6npuchk5vaxpyEPfS0_fhtthh] -> 0xe7fff3c26340
npuchk: [_ZN6npuchk5vaxpyEPfS0_fhtthhbb] -> 0xe7fff3d0ea88
npuchk: [_ZN6npuchk5vaxpyEPfS0_fhtttt] -> 0xe7fff3c26770
npuchk: [_ZN6npuchk5vaxpyEPfPN7float165Fp16TES2_m] -> 0xe7fff3c26bb4
npuchk: [_ZN6npuchk5vaxpyEPfPN7float165Fp16TES2_htthh] -> 0xe7fff3c26eac
npuchk: [_ZN6npuchk5vaxpyEPfPN7float165Fp16TES2_htthhbb] -> 0xe7fff3d0ef44
npuchk: [_ZN6npuchk5vaxpyEPfPN7float165Fp16TES2_htttt] -> 0xe7fff3c272e8
npuchk: [_ZN6npuchk3vbiEPN7float165Fp16TEPtS2_m] -> 0xe7fff3d0f408
npuchk: [_ZN6npuchk3vbiEPN7float165Fp16TEPtS2_hbtth] -> 0xe7fff3d0f6f0
npuchk: [_ZN6npuchk8vbitsortEPN7float165Fp16TES2_m] -> 0xe7fff3d0fb10
npuchk: [_ZN6npuchk8vbitsortEPN7float165Fp16TES2_htthh] -> (nil)
npuchk: [_ZN6npuchk8vbitsortEPN7float165Fp16TES2_htthhbb] -> (nil)
npuchk: [_ZN6npuchk8vbitsortEPfS0_m] -> 0xe7fff3d0fda4
npuchk: [_ZN6npuchk8vbitsortEPfS0_htthh] -> (nil)
npuchk: [_ZN6npuchk8vbitsortEPfS0_htthhbb] -> (nil)
npuchk: [_ZN6npuchk8vbitsortEPN7float165Fp16TES2_Pjm] -> 0xe7fff3c27738
npuchk: [_ZN6npuchk8vbitsortEPN7float165Fp16TES2_Pjhhhhhhhbb] -> (nil)
npuchk: [_ZN6npuchk8vbitsortEPfS0_Pjm] -> 0xe7fff3c27a2c
npuchk: [_ZN6npuchk8vbitsortEPfS0_Pjhhhhhhhbb] -> (nil)
npuchk: [_ZN6npuchk8vbitsortEPN7float165Fp16TES2_Pjhhhhhhh] -> (nil)
npuchk: [_ZN6npuchk8vbitsortEPfS0_Pjhhhhhhh] -> (nil)
npuchk: [_ZN6npuchk5vbrcbEPtS0_m] -> 0xe7fff3c27d20
npuchk: [_ZN6npuchk5vbrcbEPtS0_tth] -> 0xe7fff3c27fb0
npuchk: [_ZN6npuchk5vbrcbEPjS0_m] -> 0xe7fff3c28308
npuchk: [_ZN6npuchk5vbrcbEPjS0_tth] -> 0xe7fff3c28598
npuchk: [_ZN6npuchk5vcaddEPN7float165Fp16TES2_m] -> 0xe7fff3d10038
npuchk: [_ZN6npuchk5vcaddEPN7float165Fp16TES2_httt] -> 0xe7fff3d102c8
npuchk: [_ZN6npuchk5vcaddEPN7float165Fp16TES2_htttbb] -> 0xe7fff3d1063c
npuchk: [_ZN6npuchk5vcaddEPN7float165Fp16TES2_mb] -> 0xe7fff3c288f0
npuchk: [_ZN6npuchk5vcaddEPN7float165Fp16TES2_htttb] -> 0xe7fff3c28be4
npuchk: [_ZN6npuchk5vcaddEPfS0_m] -> 0xe7fff3d10a40
npuchk: [_ZN6npuchk5vcaddEPfS0_httt] -> 0xe7fff3d10cd0
npuchk: [_ZN6npuchk5vcaddEPfS0_htttbb] -> 0xe7fff3d11044
npuchk: [_ZN6npuchk5vcaddEPfS0_mb] -> 0xe7fff3c28fbc
npuchk: [_ZN6npuchk5vcaddEPfS0_htttb] -> 0xe7fff3c292b0
npuchk: [_ZN6npuchk5vcaddERA128_N7float165Fp16TEPS1_h7Literal] -> (nil)
npuchk: [_ZN6npuchk5vcaddERA64_fPfh7Literal] -> (nil)
npuchk: [_ZN6npuchk5vcmaxERA128_N7float165Fp16TEPS1_h7Literal] -> (nil)
npuchk: [_ZN6npuchk5vcmaxERA64_fPfh7Literal] -> (nil)
npuchk: [_ZN6npuchk5vcminERA128_N7float165Fp16TEPS1_h7Literal] -> (nil)
npuchk: [_ZN6npuchk5vcminERA64_fPfh7Literal] -> (nil)
npuchk: [_ZN6npuchk12vcbd_s162s32EPiPsm] -> (nil)
npuchk: [_ZN6npuchk12vcbd_s162s32EPiPshtthhbb] -> (nil)
npuchk: [_ZN6npuchk12vcbd_s162u32EPjPsm] -> (nil)
npuchk: [_ZN6npuchk12vcbd_s162u32EPjPshtthhbb] -> (nil)
npuchk: [_ZN6npuchk11vcbd_s162u8EPhPsm] -> (nil)
npuchk: [_ZN6npuchk11vcbd_s162u8EPhPshtthhbb] -> (nil)
npuchk: [_ZN6npuchk12vcbd_s322s16EPsPim] -> 0xe7fff3d11448
npuchk: [_ZN6npuchk12vcbd_s322s16EPsPihtthhbb] -> 0xe7fff3d116d8
npuchk: [_ZN6npuchk12vcbd_s322u16EPtPim] -> (nil)
npuchk: [_ZN6npuchk12vcbd_s322u16EPtPihtthhbb] -> (nil)
npuchk: [_ZN6npuchk11vcbd_s322u8EPhPim] -> (nil)
npuchk: [_ZN6npuchk11vcbd_s322u8EPhPihtthhbb] -> (nil)
npuchk: [_ZN6npuchk12vcbd_u162s32EPiPtm] -> (nil)
npuchk: [_ZN6npuchk12vcbd_u162s32EPiPthtthhbb] -> (nil)
npuchk: [_ZN6npuchk12vcbd_u162u32EPjPtm] -> (nil)
npuchk: [_ZN6npuchk12vcbd_u162u32EPjPthtthhbb] -> (nil)
npuchk: [_ZN6npuchk11vcbd_u162u8EPhPtm] -> (nil)
npuchk: [_ZN6npuchk11vcbd_u162u8EPhPthtthhbb] -> (nil)
npuchk: [_ZN6npuchk12vcbd_u322s16EPsPjm] -> (nil)
npuchk: [_ZN6npuchk12vcbd_u322s16EPsPjhtthhbb] -> (nil)
npuchk: [_ZN6npuchk12vcbd_u322u16EPtPjm] -> (nil)
npuchk: [_ZN6npuchk12vcbd_u322u16EPtPjhtthhbb] -> (nil)
npuchk: [_ZN6npuchk11vcbd_u322u8EPhPjm] -> (nil)
npuchk: [_ZN6npuchk11vcbd_u322u8EPhPjhtthhbb] -> (nil)
npuchk: [_ZN6npuchk11vcbd_u82s16EPsPhm] -> (nil)
npuchk: [_ZN6npuchk11vcbd_u82s16EPsPhhtthhbb] -> (nil)
npuchk: [_ZN6npuchk11vcbd_u82s32EPiPhm] -> (nil)
npuchk: [_ZN6npuchk11vcbd_u82s32EPiPhhtthhbb] -> (nil)
npuchk: [_ZN6npuchk11vcbd_u82u16EPtPhm] -> (nil)
npuchk: [_ZN6npuchk11vcbd_u82u16EPtPhhtthhbb] -> (nil)
npuchk: [_ZN6npuchk11vcbd_u82u32EPjPhm] -> (nil)
npuchk: [_ZN6npuchk11vcbd_u82u32EPjPhhtthhbb] -> (nil)
npuchk: [_ZN6npuchk6vcgaddEPN7float165Fp16TES2_m] -> 0xe7fff3c29688
npuchk: [_ZN6npuchk6vcgaddEPN7float165Fp16TES2_httt] -> 0xe7fff3c29918
npuchk: [_ZN6npuchk6vcgaddEPN7float165Fp16TES2_htttbb] -> 0xe7fff3d11b38
npuchk: [_ZN6npuchk6vcgaddEPfS0_m] -> 0xe7fff3c29c8c
npuchk: [_ZN6npuchk6vcgaddEPfS0_httt] -> 0xe7fff3c29f1c
npuchk: [_ZN6npuchk6vcgaddEPfS0_htttbb] -> 0xe7fff3d11f3c
npuchk: [_ZN6npuchk6vcgaddERA128_N7float165Fp16TEPS1_h7Literal] -> (nil)
npuchk: [_ZN6npuchk6vcgaddERA64_fPfh7Literal] -> (nil)
npuchk: [_ZN6npuchk6vcgmaxERA128_N7float165Fp16TEPS1_h7Literal] -> (nil)
npuchk: [_ZN6npuchk6vcgmaxERA64_fPfh7Literal] -> (nil)
npuchk: [_ZN6npuchk6vcgminERA128_N7float165Fp16TEPS1_h7Literal] -> (nil)
npuchk: [_ZN6npuchk6vcgminERA64_fPfh7Literal] -> (nil)
npuchk: [_ZN6npuchk6vcpaddERA128_N7float165Fp16TEPS1_h7Literal] -> (nil)
npuchk: [_ZN6npuchk6vcpaddERA64_fPfh7Literal] -> (nil)
npuchk: [_ZN6npuchk6vcgmaxEPN7float165Fp16TES2_m] -> 0xe7fff3c2a290
npuchk: [_ZN6npuchk6vcgmaxEPN7float165Fp16TES2_httt] -> 0xe7fff3c2a520
npuchk: [_ZN6npuchk6vcgmaxEPN7float165Fp16TES2_htttbb] -> 0xe7fff3d12340
npuchk: [_ZN6npuchk6vcgmaxEPfS0_m] -> 0xe7fff3c2a894
npuchk: [_ZN6npuchk6vcgmaxEPfS0_httt] -> 0xe7fff3c2ab24
npuchk: [_ZN6npuchk6vcgmaxEPfS0_htttbb] -> 0xe7fff3d12744
npuchk: [_ZN6npuchk6vcgminEPN7float165Fp16TES2_m] -> 0xe7fff3c2ae98
npuchk: [_ZN6npuchk6vcgminEPN7float165Fp16TES2_httt] -> 0xe7fff3c2b128
npuchk: [_ZN6npuchk6vcgminEPN7float165Fp16TES2_htttbb] -> 0xe7fff3d12b48
npuchk: [_ZN6npuchk6vcgminEPfS0_m] -> 0xe7fff3c2b49c
npuchk: [_ZN6npuchk6vcgminEPfS0_httt] -> 0xe7fff3c2b72c
npuchk: [_ZN6npuchk6vcgminEPfS0_htttbb] -> 0xe7fff3d12f4c
npuchk: [_ZN6npuchk3vciEPN7float165Fp16TES1_m] -> (nil)
npuchk: [_ZN6npuchk3vciEPN7float165Fp16TES1_hthbb] -> (nil)
npuchk: [_ZN6npuchk3vciEPffm] -> (nil)
npuchk: [_ZN6npuchk3vciEPffhthbb] -> (nil)
npuchk: [_ZN6npuchk3vciEPssm] -> (nil)
npuchk: [_ZN6npuchk3vciEPsshthbb] -> (nil)
npuchk: [_ZN6npuchk3vciEPiim] -> (nil)
npuchk: [_ZN6npuchk3vciEPiihthbb] -> (nil)
npuchk: [_ZN6npuchk5vcmaxEPN7float165Fp16TES2_m] -> 0xe7fff3d13350
npuchk: [_ZN6npuchk5vcmaxEPN7float165Fp16TES2_httt] -> 0xe7fff3d135e0
npuchk: [_ZN6npuchk5vcmaxEPN7float165Fp16TES2_htttbb] -> 0xe7fff3d13954
npuchk: [_ZN6npuchk5vcmaxEPN7float165Fp16TES2_mb] -> 0xe7fff3d13d58
npuchk: [_ZN6npuchk5vcmaxEPN7float165Fp16TES2_htttbbb] -> 0xe7fff3d1404c
npuchk: [_ZN6npuchk5vcmaxEPN7float165Fp16TES2_m7Order_t] -> 0xe7fff3c2baa0
npuchk: [_ZN6npuchk5vcmaxEPN7float165Fp16TES2_httt7Order_t] -> 0xe7fff3c2bd9c
npuchk: [_ZN6npuchk5vcmaxEPfS0_mb] -> 0xe7fff3d144b0
npuchk: [_ZN6npuchk5vcmaxEPfS0_htttbbb] -> 0xe7fff3d147a4
npuchk: [_ZN6npuchk5vcmaxEPfS0_m7Order_t] -> 0xe7fff3c2c17c
npuchk: [_ZN6npuchk5vcmaxEPfS0_httt7Order_t] -> 0xe7fff3c2c478
npuchk: [_ZN6npuchk5vcmaxEPtS0_mb] -> (nil)
npuchk: [_ZN6npuchk5vcmaxEPtS0_htttbbb] -> (nil)
npuchk: [_ZN6npuchk5vcminEPN7float165Fp16TES2_m] -> 0xe7fff3d14c08
npuchk: [_ZN6npuchk5vcminEPN7float165Fp16TES2_httt] -> 0xe7fff3d14e98
npuchk: [_ZN6npuchk5vcminEPN7float165Fp16TES2_htttbb] -> 0xe7fff3d1520c
npuchk: [_ZN6npuchk5vcminEPN7float165Fp16TES2_mb] -> 0xe7fff3d15610
npuchk: [_ZN6npuchk5vcminEPN7float165Fp16TES2_htttbbb] -> 0xe7fff3d15904
npuchk: [_ZN6npuchk5vcminEPN7float165Fp16TES2_m7Order_t] -> 0xe7fff3c2c858
npuchk: [_ZN6npuchk5vcminEPN7float165Fp16TES2_httt7Order_t] -> 0xe7fff3c2cb54
npuchk: [_ZN6npuchk5vcminEPfS0_mb] -> 0xe7fff3d15d68
npuchk: [_ZN6npuchk5vcminEPfS0_htttbbb] -> 0xe7fff3d1605c
npuchk: [_ZN6npuchk5vcminEPfS0_m7Order_t] -> 0xe7fff3c2cf34
npuchk: [_ZN6npuchk5vcminEPfS0_httt7Order_t] -> 0xe7fff3c2d230
npuchk: [_ZN6npuchk5vcminEPtS0_mb] -> (nil)
npuchk: [_ZN6npuchk5vcminEPtS0_htttbbb] -> (nil)
npuchk: [_ZN6npuchk7vcmp_eqEPN7float165Fp16TES2_m] -> 0xe7fff3c2d610
npuchk: [_ZN6npuchk7vcmp_eqEPN7float165Fp16TES2_hhhhhhh] -> 0xe7fff3c2d89c
npuchk: [_ZN6npuchk7vcmp_eqEPN7float165Fp16TES2_hhhhhhhbb] -> 0xe7fff3d164c0
npuchk: [_ZN6npuchk7vcmp_eqEPfS0_m] -> 0xe7fff3c2dd28
npuchk: [_ZN6npuchk7vcmp_eqEPfS0_hhhhhhh] -> 0xe7fff3c2dfb4
npuchk: [_ZN6npuchk7vcmp_eqEPfS0_hhhhhhhbb] -> 0xe7fff3d169d4
npuchk: [_ZN6npuchk7vcmp_eqEPtS0_m] -> (nil)
npuchk: [_ZN6npuchk7vcmp_eqEPtS0_hhhhhhh] -> (nil)
npuchk: [_ZN6npuchk7vcmp_eqEPtS0_hhhhhhhbb] -> (nil)
npuchk: [_ZN6npuchk7vcmp_geEPN7float165Fp16TES2_m] -> 0xe7fff3c2e440
npuchk: [_ZN6npuchk7vcmp_geEPN7float165Fp16TES2_hhhhhhh] -> 0xe7fff3c2e6cc
npuchk: [_ZN6npuchk7vcmp_geEPN7float165Fp16TES2_hhhhhhhbb] -> 0xe7fff3d16ee8
npuchk: [_ZN6npuchk7vcmp_geEPfS0_m] -> 0xe7fff3c2eb58
npuchk: [_ZN6npuchk7vcmp_geEPfS0_hhhhhhh] -> 0xe7fff3c2ede4
npuchk: [_ZN6npuchk7vcmp_geEPfS0_hhhhhhhbb] -> 0xe7fff3d173fc
npuchk: [_ZN6npuchk7vcmp_geEPtS0_m] -> (nil)
npuchk: [_ZN6npuchk7vcmp_geEPtS0_hhhhhhh] -> (nil)
npuchk: [_ZN6npuchk7vcmp_geEPtS0_hhhhhhhbb] -> (nil)
npuchk: [_ZN6npuchk7vcmp_gtEPN7float165Fp16TES2_m] -> 0xe7fff3c2f270
npuchk: [_ZN6npuchk7vcmp_gtEPN7float165Fp16TES2_hhhhhhh] -> 0xe7fff3c2f4fc
npuchk: [_ZN6npuchk7vcmp_gtEPN7float165Fp16TES2_hhhhhhhbb] -> 0xe7fff3d17910
npuchk: [_ZN6npuchk7vcmp_gtEPfS0_m] -> 0xe7fff3c2f988
npuchk: [_ZN6npuchk7vcmp_gtEPfS0_hhhhhhh] -> 0xe7fff3c2fc14
npuchk: [_ZN6npuchk7vcmp_gtEPfS0_hhhhhhhbb] -> 0xe7fff3d17e24
npuchk: [_ZN6npuchk7vcmp_gtEPtS0_m] -> (nil)
npuchk: [_ZN6npuchk7vcmp_gtEPtS0_hhhhhhh] -> (nil)
npuchk: [_ZN6npuchk7vcmp_gtEPtS0_hhhhhhhbb] -> (nil)
npuchk: [_ZN6npuchk7vcmp_leEPN7float165Fp16TES2_m] -> 0xe7fff3c300a0
npuchk: [_ZN6npuchk7vcmp_leEPN7float165Fp16TES2_hhhhhhh] -> 0xe7fff3c3032c
npuchk: [_ZN6npuchk7vcmp_leEPN7float165Fp16TES2_hhhhhhhbb] -> 0xe7fff3d18338
npuchk: [_ZN6npuchk7vcmp_leEPfS0_m] -> 0xe7fff3c307b8
npuchk: [_ZN6npuchk7vcmp_leEPfS0_hhhhhhh] -> 0xe7fff3c30a44
npuchk: [_ZN6npuchk7vcmp_leEPfS0_hhhhhhhbb] -> 0xe7fff3d1884c
npuchk: [_ZN6npuchk7vcmp_leEPtS0_m] -> (nil)
npuchk: [_ZN6npuchk7vcmp_leEPtS0_hhhhhhh] -> (nil)
npuchk: [_ZN6npuchk7vcmp_leEPtS0_hhhhhhhbb] -> (nil)
npuchk: [_ZN6npuchk7vcmp_ltEPN7float165Fp16TES2_m] -> 0xe7fff3c30ed0
npuchk: [_ZN6npuchk7vcmp_ltEPN7float165Fp16TES2_hhhhhhh] -> 0xe7fff3c3115c
npuchk: [_ZN6npuchk7vcmp_ltEPN7float165Fp16TES2_hhhhhhhbb] -> 0xe7fff3d18d60
npuchk: [_ZN6npuchk7vcmp_ltEPfS0_m] -> 0xe7fff3c315e8
npuchk: [_ZN6npuchk7vcmp_ltEPfS0_hhhhhhh] -> 0xe7fff3c31874
npuchk: [_ZN6npuchk7vcmp_ltEPfS0_hhhhhhhbb] -> 0xe7fff3d19274
npuchk: [_ZN6npuchk7vcmp_ltEPtS0_m] -> (nil)
npuchk: [_ZN6npuchk7vcmp_ltEPtS0_hhhhhhh] -> (nil)
npuchk: [_ZN6npuchk7vcmp_ltEPtS0_hhhhhhhbb] -> (nil)
npuchk: [_ZN6npuchk7vcmp_neEPN7float165Fp16TES2_m] -> 0xe7fff3c31d00
npuchk: [_ZN6npuchk7vcmp_neEPN7float165Fp16TES2_hhhhhhh] -> 0xe7fff3c31f8c
npuchk: [_ZN6npuchk7vcmp_neEPN7float165Fp16TES2_hhhhhhhbb] -> 0xe7fff3d19788
npuchk: [_ZN6npuchk7vcmp_neEPfS0_m] -> 0xe7fff3c32418
npuchk: [_ZN6npuchk7vcmp_neEPfS0_hhhhhhh] -> 0xe7fff3c326a4
npuchk: [_ZN6npuchk7vcmp_neEPfS0_hhhhhhhbb] -> 0xe7fff3d19c9c
npuchk: [_ZN6npuchk7vcmp_neEPtS0_m] -> (nil)
npuchk: [_ZN6npuchk7vcmp_neEPtS0_hhhhhhh] -> (nil)
npuchk: [_ZN6npuchk7vcmp_neEPtS0_hhhhhhhbb] -> (nil)
npuchk: [_ZN6npuchk8vcmpv_eqEPhPN7float165Fp16TES3_m] -> 0xe7fff3c32b30
npuchk: [_ZN6npuchk8vcmpv_eqEPhPN7float165Fp16TES3_hhhhhhh] -> 0xe7fff3c32e20
npuchk: [_ZN6npuchk8vcmpv_eqEPhPfS1_m] -> 0xe7fff3c3330c
npuchk: [_ZN6npuchk8vcmpv_eqEPhPfS1_hhhhhhh] -> 0xe7fff3c335fc
npuchk: [_ZN6npuchk8vcmpv_eqEPhPiS1_m] -> 0xe7fff3c33ae8
npuchk: [_ZN6npuchk8vcmpv_eqEPhPiS1_hhhhhhh] -> 0xe7fff3c33dd8
npuchk: [_ZN6npuchk8vcmpv_geEPhPN7float165Fp16TES3_m] -> 0xe7fff3c342c4
npuchk: [_ZN6npuchk8vcmpv_geEPhPN7float165Fp16TES3_hhhhhhh] -> 0xe7fff3c345b4
npuchk: [_ZN6npuchk8vcmpv_geEPhPfS1_m] -> 0xe7fff3c34aa0
npuchk: [_ZN6npuchk8vcmpv_geEPhPfS1_hhhhhhh] -> 0xe7fff3c34d90
npuchk: [_ZN6npuchk8vcmpv_gtEPhPN7float165Fp16TES3_m] -> 0xe7fff3c3527c
npuchk: [_ZN6npuchk8vcmpv_gtEPhPN7float165Fp16TES3_hhhhhhh] -> 0xe7fff3c3556c
npuchk: [_ZN6npuchk8vcmpv_gtEPhPfS1_m] -> 0xe7fff3c35a58
npuchk: [_ZN6npuchk8vcmpv_gtEPhPfS1_hhhhhhh] -> 0xe7fff3c35d48
npuchk: [_ZN6npuchk8vcmpv_leEPhPN7float165Fp16TES3_m] -> 0xe7fff3c36234
npuchk: [_ZN6npuchk8vcmpv_leEPhPN7float165Fp16TES3_hhhhhhh] -> 0xe7fff3c36524
npuchk: [_ZN6npuchk8vcmpv_leEPhPfS1_m] -> 0xe7fff3c36a10
npuchk: [_ZN6npuchk8vcmpv_leEPhPfS1_hhhhhhh] -> 0xe7fff3c36d00
npuchk: [_ZN6npuchk8vcmpv_ltEPhPN7float165Fp16TES3_m] -> 0xe7fff3c371ec
npuchk: [_ZN6npuchk8vcmpv_ltEPhPN7float165Fp16TES3_hhhhhhh] -> 0xe7fff3c374dc
npuchk: [_ZN6npuchk8vcmpv_ltEPhPfS1_m] -> 0xe7fff3c379c8
npuchk: [_ZN6npuchk8vcmpv_ltEPhPfS1_hhhhhhh] -> 0xe7fff3c37cb8
npuchk: [_ZN6npuchk8vcmpv_neEPhPN7float165Fp16TES3_m] -> 0xe7fff3c381a4
npuchk: [_ZN6npuchk8vcmpv_neEPhPN7float165Fp16TES3_hhhhhhh] -> 0xe7fff3c38494
npuchk: [_ZN6npuchk8vcmpv_neEPhPfS1_m] -> 0xe7fff3c38980
npuchk: [_ZN6npuchk8vcmpv_neEPhPfS1_hhhhhhh] -> 0xe7fff3c38c70
npuchk: [_ZN6npuchk9vcmpvs_eqEPhPN7float165Fp16TES2_m] -> 0xe7fff3c3915c
npuchk: [_ZN6npuchk9vcmpvs_eqEPhPN7float165Fp16TES2_htthh] -> 0xe7fff3c39458
npuchk: [_ZN6npuchk9vcmpvs_eqEPhPN7float165Fp16TES2_htttt] -> 0xe7fff3c39898
npuchk: [_ZN6npuchk9vcmpvs_eqEPhPffm] -> 0xe7fff3c39cec
npuchk: [_ZN6npuchk9vcmpvs_eqEPhPffhtthh] -> 0xe7fff3c39fdc
npuchk: [_ZN6npuchk9vcmpvs_eqEPhPffhtttt] -> 0xe7fff3c3a410
npuchk: [_ZN6npuchk9vcmpvs_eqEPhPiim] -> 0xe7fff3c3a858
npuchk: [_ZN6npuchk9vcmpvs_eqEPhPiihtttt] -> 0xe7fff3c3ab48
npuchk: [_ZN6npuchk9vcmpvs_geEPhPN7float165Fp16TES2_m] -> 0xe7fff3c3af90
npuchk: [_ZN6npuchk9vcmpvs_geEPhPN7float165Fp16TES2_htthh] -> 0xe7fff3c3b28c
npuchk: [_ZN6npuchk9vcmpvs_geEPhPN7float165Fp16TES2_htttt] -> 0xe7fff3c3b6cc
npuchk: [_ZN6npuchk9vcmpvs_geEPhPffm] -> 0xe7fff3c3bb20
npuchk: [_ZN6npuchk9vcmpvs_geEPhPffhtthh] -> 0xe7fff3c3be10
npuchk: [_ZN6npuchk9vcmpvs_geEPhPffhtttt] -> 0xe7fff3c3c244
npuchk: [_ZN6npuchk9vcmpvs_gtEPhPN7float165Fp16TES2_m] -> 0xe7fff3c3c68c
npuchk: [_ZN6npuchk9vcmpvs_gtEPhPN7float165Fp16TES2_htthh] -> 0xe7fff3c3c988
npuchk: [_ZN6npuchk9vcmpvs_gtEPhPN7float165Fp16TES2_htttt] -> 0xe7fff3c3cdc8
npuchk: [_ZN6npuchk9vcmpvs_gtEPhPffm] -> 0xe7fff3c3d21c
npuchk: [_ZN6npuchk9vcmpvs_gtEPhPffhtthh] -> 0xe7fff3c3d50c
npuchk: [_ZN6npuchk9vcmpvs_gtEPhPffhtttt] -> 0xe7fff3c3d940
npuchk: [_ZN6npuchk9vcmpvs_leEPhPN7float165Fp16TES2_m] -> 0xe7fff3c3dd88
npuchk: [_ZN6npuchk9vcmpvs_leEPhPN7float165Fp16TES2_htthh] -> 0xe7fff3c3e084
npuchk: [_ZN6npuchk9vcmpvs_leEPhPN7float165Fp16TES2_htttt] -> 0xe7fff3c3e4c4
npuchk: [_ZN6npuchk9vcmpvs_leEPhPffm] -> 0xe7fff3c3e918
npuchk: [_ZN6npuchk9vcmpvs_leEPhPffhtthh] -> 0xe7fff3c3ec08
npuchk: [_ZN6npuchk9vcmpvs_leEPhPffhtttt] -> 0xe7fff3c3f03c
npuchk: [_ZN6npuchk9vcmpvs_ltEPhPN7float165Fp16TES2_m] -> 0xe7fff3c3f484
npuchk: [_ZN6npuchk9vcmpvs_ltEPhPN7float165Fp16TES2_htthh] -> 0xe7fff3c3f780
npuchk: [_ZN6npuchk9vcmpvs_ltEPhPN7float165Fp16TES2_htttt] -> 0xe7fff3c3fbc0
npuchk: [_ZN6npuchk9vcmpvs_ltEPhPffm] -> 0xe7fff3c40014
npuchk: [_ZN6npuchk9vcmpvs_ltEPhPffhtthh] -> 0xe7fff3c40304
npuchk: [_ZN6npuchk9vcmpvs_ltEPhPffhtttt] -> 0xe7fff3c40738
npuchk: [_ZN6npuchk9vcmpvs_neEPhPN7float165Fp16TES2_m] -> 0xe7fff3c40b80
npuchk: [_ZN6npuchk9vcmpvs_neEPhPN7float165Fp16TES2_htthh] -> 0xe7fff3c40e7c
npuchk: [_ZN6npuchk9vcmpvs_neEPhPN7float165Fp16TES2_htttt] -> 0xe7fff3c412bc
npuchk: [_ZN6npuchk9vcmpvs_neEPhPffm] -> 0xe7fff3c41710
npuchk: [_ZN6npuchk9vcmpvs_neEPhPffhtthh] -> 0xe7fff3c41a00
npuchk: [_ZN6npuchk9vcmpvs_neEPhPffhtttt] -> 0xe7fff3c41e34
npuchk: [_ZN6npuchk7vconcatEPN7float165Fp16TES2_m] -> 0xe7fff3d1a1b0
npuchk: [_ZN6npuchk7vconcatEPN7float165Fp16TES2_hh] -> 0xe7fff3d1a440
npuchk: [_ZN6npuchk7vconcatEPN7float165Fp16TES2_htthh] -> (nil)
npuchk: [_ZN6npuchk7vconcatEPN7float165Fp16TES2_htthhbb] -> (nil)
npuchk: [_ZN6npuchk7vconcatEPfS0_m] -> 0xe7fff3d1a734
npuchk: [_ZN6npuchk7vconcatEPfS0_hh] -> (nil)
npuchk: [_ZN6npuchk7vconcatEPfS0_htthh] -> (nil)
npuchk: [_ZN6npuchk7vconcatEPfS0_htthhbb] -> (nil)
npuchk: [_ZN6npuchk14vconv_bf162f32EPfPN8bfloat165Bf16TEhtttt] -> 0xe7fff3c4227c
npuchk: [_ZN6npuchk14vconv_bf162f32EPfPN8bfloat165Bf16TEm] -> 0xe7fff3c42660
npuchk: [_ZN6npuchk15vconv_bf162s32aEPiPN8bfloat165Bf16TEhtttt] -> 0xe7fff3c428ec
npuchk: [_ZN6npuchk15vconv_bf162s32aEPiPN8bfloat165Bf16TEm] -> 0xe7fff3c42cd4
npuchk: [_ZN6npuchk15vconv_bf162s32cEPiPN8bfloat165Bf16TEhtttt] -> 0xe7fff3c42f64
npuchk: [_ZN6npuchk15vconv_bf162s32cEPiPN8bfloat165Bf16TEm] -> 0xe7fff3c4334c
npuchk: [_ZN6npuchk15vconv_bf162s32fEPiPN8bfloat165Bf16TEhtttt] -> 0xe7fff3c435dc
npuchk: [_ZN6npuchk15vconv_bf162s32fEPiPN8bfloat165Bf16TEm] -> 0xe7fff3c439c4
npuchk: [_ZN6npuchk15vconv_bf162s32rEPiPN8bfloat165Bf16TEhtttt] -> 0xe7fff3c43c54
npuchk: [_ZN6npuchk15vconv_bf162s32rEPiPN8bfloat165Bf16TEm] -> 0xe7fff3c4403c
npuchk: [_ZN6npuchk15vconv_bf162s32zEPiPN8bfloat165Bf16TEhtttt] -> 0xe7fff3c442cc
npuchk: [_ZN6npuchk15vconv_bf162s32zEPiPN8bfloat165Bf16TEm] -> 0xe7fff3c446b4
npuchk: [_ZN6npuchk9vconv_deqEPN7float165Fp16TEPim] -> 0xe7fff3c44944
npuchk: [_ZN6npuchk9vconv_deqEPN7float165Fp16TEPihtthh] -> 0xe7fff3c44bd4
npuchk: [_ZN6npuchk9vconv_deqEPN7float165Fp16TEPihtthhbb] -> 0xe7fff3d1a9c4
npuchk: [_ZN6npuchk15vconv_deqs162b8EPaPsmb] -> 0xe7fff3d1ae24
npuchk: [_ZN6npuchk15vconv_deqs162b8EPaPshtthhbbb] -> 0xe7fff3d1b114
npuchk: [_ZN6npuchk15vconv_deqs162b8EPhPsmb] -> 0xe7fff3d1b5d0
npuchk: [_ZN6npuchk15vconv_deqs162b8EPhPshtthhbbb] -> 0xe7fff3d1b8c0
npuchk: [_ZN6npuchk16vconv_deqs162b8hEPaPshtthh] -> 0xe7fff3c44fa8
npuchk: [_ZN6npuchk16vconv_deqs162b8hEPaPsm] -> 0xe7fff3c4537c
npuchk: [_ZN6npuchk16vconv_deqs162b8hEPhPshtthh] -> 0xe7fff3c4560c
npuchk: [_ZN6npuchk16vconv_deqs162b8hEPhPsm] -> 0xe7fff3c459e0
npuchk: [_ZN6npuchk16vconv_deqs162b8lEPaPshtthh] -> 0xe7fff3c45c70
npuchk: [_ZN6npuchk16vconv_deqs162b8lEPaPsm] -> 0xe7fff3c46044
npuchk: [_ZN6npuchk16vconv_deqs162b8lEPhPshtthh] -> 0xe7fff3c462d4
npuchk: [_ZN6npuchk16vconv_deqs162b8lEPhPsm] -> 0xe7fff3c466a8
npuchk: [_ZN6npuchk13vconv_f162f32EPfPN7float165Fp16TEm] -> 0xe7fff3c46938
npuchk: [_ZN6npuchk13vconv_f162f32EPfPN7float165Fp16TEhtthh] -> 0xe7fff3c46bc4
npuchk: [_ZN6npuchk13vconv_f162f32EPfPN7float165Fp16TEhtthhbb] -> 0xe7fff3d1bd7c
npuchk: [_ZN6npuchk13vconv_f162f32EPfPN7float165Fp16TEhtttt] -> 0xe7fff3c46f94
npuchk: [_ZN6npuchk14vconv_f162s16aEPsPN7float165Fp16TEhtttt] -> 0xe7fff3c47378
npuchk: [_ZN6npuchk14vconv_f162s16aEPsPN7float165Fp16TEm] -> 0xe7fff3c47760
npuchk: [_ZN6npuchk14vconv_f162s16cEPsPN7float165Fp16TEhtttt] -> 0xe7fff3c479f0
npuchk: [_ZN6npuchk14vconv_f162s16cEPsPN7float165Fp16TEm] -> 0xe7fff3c47dd8
npuchk: [_ZN6npuchk14vconv_f162s16fEPsPN7float165Fp16TEhtttt] -> 0xe7fff3c48068
npuchk: [_ZN6npuchk14vconv_f162s16fEPsPN7float165Fp16TEm] -> 0xe7fff3c48450
npuchk: [_ZN6npuchk14vconv_f162s16rEPsPN7float165Fp16TEm] -> 0xe7fff3c486e0
npuchk: [_ZN6npuchk14vconv_f162s16rEPsPN7float165Fp16TEhtthhbb] -> 0xe7fff3d1c1dc
npuchk: [_ZN6npuchk14vconv_f162s16rEPsPN7float165Fp16TEhtttt] -> 0xe7fff3c48970
npuchk: [_ZN6npuchk14vconv_f162s16zEPsPN7float165Fp16TEhtttt] -> 0xe7fff3c48d58
npuchk: [_ZN6npuchk14vconv_f162s16zEPsPN7float165Fp16TEm] -> 0xe7fff3c49140
npuchk: [_ZN6npuchk14vconv_f162s32aEPiPN7float165Fp16TEm] -> 0xe7fff3c493d0
npuchk: [_ZN6npuchk14vconv_f162s32aEPiPN7float165Fp16TEhtthh] -> 0xe7fff3c49660
npuchk: [_ZN6npuchk14vconv_f162s32aEPiPN7float165Fp16TEhtthhbb] -> 0xe7fff3d1c63c
npuchk: [_ZN6npuchk14vconv_f162s32aEPiPN7float165Fp16TEhtttt] -> 0xe7fff3c49a34
npuchk: [_ZN6npuchk14vconv_f162s32cEPiPN7float165Fp16TEm] -> 0xe7fff3c49e1c
npuchk: [_ZN6npuchk14vconv_f162s32cEPiPN7float165Fp16TEhtthh] -> 0xe7fff3c4a0ac
npuchk: [_ZN6npuchk14vconv_f162s32cEPiPN7float165Fp16TEhtthhbb] -> 0xe7fff3d1ca9c
npuchk: [_ZN6npuchk14vconv_f162s32cEPiPN7float165Fp16TEhtttt] -> 0xe7fff3c4a480
npuchk: [_ZN6npuchk14vconv_f162s32fEPiPN7float165Fp16TEm] -> 0xe7fff3c4a868
npuchk: [_ZN6npuchk14vconv_f162s32fEPiPN7float165Fp16TEhtthh] -> 0xe7fff3c4aaf8
npuchk: [_ZN6npuchk14vconv_f162s32fEPiPN7float165Fp16TEhtthhbb] -> 0xe7fff3d1cefc
npuchk: [_ZN6npuchk14vconv_f162s32fEPiPN7float165Fp16TEhtttt] -> 0xe7fff3c4aecc
npuchk: [_ZN6npuchk14vconv_f162s32rEPiPN7float165Fp16TEm] -> 0xe7fff3c4b2b4
npuchk: [_ZN6npuchk14vconv_f162s32rEPiPN7float165Fp16TEhtthh] -> 0xe7fff3c4b544
npuchk: [_ZN6npuchk14vconv_f162s32rEPiPN7float165Fp16TEhtthhbb] -> 0xe7fff3d1d35c
npuchk: [_ZN6npuchk14vconv_f162s32rEPiPN7float165Fp16TEhtttt] -> 0xe7fff3c4b918
npuchk: [_ZN6npuchk14vconv_f162s32zEPiPN7float165Fp16TEm] -> 0xe7fff3c4bd00
npuchk: [_ZN6npuchk14vconv_f162s32zEPiPN7float165Fp16TEhtthh] -> 0xe7fff3c4bf90
npuchk: [_ZN6npuchk14vconv_f162s32zEPiPN7float165Fp16TEhtthhbb] -> 0xe7fff3d1d7bc
npuchk: [_ZN6npuchk14vconv_f162s32zEPiPN7float165Fp16TEhtttt] -> 0xe7fff3c4c364
npuchk: [_ZN6npuchk12vconv_f162s4EPvPN7float165Fp16TEm] -> 0xe7fff3c4c74c
npuchk: [_ZN6npuchk12vconv_f162s4EPvPN7float165Fp16TEhtthhbb] -> 0xe7fff3d1dc1c
npuchk: [_ZN6npuchk12vconv_f162s4EPvPN7float165Fp16TEhtttt] -> 0xe7fff3c4c9dc
npuchk: [_ZN6npuchk13vconv_f162s4aEPvPN7float165Fp16TEhtttt] -> 0xe7fff3c4cdc4
npuchk: [_ZN6npuchk13vconv_f162s4aEPvPN7float165Fp16TEm] -> 0xe7fff3c4d1ac
npuchk: [_ZN6npuchk13vconv_f162s4cEPvPN7float165Fp16TEhtttt] -> 0xe7fff3c4d43c
npuchk: [_ZN6npuchk13vconv_f162s4cEPvPN7float165Fp16TEm] -> 0xe7fff3c4d824
npuchk: [_ZN6npuchk13vconv_f162s4fEPvPN7float165Fp16TEhtttt] -> 0xe7fff3c4dab4
npuchk: [_ZN6npuchk13vconv_f162s4fEPvPN7float165Fp16TEm] -> 0xe7fff3c4de9c
npuchk: [_ZN6npuchk13vconv_f162s4rEPvPN7float165Fp16TEhtttt] -> 0xe7fff3c4e12c
npuchk: [_ZN6npuchk13vconv_f162s4rEPvPN7float165Fp16TEm] -> 0xe7fff3c4e514
npuchk: [_ZN6npuchk13vconv_f162s4zEPvPN7float165Fp16TEhtttt] -> 0xe7fff3c4e7a4
npuchk: [_ZN6npuchk13vconv_f162s4zEPvPN7float165Fp16TEm] -> 0xe7fff3c4eb8c
npuchk: [_ZN6npuchk12vconv_f162s8EPaPN7float165Fp16TEm] -> 0xe7fff3c4ee1c
npuchk: [_ZN6npuchk12vconv_f162s8EPaPN7float165Fp16TEhtthh] -> 0xe7fff3c4f0ac
npuchk: [_ZN6npuchk12vconv_f162s8EPaPN7float165Fp16TEhtthhbb] -> 0xe7fff3d1e07c
npuchk: [_ZN6npuchk12vconv_f162s8EPaPN7float165Fp16TEhtttt] -> 0xe7fff3c4f480
npuchk: [_ZN6npuchk13vconv_f162s8aEPaPN7float165Fp16TEm] -> 0xe7fff3c4f868
npuchk: [_ZN6npuchk13vconv_f162s8aEPaPN7float165Fp16TEhtthh] -> 0xe7fff3c4faf8
npuchk: [_ZN6npuchk13vconv_f162s8aEPaPN7float165Fp16TEhtthhbb] -> 0xe7fff3d1e4dc
npuchk: [_ZN6npuchk13vconv_f162s8aEPaPN7float165Fp16TEhtttt] -> 0xe7fff3c4fecc
npuchk: [_ZN6npuchk13vconv_f162s8cEPaPN7float165Fp16TEm] -> 0xe7fff3c502b4
npuchk: [_ZN6npuchk13vconv_f162s8cEPaPN7float165Fp16TEhtthh] -> 0xe7fff3c50544
npuchk: [_ZN6npuchk13vconv_f162s8cEPaPN7float165Fp16TEhtthhbb] -> 0xe7fff3d1e93c
npuchk: [_ZN6npuchk13vconv_f162s8cEPaPN7float165Fp16TEhtttt] -> 0xe7fff3c50918
npuchk: [_ZN6npuchk13vconv_f162s8fEPaPN7float165Fp16TEm] -> 0xe7fff3c50d00
npuchk: [_ZN6npuchk13vconv_f162s8fEPaPN7float165Fp16TEhtthh] -> 0xe7fff3c50f90
npuchk: [_ZN6npuchk13vconv_f162s8fEPaPN7float165Fp16TEhtthhbb] -> 0xe7fff3d1ed9c
npuchk: [_ZN6npuchk13vconv_f162s8fEPaPN7float165Fp16TEhtttt] -> 0xe7fff3c51364
npuchk: [_ZN6npuchk13vconv_f162s8rEPaPN7float165Fp16TEhtttt] -> 0xe7fff3c5174c
npuchk: [_ZN6npuchk13vconv_f162s8rEPaPN7float165Fp16TEm] -> 0xe7fff3c51b34
npuchk: [_ZN6npuchk13vconv_f162s8zEPaPN7float165Fp16TEm] -> 0xe7fff3c51dc4
npuchk: [_ZN6npuchk13vconv_f162s8zEPaPN7float165Fp16TEhtthh] -> 0xe7fff3c52054
npuchk: [_ZN6npuchk13vconv_f162s8zEPaPN7float165Fp16TEhtthhbb] -> 0xe7fff3d1f1fc
npuchk: [_ZN6npuchk13vconv_f162s8zEPaPN7float165Fp16TEhtttt] -> 0xe7fff3c52428
npuchk: [_ZN6npuchk12vconv_f162u8EPhPN7float165Fp16TEm] -> 0xe7fff3c52810
npuchk: [_ZN6npuchk12vconv_f162u8EPhPN7float165Fp16TEhtthh] -> 0xe7fff3c52aa0
npuchk: [_ZN6npuchk12vconv_f162u8EPhPN7float165Fp16TEhtthhbb] -> 0xe7fff3d1f65c
npuchk: [_ZN6npuchk12vconv_f162u8EPhPN7float165Fp16TEhtttt] -> 0xe7fff3c52e74
npuchk: [_ZN6npuchk13vconv_f162u8aEPhPN7float165Fp16TEm] -> 0xe7fff3c5325c
npuchk: [_ZN6npuchk13vconv_f162u8aEPhPN7float165Fp16TEhtthh] -> 0xe7fff3c534ec
npuchk: [_ZN6npuchk13vconv_f162u8aEPhPN7float165Fp16TEhtthhbb] -> 0xe7fff3d1fabc
npuchk: [_ZN6npuchk13vconv_f162u8aEPhPN7float165Fp16TEhtttt] -> 0xe7fff3c538c0
npuchk: [_ZN6npuchk13vconv_f162u8cEPhPN7float165Fp16TEm] -> 0xe7fff3c53ca8
npuchk: [_ZN6npuchk13vconv_f162u8cEPhPN7float165Fp16TEhtthh] -> 0xe7fff3c53f38
npuchk: [_ZN6npuchk13vconv_f162u8cEPhPN7float165Fp16TEhtthhbb] -> 0xe7fff3d1ff1c
npuchk: [_ZN6npuchk13vconv_f162u8cEPhPN7float165Fp16TEhtttt] -> 0xe7fff3c5430c
npuchk: [_ZN6npuchk13vconv_f162u8fEPhPN7float165Fp16TEm] -> 0xe7fff3c546f4
npuchk: [_ZN6npuchk13vconv_f162u8fEPhPN7float165Fp16TEhtthh] -> 0xe7fff3c54984
npuchk: [_ZN6npuchk13vconv_f162u8fEPhPN7float165Fp16TEhtthhbb] -> 0xe7fff3d2037c
npuchk: [_ZN6npuchk13vconv_f162u8fEPhPN7float165Fp16TEhtttt] -> 0xe7fff3c54d58
npuchk: [_ZN6npuchk13vconv_f162u8rEPhPN7float165Fp16TEhtttt] -> 0xe7fff3c55140
npuchk: [_ZN6npuchk13vconv_f162u8rEPhPN7float165Fp16TEm] -> 0xe7fff3c55528
npuchk: [_ZN6npuchk13vconv_f162u8zEPhPN7float165Fp16TEm] -> 0xe7fff3c557b8
npuchk: [_ZN6npuchk13vconv_f162u8zEPhPN7float165Fp16TEhtthh] -> 0xe7fff3c55a48
npuchk: [_ZN6npuchk13vconv_f162u8zEPhPN7float165Fp16TEhtthhbb] -> 0xe7fff3d207dc
npuchk: [_ZN6npuchk13vconv_f162u8zEPhPN7float165Fp16TEhtttt] -> 0xe7fff3c55e1c
npuchk: [_ZN6npuchk15vconv_f322bf16aEPN8bfloat165Bf16TEPfhtttt] -> 0xe7fff3c56204
npuchk: [_ZN6npuchk15vconv_f322bf16aEPN8bfloat165Bf16TEPfm] -> 0xe7fff3c565ec
npuchk: [_ZN6npuchk15vconv_f322bf16cEPN8bfloat165Bf16TEPfhtttt] -> 0xe7fff3c5687c
npuchk: [_ZN6npuchk15vconv_f322bf16cEPN8bfloat165Bf16TEPfm] -> 0xe7fff3c56c64
npuchk: [_ZN6npuchk15vconv_f322bf16fEPN8bfloat165Bf16TEPfhtttt] -> 0xe7fff3c56ef4
npuchk: [_ZN6npuchk15vconv_f322bf16fEPN8bfloat165Bf16TEPfm] -> 0xe7fff3c572dc
npuchk: [_ZN6npuchk15vconv_f322bf16rEPN8bfloat165Bf16TEPfhtttt] -> 0xe7fff3c5756c
npuchk: [_ZN6npuchk15vconv_f322bf16rEPN8bfloat165Bf16TEPfm] -> 0xe7fff3c57954
npuchk: [_ZN6npuchk15vconv_f322bf16zEPN8bfloat165Bf16TEPfhtttt] -> 0xe7fff3c57be4
npuchk: [_ZN6npuchk15vconv_f322bf16zEPN8bfloat165Bf16TEPfm] -> 0xe7fff3c57fcc
npuchk: [_ZN6npuchk13vconv_f322f16EPN7float165Fp16TEPfm] -> 0xe7fff3c5825c
npuchk: [_ZN6npuchk13vconv_f322f16EPN7float165Fp16TEPfhtthh] -> 0xe7fff3c584ec
npuchk: [_ZN6npuchk13vconv_f322f16EPN7float165Fp16TEPfhtthhbb] -> 0xe7fff3d20c3c
npuchk: [_ZN6npuchk13vconv_f322f16EPN7float165Fp16TEPfhtttt] -> 0xe7fff3c588c0
npuchk: [_ZN6npuchk14vconv_f322f16aEPN7float165Fp16TEPfhtttt] -> 0xe7fff3c58ca8
npuchk: [_ZN6npuchk14vconv_f322f16aEPN7float165Fp16TEPfm] -> 0xe7fff3c59090
npuchk: [_ZN6npuchk14vconv_f322f16cEPN7float165Fp16TEPfhtttt] -> 0xe7fff3c59320
npuchk: [_ZN6npuchk14vconv_f322f16cEPN7float165Fp16TEPfm] -> 0xe7fff3c59708
npuchk: [_ZN6npuchk14vconv_f322f16fEPN7float165Fp16TEPfhtttt] -> 0xe7fff3c59998
npuchk: [_ZN6npuchk14vconv_f322f16fEPN7float165Fp16TEPfm] -> 0xe7fff3c59d80
npuchk: [_ZN6npuchk14vconv_f322f16oEPN7float165Fp16TEPfm] -> 0xe7fff3c5a010
npuchk: [_ZN6npuchk14vconv_f322f16oEPN7float165Fp16TEPfhtthh] -> 0xe7fff3c5a2a0
npuchk: [_ZN6npuchk14vconv_f322f16oEPN7float165Fp16TEPfhtthhbb] -> 0xe7fff3d2109c
npuchk: [_ZN6npuchk14vconv_f322f16oEPN7float165Fp16TEPfhtttt] -> 0xe7fff3c5a674
npuchk: [_ZN6npuchk14vconv_f322f16rEPN7float165Fp16TEPfhtttt] -> 0xe7fff3c5aa5c
npuchk: [_ZN6npuchk14vconv_f322f16rEPN7float165Fp16TEPfm] -> 0xe7fff3c5ae44
npuchk: [_ZN6npuchk14vconv_f322f16zEPN7float165Fp16TEPfhtttt] -> 0xe7fff3c5b0d4
npuchk: [_ZN6npuchk14vconv_f322f16zEPN7float165Fp16TEPfm] -> 0xe7fff3c5b4bc
npuchk: [_ZN6npuchk14vconv_f322f32aEPfS0_htttt] -> 0xe7fff3c5b74c
npuchk: [_ZN6npuchk14vconv_f322f32aEPfS0_m] -> 0xe7fff3c5bb34
npuchk: [_ZN6npuchk14vconv_f322f32cEPfS0_htttt] -> 0xe7fff3c5bdc4
npuchk: [_ZN6npuchk14vconv_f322f32cEPfS0_m] -> 0xe7fff3c5c1ac
npuchk: [_ZN6npuchk14vconv_f322f32fEPfS0_htttt] -> 0xe7fff3c5c43c
npuchk: [_ZN6npuchk14vconv_f322f32fEPfS0_m] -> 0xe7fff3c5c824
npuchk: [_ZN6npuchk14vconv_f322f32rEPfS0_htttt] -> 0xe7fff3c5cab4
npuchk: [_ZN6npuchk14vconv_f322f32rEPfS0_m] -> 0xe7fff3c5ce98
npuchk: [_ZN6npuchk14vconv_f322f32zEPfS0_htttt] -> 0xe7fff3c5d124
npuchk: [_ZN6npuchk14vconv_f322f32zEPfS0_m] -> 0xe7fff3c5d50c
npuchk: [_ZN6npuchk14vconv_f322s16aEPsPfhtttt] -> 0xe7fff3c5d79c
npuchk: [_ZN6npuchk14vconv_f322s16aEPsPfm] -> 0xe7fff3c5db84
npuchk: [_ZN6npuchk14vconv_f322s16cEPsPfhtttt] -> 0xe7fff3c5de14
npuchk: [_ZN6npuchk14vconv_f322s16cEPsPfm] -> 0xe7fff3c5e1fc
npuchk: [_ZN6npuchk14vconv_f322s16fEPsPfhtttt] -> 0xe7fff3c5e48c
npuchk: [_ZN6npuchk14vconv_f322s16fEPsPfm] -> 0xe7fff3c5e874
npuchk: [_ZN6npuchk14vconv_f322s16rEPsPfm] -> 0xe7fff3c5eb04
npuchk: [_ZN6npuchk14vconv_f322s16rEPsPfhtthh] -> 0xe7fff3c5ed94
npuchk: [_ZN6npuchk14vconv_f322s16rEPsPfhtthhbb] -> (nil)
npuchk: [_ZN6npuchk14vconv_f322s16rEPsPfhtttt] -> 0xe7fff3c5f168
npuchk: [_ZN6npuchk14vconv_f322s16zEPsPfm] -> 0xe7fff3c5f550
npuchk: [_ZN6npuchk14vconv_f322s16zEPsPfhtthh] -> 0xe7fff3c5f7e0
npuchk: [_ZN6npuchk14vconv_f322s16zEPsPfhtthhbb] -> (nil)
npuchk: [_ZN6npuchk14vconv_f322s16zEPsPfhtttt] -> 0xe7fff3c5fbb4
npuchk: [_ZN6npuchk14vconv_f322s32aEPiPfm] -> 0xe7fff3c5ff9c
npuchk: [_ZN6npuchk14vconv_f322s32aEPiPfhtthh] -> 0xe7fff3c6022c
npuchk: [_ZN6npuchk14vconv_f322s32aEPiPfhtthhbb] -> 0xe7fff3d214fc
npuchk: [_ZN6npuchk14vconv_f322s32aEPiPfhtttt] -> 0xe7fff3c60600
npuchk: [_ZN6npuchk14vconv_f322s32cEPiPfm] -> 0xe7fff3c609e8
npuchk: [_ZN6npuchk14vconv_f322s32cEPiPfhtthh] -> 0xe7fff3c60c78
npuchk: [_ZN6npuchk14vconv_f322s32cEPiPfhtthhbb] -> 0xe7fff3d2195c
npuchk: [_ZN6npuchk14vconv_f322s32cEPiPfhtttt] -> 0xe7fff3c6104c
npuchk: [_ZN6npuchk14vconv_f322s32fEPiPfm] -> 0xe7fff3c61434
npuchk: [_ZN6npuchk14vconv_f322s32fEPiPfhtthh] -> 0xe7fff3c616c4
npuchk: [_ZN6npuchk14vconv_f322s32fEPiPfhtthhbb] -> 0xe7fff3d21dbc
npuchk: [_ZN6npuchk14vconv_f322s32fEPiPfhtttt] -> 0xe7fff3c61a98
npuchk: [_ZN6npuchk14vconv_f322s32rEPiPfm] -> 0xe7fff3c61e80
npuchk: [_ZN6npuchk14vconv_f322s32rEPiPfhtthh] -> 0xe7fff3c62110
npuchk: [_ZN6npuchk14vconv_f322s32rEPiPfhtthhbb] -> 0xe7fff3d2221c
npuchk: [_ZN6npuchk14vconv_f322s32rEPiPfhtttt] -> 0xe7fff3c624e4
npuchk: [_ZN6npuchk14vconv_f322s32zEPiPfm] -> 0xe7fff3c628cc
npuchk: [_ZN6npuchk14vconv_f322s32zEPiPfhtthh] -> 0xe7fff3c62b5c
npuchk: [_ZN6npuchk14vconv_f322s32zEPiPfhtthhbb] -> 0xe7fff3d2267c
npuchk: [_ZN6npuchk14vconv_f322s32zEPiPfhtttt] -> 0xe7fff3c62f30
npuchk: [_ZN6npuchk14vconv_f322s64aEPlPfhtttt] -> 0xe7fff3c63318
npuchk: [_ZN6npuchk14vconv_f322s64aEPlPfm] -> 0xe7fff3c63700
npuchk: [_ZN6npuchk14vconv_f322s64cEPlPfhtttt] -> 0xe7fff3c63990
npuchk: [_ZN6npuchk14vconv_f322s64cEPlPfm] -> 0xe7fff3c63d78
npuchk: [_ZN6npuchk14vconv_f322s64fEPlPfhtttt] -> 0xe7fff3c64008
npuchk: [_ZN6npuchk14vconv_f322s64fEPlPfm] -> 0xe7fff3c643f0
npuchk: [_ZN6npuchk14vconv_f322s64rEPlPfhtttt] -> 0xe7fff3c64680
npuchk: [_ZN6npuchk14vconv_f322s64rEPlPfm] -> 0xe7fff3c64a68
npuchk: [_ZN6npuchk14vconv_f322s64zEPlPfhtttt] -> 0xe7fff3c64cf8
npuchk: [_ZN6npuchk14vconv_f322s64zEPlPfm] -> 0xe7fff3c650e0
npuchk: [_ZN6npuchk13vconv_s162f16EPN7float165Fp16TEPsm] -> 0xe7fff3c65370
npuchk: [_ZN6npuchk13vconv_s162f16EPN7float165Fp16TEPshtthhbb] -> 0xe7fff3d22adc
npuchk: [_ZN6npuchk13vconv_s162f16EPN7float165Fp16TEPshtttt] -> 0xe7fff3c65600
npuchk: [_ZN6npuchk14vconv_s162f16aEPN7float165Fp16TEPshtttt] -> 0xe7fff3c659e8
npuchk: [_ZN6npuchk14vconv_s162f16aEPN7float165Fp16TEPsm] -> 0xe7fff3c65dd0
npuchk: [_ZN6npuchk14vconv_s162f16cEPN7float165Fp16TEPshtttt] -> 0xe7fff3c66060
npuchk: [_ZN6npuchk14vconv_s162f16cEPN7float165Fp16TEPsm] -> 0xe7fff3c66448
npuchk: [_ZN6npuchk14vconv_s162f16fEPN7float165Fp16TEPshtttt] -> 0xe7fff3c666d8
npuchk: [_ZN6npuchk14vconv_s162f16fEPN7float165Fp16TEPsm] -> 0xe7fff3c66ac0
npuchk: [_ZN6npuchk14vconv_s162f16rEPN7float165Fp16TEPshtttt] -> 0xe7fff3c66d50
npuchk: [_ZN6npuchk14vconv_s162f16rEPN7float165Fp16TEPsm] -> 0xe7fff3c67138
npuchk: [_ZN6npuchk14vconv_s162f16zEPN7float165Fp16TEPshtttt] -> 0xe7fff3c673c8
npuchk: [_ZN6npuchk14vconv_s162f16zEPN7float165Fp16TEPsm] -> 0xe7fff3c677b0
npuchk: [_ZN6npuchk13vconv_s162f32EPfPsm] -> 0xe7fff3c67a40
npuchk: [_ZN6npuchk13vconv_s162f32EPfPshtthhbb] -> (nil)
npuchk: [_ZN6npuchk13vconv_s162f32EPfPshtttt] -> 0xe7fff3c67ccc
npuchk: [_ZN6npuchk13vconv_s322f32EPfPim] -> 0xe7fff3c680b0
npuchk: [_ZN6npuchk13vconv_s322f32EPfPihtthh] -> 0xe7fff3c6833c
npuchk: [_ZN6npuchk13vconv_s322f32EPfPihtthhbb] -> 0xe7fff3d22f3c
npuchk: [_ZN6npuchk13vconv_s322f32EPfPihtttt] -> 0xe7fff3c6870c
npuchk: [_ZN6npuchk14vconv_s322f32aEPfPihtttt] -> 0xe7fff3c68af0
npuchk: [_ZN6npuchk14vconv_s322f32aEPfPim] -> 0xe7fff3c68ed8
npuchk: [_ZN6npuchk14vconv_s322f32cEPfPihtttt] -> 0xe7fff3c69168
npuchk: [_ZN6npuchk14vconv_s322f32cEPfPim] -> 0xe7fff3c69550
npuchk: [_ZN6npuchk14vconv_s322f32fEPfPihtttt] -> 0xe7fff3c697e0
npuchk: [_ZN6npuchk14vconv_s322f32fEPfPim] -> 0xe7fff3c69bc8
npuchk: [_ZN6npuchk14vconv_s322f32rEPfPihtttt] -> 0xe7fff3c69e58
npuchk: [_ZN6npuchk14vconv_s322f32rEPfPim] -> 0xe7fff3c6a23c
npuchk: [_ZN6npuchk14vconv_s322f32zEPfPihtttt] -> 0xe7fff3c6a4c8
npuchk: [_ZN6npuchk14vconv_s322f32zEPfPim] -> 0xe7fff3c6a8b0
npuchk: [_ZN6npuchk13vconv_s322s16EPsPihtttt] -> 0xe7fff3c6ab40
npuchk: [_ZN6npuchk13vconv_s322s16EPsPim] -> 0xe7fff3c6af28
npuchk: [_ZN6npuchk13vconv_s322s64EPlPihtttt] -> 0xe7fff3c6b1b8
npuchk: [_ZN6npuchk13vconv_s322s64EPlPim] -> 0xe7fff3c6b5a0
npuchk: [_ZN6npuchk12vconv_s42f16EPN7float165Fp16TEPvhtthh] -> 0xe7fff3c6b830
npuchk: [_ZN6npuchk12vconv_s42f16EPN7float165Fp16TEPvm] -> 0xe7fff3c6bc04
npuchk: [_ZN6npuchk14vconv_s642f32aEPfPlhtttt] -> 0xe7fff3c6be94
npuchk: [_ZN6npuchk14vconv_s642f32aEPfPlm] -> 0xe7fff3c6c27c
npuchk: [_ZN6npuchk14vconv_s642f32cEPfPlhtttt] -> 0xe7fff3c6c50c
npuchk: [_ZN6npuchk14vconv_s642f32cEPfPlm] -> 0xe7fff3c6c8f4
npuchk: [_ZN6npuchk14vconv_s642f32fEPfPlhtttt] -> 0xe7fff3c6cb84
npuchk: [_ZN6npuchk14vconv_s642f32fEPfPlm] -> 0xe7fff3c6cf6c
npuchk: [_ZN6npuchk14vconv_s642f32rEPfPlhtttt] -> 0xe7fff3c6d1fc
npuchk: [_ZN6npuchk14vconv_s642f32rEPfPlm] -> 0xe7fff3c6d5e0
npuchk: [_ZN6npuchk14vconv_s642f32zEPfPlhtttt] -> 0xe7fff3c6d86c
npuchk: [_ZN6npuchk14vconv_s642f32zEPfPlm] -> 0xe7fff3c6dc54
npuchk: [_ZN6npuchk13vconv_s642s32EPiPlhtttt] -> 0xe7fff3c6dee4
npuchk: [_ZN6npuchk13vconv_s642s32EPiPlm] -> 0xe7fff3c6e2cc
npuchk: [_ZN6npuchk12vconv_s82f16EPN7float165Fp16TEPam] -> 0xe7fff3c6e55c
npuchk: [_ZN6npuchk12vconv_s82f16EPN7float165Fp16TEPahtthh] -> 0xe7fff3c6e7ec
npuchk: [_ZN6npuchk12vconv_s82f16EPN7float165Fp16TEPahtthhbb] -> 0xe7fff3d2339c
npuchk: [_ZN6npuchk12vconv_s82f16EPN7float165Fp16TEPahtttt] -> 0xe7fff3c6ebc0
npuchk: [_ZN6npuchk12vconv_u82f16EPN7float165Fp16TEPhm] -> 0xe7fff3c6efa8
npuchk: [_ZN6npuchk12vconv_u82f16EPN7float165Fp16TEPhhtthh] -> 0xe7fff3c6f238
npuchk: [_ZN6npuchk12vconv_u82f16EPN7float165Fp16TEPhhtthhbb] -> 0xe7fff3d237fc
npuchk: [_ZN6npuchk12vconv_u82f16EPN7float165Fp16TEPhhtttt] -> 0xe7fff3c6f60c
npuchk: [_ZN6npuchk16vconv_vdeqs162b8EPaPsmb] -> 0xe7fff3d23c5c
npuchk: [_ZN6npuchk16vconv_vdeqs162b8EPaPshtthhbbb] -> 0xe7fff3d23f4c
npuchk: [_ZN6npuchk16vconv_vdeqs162b8EPhPsmb] -> 0xe7fff3d24408
npuchk: [_ZN6npuchk16vconv_vdeqs162b8EPhPshtthhbbb] -> 0xe7fff3d246f8
npuchk: [_ZN6npuchk17vconv_vdeqs162b8hEPaPshtthh] -> 0xe7fff3c6f9f4
npuchk: [_ZN6npuchk17vconv_vdeqs162b8hEPaPsm] -> 0xe7fff3c6fdc8
npuchk: [_ZN6npuchk17vconv_vdeqs162b8hEPhPshtthh] -> 0xe7fff3c70058
npuchk: [_ZN6npuchk17vconv_vdeqs162b8hEPhPsm] -> 0xe7fff3c7042c
npuchk: [_ZN6npuchk17vconv_vdeqs162b8lEPaPshtthh] -> 0xe7fff3c706bc
npuchk: [_ZN6npuchk17vconv_vdeqs162b8lEPaPsm] -> 0xe7fff3c70a90
npuchk: [_ZN6npuchk17vconv_vdeqs162b8lEPhPshtthh] -> 0xe7fff3c70d20
npuchk: [_ZN6npuchk17vconv_vdeqs162b8lEPhPsm] -> 0xe7fff3c710f4
npuchk: [_ZN6npuchk4vcvtERA128_N7float165Fp16TEPhh7Literal] -> (nil)
npuchk: [_ZN6npuchk4vcvtERA128_N7float165Fp16TEPah7Literal] -> (nil)
npuchk: [_ZN6npuchk4vcvtERA64_fPN7float165Fp16TEh7Literal] -> (nil)
npuchk: [_ZN6npuchk4vcvtERA64_iPN7float165Fp16TEh7LiteralS5_] -> (nil)
npuchk: [_ZN6npuchk4vcvtERA64_fPN8bfloat165Bf16TEh7Literal] -> (nil)
npuchk: [_ZN6npuchk4vcvtERA64_iPN8bfloat165Bf16TEh7LiteralS5_S5_] -> (nil)
npuchk: [_ZN6npuchk4vcvtERA64_fPsh7Literal] -> (nil)
npuchk: [_ZN6npuchk4vcvtERA32_lPfh7LiteralS3_S3_] -> (nil)
npuchk: [_ZN6npuchk4vcvtERA32_lPih7Literal] -> (nil)
npuchk: [_ZN6npuchk4vcvtERA256_hPN7float165Fp16TEh7LiteralS5_S5_] -> (nil)
npuchk: [_ZN6npuchk4vcvtERA256_aPN7float165Fp16TEh7LiteralS5_S5_] -> (nil)
npuchk: [_ZN6npuchk4vcvtERA128_N7float165Fp16TEPfh7LiteralS5_S5_] -> (nil)
npuchk: [_ZN6npuchk4vcvtERA128_N8bfloat165Bf16TEPfh7LiteralS5_S5_] -> (nil)
npuchk: [_ZN6npuchk4vcvtERA128_sPfh7LiteralS3_S3_] -> (nil)
npuchk: [_ZN6npuchk4vcvtERA128_sPih7LiteralS3_] -> (nil)
npuchk: [_ZN6npuchk4vcvtERA64_iPlh7LiteralS3_] -> (nil)
npuchk: [_ZN6npuchk4vcvtERA64_fPlh7LiteralS3_] -> (nil)
npuchk: [_ZN6npuchk4vcvtERA128_sPN7float165Fp16TEh7LiteralS5_] -> (nil)
npuchk: [_ZN6npuchk4vcvtERA128_N7float165Fp16TEPsh7Literal] -> (nil)
npuchk: [_ZN6npuchk4vcvtERA64_iPfh7LiteralS3_] -> (nil)
npuchk: [_ZN6npuchk4vcvtERA64_fPih7Literal] -> (nil)
npuchk: [_ZN6npuchk4vtrcERA64_fPf7Literalh] -> (nil)
npuchk: [_ZN6npuchk5vcopyEPsS0_m] -> 0xe7fff3c71384
npuchk: [_ZN6npuchk5vcopyEPsS0_htttt] -> 0xe7fff3c71614
npuchk: [_ZN6npuchk5vcopyEPiS0_m] -> 0xe7fff3c719fc
npuchk: [_ZN6npuchk5vcopyEPiS0_htttt] -> 0xe7fff3c71c8c
npuchk: [_ZN6npuchk5vcopyEPtS0_m] -> 0xe7fff3c72074
npuchk: [_ZN6npuchk5vcopyEPtS0_htttt] -> 0xe7fff3c72304
npuchk: [_ZN6npuchk5vcopyEPjS0_m] -> 0xe7fff3c726ec
npuchk: [_ZN6npuchk5vcopyEPjS0_htttt] -> 0xe7fff3c7297c
npuchk: [_ZN6npuchk6vcpaddEPN7float165Fp16TES2_m] -> 0xe7fff3c72d64
npuchk: [_ZN6npuchk6vcpaddEPN7float165Fp16TES2_httt] -> 0xe7fff3c72ff4
npuchk: [_ZN6npuchk6vcpaddEPN7float165Fp16TES2_htttbb] -> 0xe7fff3d24bb4
npuchk: [_ZN6npuchk6vcpaddEPfS0_m] -> 0xe7fff3c73368
npuchk: [_ZN6npuchk6vcpaddEPfS0_httt] -> 0xe7fff3c735f8
npuchk: [_ZN6npuchk6vcpaddEPfS0_htttbb] -> 0xe7fff3d24fb8
npuchk: [_ZN6npuchk4vdivEPN7float165Fp16TES2_S2_m] -> 0xe7fff3c7396c
npuchk: [_ZN6npuchk4vdivEPN7float165Fp16TES2_S2_hhhhhhh] -> 0xe7fff3c73c58
npuchk: [_ZN6npuchk4vdivEPN7float165Fp16TES2_S2_hhhhhhhbb] -> 0xe7fff3d253bc
npuchk: [_ZN6npuchk4vdivEPfS0_S0_m] -> 0xe7fff3c74140
npuchk: [_ZN6npuchk4vdivEPfS0_S0_hhhhhhh] -> 0xe7fff3c7442c
npuchk: [_ZN6npuchk4vdivEPfS0_S0_hhhhhhhbb] -> 0xe7fff3d2592c
npuchk: [_ZN6npuchk3vdpEPsS0_S0_m] -> (nil)
npuchk: [_ZN6npuchk3vdpEPsS0_S0_thttbbb] -> (nil)
npuchk: [_ZN6npuchk10vector_dupEPN7float165Fp16TES1_m] -> 0xe7fff3c74914
npuchk: [_ZN6npuchk10vector_dupEPN7float165Fp16TES1_htthh] -> 0xe7fff3c74bac
npuchk: [_ZN6npuchk10vector_dupEPN7float165Fp16TES1_htthhbb] -> 0xe7fff3d25e9c
npuchk: [_ZN6npuchk10vector_dupEPN7float165Fp16TES1_htttt] -> 0xe7fff3c74f88
npuchk: [_ZN6npuchk10vector_dupEPffm] -> 0xe7fff3c75378
npuchk: [_ZN6npuchk10vector_dupEPffhtthh] -> 0xe7fff3c75604
npuchk: [_ZN6npuchk10vector_dupEPffhtthhbb] -> 0xe7fff3d26304
npuchk: [_ZN6npuchk10vector_dupEPffhtttt] -> 0xe7fff3c759d4
npuchk: [_ZN6npuchk10vector_dupEPssm] -> 0xe7fff3c75db8
npuchk: [_ZN6npuchk10vector_dupEPsshtthh] -> 0xe7fff3c7603c
npuchk: [_ZN6npuchk10vector_dupEPsshtthhbb] -> 0xe7fff3d26764
npuchk: [_ZN6npuchk10vector_dupEPsshtttt] -> 0xe7fff3c76404
npuchk: [_ZN6npuchk10vector_dupEPiim] -> 0xe7fff3c767e0
npuchk: [_ZN6npuchk10vector_dupEPiihtthh] -> 0xe7fff3c76a64
npuchk: [_ZN6npuchk10vector_dupEPiihtthhbb] -> 0xe7fff3d26bb8
npuchk: [_ZN6npuchk10vector_dupEPiihtttt] -> 0xe7fff3c76e2c
npuchk: [_ZN6npuchk10vector_dupEPttm] -> 0xe7fff3c77208
npuchk: [_ZN6npuchk10vector_dupEPtthtthh] -> 0xe7fff3c7748c
npuchk: [_ZN6npuchk10vector_dupEPtthtthhbb] -> 0xe7fff3d2700c
npuchk: [_ZN6npuchk10vector_dupEPtthtttt] -> 0xe7fff3c77854
npuchk: [_ZN6npuchk10vector_dupEPjjm] -> 0xe7fff3c77c30
npuchk: [_ZN6npuchk10vector_dupEPjjhtthh] -> 0xe7fff3c77eb4
npuchk: [_ZN6npuchk10vector_dupEPjjhtthhbb] -> 0xe7fff3d27460
npuchk: [_ZN6npuchk10vector_dupEPjjhtttt] -> 0xe7fff3c7827c
npuchk: [_ZN6npuchk10vector_dupEPN8bfloat165Bf16TES1_m] -> (nil)
npuchk: [_ZN6npuchk10vector_dupEPN8bfloat165Bf16TES1_htthh] -> (nil)
npuchk: [_ZN6npuchk4vexpEPN7float165Fp16TES2_m] -> 0xe7fff3c78658
npuchk: [_ZN6npuchk4vexpEPN7float165Fp16TES2_htthh] -> 0xe7fff3c788e8
npuchk: [_ZN6npuchk4vexpEPN7float165Fp16TES2_htthhbb] -> 0xe7fff3d278b4
npuchk: [_ZN6npuchk4vexpEPN7float165Fp16TES2_htttt] -> 0xe7fff3c78cbc
npuchk: [_ZN6npuchk4vexpEPfS0_m] -> 0xe7fff3c790a4
npuchk: [_ZN6npuchk4vexpEPfS0_htthh] -> 0xe7fff3c79334
npuchk: [_ZN6npuchk4vexpEPfS0_htthhbb] -> 0xe7fff3d27d14
npuchk: [_ZN6npuchk4vexpEPfS0_htttt] -> 0xe7fff3c79708
npuchk: [_ZN6npuchk8vextractEPN7float165Fp16TES2_m] -> 0xe7fff3d28174
npuchk: [_ZN6npuchk8vextractEPN7float165Fp16TES2_hh] -> 0xe7fff3d28404
npuchk: [_ZN6npuchk8vextractEPN7float165Fp16TES2_htthh] -> (nil)
npuchk: [_ZN6npuchk8vextractEPN7float165Fp16TES2_htthhbb] -> (nil)
npuchk: [_ZN6npuchk8vextractEPfS0_m] -> 0xe7fff3d286f8
npuchk: [_ZN6npuchk8vextractEPfS0_hh] -> (nil)
npuchk: [_ZN6npuchk8vextractEPfS0_htthh] -> (nil)
npuchk: [_ZN6npuchk8vextractEPfS0_htthhbb] -> (nil)
npuchk: [_ZN6npuchk7vgatherEPtPjm] -> 0xe7fff3c79af0
npuchk: [_ZN6npuchk7vgatherEPtPjjb] -> 0xe7fff3d28988
npuchk: [_ZN6npuchk7vgatherEPtPjjth] -> 0xe7fff3c79d78
npuchk: [_ZN6npuchk7vgatherEPjS0_m] -> 0xe7fff3c7a0c8
npuchk: [_ZN6npuchk7vgatherEPjS0_jb] -> 0xe7fff3d28c58
npuchk: [_ZN6npuchk7vgatherEPjS0_jth] -> 0xe7fff3c7a350
npuchk: [_ZN6npuchk8vgatherbEPtPjm] -> 0xe7fff3c7a6a0
npuchk: [_ZN6npuchk8vgatherbEPtPjjthh] -> 0xe7fff3c7a928
npuchk: [_ZN6npuchk8vgatherbEPjS0_m] -> 0xe7fff3c7accc
npuchk: [_ZN6npuchk8vgatherbEPjS0_jthh] -> 0xe7fff3c7af54
npuchk: [_ZN6npuchk4viouEPN7float165Fp16TES2_S2_m] -> 0xe7fff3d28f28
npuchk: [_ZN6npuchk4viouEPN7float165Fp16TES2_S2_hhhhhhh] -> (nil)
npuchk: [_ZN6npuchk4viouEPN7float165Fp16TES2_S2_hhhhhhhbb] -> (nil)
npuchk: [_ZN6npuchk4viouEPfS0_S0_m] -> 0xe7fff3d2921c
npuchk: [_ZN6npuchk4viouEPfS0_S0_hhhhhhh] -> (nil)
npuchk: [_ZN6npuchk4viouEPfS0_S0_hhhhhhhbb] -> (nil)
npuchk: [_ZN6npuchk10vld_va_regE10ub_addr8_tPm7vpart_t] -> 0xe7fff3c7b2f8
npuchk: [_ZN6npuchk3vlnEPN7float165Fp16TES2_m] -> 0xe7fff3c7b4d4
npuchk: [_ZN6npuchk3vlnEPN7float165Fp16TES2_htthh] -> 0xe7fff3c7b764
npuchk: [_ZN6npuchk3vlnEPN7float165Fp16TES2_htthhbb] -> 0xe7fff3d29510
npuchk: [_ZN6npuchk3vlnEPN7float165Fp16TES2_htttt] -> 0xe7fff3c7bb38
npuchk: [_ZN6npuchk3vlnEPfS0_m] -> 0xe7fff3c7bf20
npuchk: [_ZN6npuchk3vlnEPfS0_htthh] -> 0xe7fff3c7c1b0
npuchk: [_ZN6npuchk3vlnEPfS0_htthhbb] -> 0xe7fff3d29970
npuchk: [_ZN6npuchk3vlnEPfS0_htttt] -> 0xe7fff3c7c584
npuchk: [_ZN6npuchk6vlreluEPN7float165Fp16TES2_S1_m] -> 0xe7fff3c7c96c
npuchk: [_ZN6npuchk6vlreluEPN7float165Fp16TES2_S1_htthhbb] -> 0xe7fff3d29dd0
npuchk: [_ZN6npuchk6vlreluEPN7float165Fp16TES2_S1_htttt] -> 0xe7fff3c7cc64
npuchk: [_ZN6npuchk6vlreluEPfS0_fm] -> 0xe7fff3c7d0b4
npuchk: [_ZN6npuchk6vlreluEPfS0_fhtthhbb] -> 0xe7fff3d2a294
npuchk: [_ZN6npuchk6vlreluEPfS0_fhtttt] -> 0xe7fff3c7d3a0
npuchk: [_ZN6npuchk5vmaddEPN7float165Fp16TES2_S2_m] -> 0xe7fff3c7d7e4
npuchk: [_ZN6npuchk5vmaddEPN7float165Fp16TES2_S2_hhhhhhh] -> 0xe7fff3c7dad0
npuchk: [_ZN6npuchk5vmaddEPN7float165Fp16TES2_S2_hhhhhhhbb] -> 0xe7fff3d2a750
npuchk: [_ZN6npuchk5vmaddEPfS0_S0_m] -> 0xe7fff3c7dfb8
npuchk: [_ZN6npuchk5vmaddEPfS0_S0_hhhhhhh] -> 0xe7fff3c7e2a4
npuchk: [_ZN6npuchk5vmaddEPfS0_S0_hhhhhhhbb] -> 0xe7fff3d2acc0
npuchk: [_ZN6npuchk5vmaddERA128_N7float165Fp16TEPS1_S4_h7Literal] -> (nil)
npuchk: [_ZN6npuchk5vmaddERA64_fPfS2_h7Literal] -> (nil)
npuchk: [_ZN6npuchk5vmulaERA64_iPiS2_h7Literal] -> (nil)
npuchk: [_ZN6npuchk5vmulaERA64_jPjS2_h7Literal] -> (nil)
npuchk: [_ZN6npuchk5vmulaERA64_fPfS2_h7Literal] -> (nil)
npuchk: [_ZN6npuchk5vmulaERA128_sPsS2_h7Literal] -> (nil)
npuchk: [_ZN6npuchk5vmulaERA128_tPtS2_h7Literal] -> (nil)
npuchk: [_ZN6npuchk5vmulaERA128_N7float165Fp16TEPS1_S4_h7Literal] -> (nil)
npuchk: [_ZN6npuchk9vmaddreluEPN7float165Fp16TES2_S2_m] -> 0xe7fff3c7e78c
npuchk: [_ZN6npuchk9vmaddreluEPN7float165Fp16TES2_S2_hhhhhhh] -> 0xe7fff3c7ea7c
npuchk: [_ZN6npuchk9vmaddreluEPN7float165Fp16TES2_S2_hhhhhhhbb] -> 0xe7fff3d2b230
npuchk: [_ZN6npuchk9vmaddreluEPfS0_S0_m] -> 0xe7fff3c7ef68
npuchk: [_ZN6npuchk9vmaddreluEPfS0_S0_hhhhhhh] -> 0xe7fff3c7f258
npuchk: [_ZN6npuchk9vmaddreluEPfS0_S0_hhhhhhhbb] -> 0xe7fff3d2b7a4
npuchk: [_ZN6npuchk4vmaxEPN7float165Fp16TES2_S2_m] -> 0xe7fff3c7f744
npuchk: [_ZN6npuchk4vmaxEPN7float165Fp16TES2_S2_hhhhhhh] -> 0xe7fff3c7fa30
npuchk: [_ZN6npuchk4vmaxEPN7float165Fp16TES2_S2_hhhhhhhbb] -> 0xe7fff3d2bd18
npuchk: [_ZN6npuchk4vmaxEPfS0_S0_m] -> 0xe7fff3c7ff18
npuchk: [_ZN6npuchk4vmaxEPfS0_S0_hhhhhhh] -> 0xe7fff3c80204
npuchk: [_ZN6npuchk4vmaxEPfS0_S0_hhhhhhhbb] -> 0xe7fff3d2c288
npuchk: [_ZN6npuchk4vmaxEPsS0_S0_m] -> 0xe7fff3c806ec
npuchk: [_ZN6npuchk4vmaxEPsS0_S0_hhhhhhh] -> 0xe7fff3c809d8
npuchk: [_ZN6npuchk4vmaxEPsS0_S0_hhhhhhhbb] -> 0xe7fff3d2c7f8
npuchk: [_ZN6npuchk4vmaxEPiS0_S0_m] -> 0xe7fff3c80ec0
npuchk: [_ZN6npuchk4vmaxEPiS0_S0_hhhhhhh] -> 0xe7fff3c811ac
npuchk: [_ZN6npuchk4vmaxEPiS0_S0_hhhhhhhbb] -> 0xe7fff3d2cd68
npuchk: [_ZN6npuchk5vmaxsEPN7float165Fp16TES2_S1_m] -> 0xe7fff3c81694
npuchk: [_ZN6npuchk5vmaxsEPN7float165Fp16TES2_S1_htthhbb] -> 0xe7fff3c8198c
npuchk: [_ZN6npuchk5vmaxsEPN7float165Fp16TES2_S1_htttt] -> 0xe7fff3c81e50
npuchk: [_ZN6npuchk5vmaxsEPfS0_fm] -> 0xe7fff3c822a0
npuchk: [_ZN6npuchk5vmaxsEPfS0_fhtthhbb] -> 0xe7fff3c8258c
npuchk: [_ZN6npuchk5vmaxsEPfS0_fhtttt] -> 0xe7fff3c82a48
npuchk: [_ZN6npuchk5vmaxsEPsS0_sm] -> 0xe7fff3c82e8c
npuchk: [_ZN6npuchk5vmaxsEPsS0_shtthhbb] -> 0xe7fff3c83170
npuchk: [_ZN6npuchk5vmaxsEPsS0_shtttt] -> 0xe7fff3c83620
npuchk: [_ZN6npuchk5vmaxsEPiS0_im] -> 0xe7fff3c83a5c
npuchk: [_ZN6npuchk5vmaxsEPiS0_ihtthhbb] -> 0xe7fff3c83d40
npuchk: [_ZN6npuchk5vmaxsEPiS0_ihtttt] -> 0xe7fff3c841f0
npuchk: [_ZN6npuchk8vmergechEPhS0_m] -> 0xe7fff3d2d2d8
npuchk: [_ZN6npuchk8vmergechEPhS0_htthh] -> (nil)
npuchk: [_ZN6npuchk8vmergechEPhS0_htthhbb] -> (nil)
npuchk: [_ZN6npuchk8vmergechEPN7float165Fp16TES2_m] -> 0xe7fff3d2d56c
npuchk: [_ZN6npuchk8vmergechEPN7float165Fp16TES2_htthh] -> (nil)
npuchk: [_ZN6npuchk8vmergechEPN7float165Fp16TES2_htthhbb] -> (nil)
npuchk: [_ZN6npuchk4vminEPN7float165Fp16TES2_S2_m] -> 0xe7fff3c8462c
npuchk: [_ZN6npuchk4vminEPN7float165Fp16TES2_S2_hhhhhhh] -> 0xe7fff3c8491c
npuchk: [_ZN6npuchk4vminEPN7float165Fp16TES2_S2_hhhhhhhbb] -> 0xe7fff3c84e08
npuchk: [_ZN6npuchk4vminEPfS0_S0_m] -> 0xe7fff3c8537c
npuchk: [_ZN6npuchk4vminEPfS0_S0_hhhhhhh] -> 0xe7fff3c8566c
npuchk: [_ZN6npuchk4vminEPfS0_S0_hhhhhhhbb] -> 0xe7fff3c85b58
npuchk: [_ZN6npuchk4vminEPsS0_S0_m] -> 0xe7fff3c860cc
npuchk: [_ZN6npuchk4vminEPsS0_S0_hhhhhhh] -> 0xe7fff3c863bc
npuchk: [_ZN6npuchk4vminEPsS0_S0_hhhhhhhbb] -> 0xe7fff3c868a8
npuchk: [_ZN6npuchk4vminEPiS0_S0_m] -> 0xe7fff3c86e1c
npuchk: [_ZN6npuchk4vminEPiS0_S0_hhhhhhh] -> 0xe7fff3c8710c
npuchk: [_ZN6npuchk4vminEPiS0_S0_hhhhhhhbb] -> 0xe7fff3c875f8
npuchk: [_ZN6npuchk5vminsEPN7float165Fp16TES2_S1_m] -> 0xe7fff3c87b6c
npuchk: [_ZN6npuchk5vminsEPN7float165Fp16TES2_S1_htthhbb] -> 0xe7fff3c87e68
npuchk: [_ZN6npuchk5vminsEPN7float165Fp16TES2_S1_htttt] -> 0xe7fff3c88330
npuchk: [_ZN6npuchk5vminsEPfS0_fm] -> 0xe7fff3c88784
npuchk: [_ZN6npuchk5vminsEPfS0_fhtthhbb] -> 0xe7fff3c88a74
npuchk: [_ZN6npuchk5vminsEPfS0_fhtttt] -> 0xe7fff3c88f34
npuchk: [_ZN6npuchk5vminsEPsS0_sm] -> 0xe7fff3c8937c
npuchk: [_ZN6npuchk5vminsEPsS0_shtthhbb] -> 0xe7fff3c89664
npuchk: [_ZN6npuchk5vminsEPsS0_shtttt] -> 0xe7fff3c89b18
npuchk: [_ZN6npuchk5vminsEPiS0_im] -> 0xe7fff3c89f58
npuchk: [_ZN6npuchk5vminsEPiS0_ihtthhbb] -> 0xe7fff3c8a240
npuchk: [_ZN6npuchk5vminsEPiS0_ihtttt] -> 0xe7fff3c8a6f4
npuchk: [_ZN6npuchk4vmlaEPN7float165Fp16TES2_S2_m] -> 0xe7fff3c8ab34
npuchk: [_ZN6npuchk4vmlaEPN7float165Fp16TES2_S2_hhhhhhh] -> 0xe7fff3c8ae24
npuchk: [_ZN6npuchk4vmlaEPN7float165Fp16TES2_S2_hhhhhhhbb] -> 0xe7fff3c8b310
npuchk: [_ZN6npuchk4vmlaEPfS0_S0_m] -> 0xe7fff3c8b884
npuchk: [_ZN6npuchk4vmlaEPfS0_S0_hhhhhhh] -> 0xe7fff3c8bb74
npuchk: [_ZN6npuchk4vmlaEPfS0_S0_hhhhhhhbb] -> 0xe7fff3c8c060
npuchk: [_ZN6npuchk4vmlaEPfPN7float165Fp16TES3_m] -> 0xe7fff3c8c5d4
npuchk: [_ZN6npuchk4vmlaEPfPN7float165Fp16TES3_hhhhhhh] -> 0xe7fff3c8c8c4
npuchk: [_ZN6npuchk4vmlaEPfPN7float165Fp16TES3_hhhhhhhbb] -> 0xe7fff3c8cdb0
npuchk: [_ZN6npuchk9vmrgsort4EPN7float165Fp16TEPS2_m] -> 0xe7fff3d2d800
npuchk: [_ZN6npuchk9vmrgsort4EPfPS0_m] -> 0xe7fff3d2d9c8
npuchk: [_ZN6npuchk9vmrgsort4EPN7float165Fp16TEPS2_mm] -> 0xe7fff3c8d324
npuchk: [_ZN6npuchk9vmrgsort4EPfPS0_mm] -> 0xe7fff3c8d528
npuchk: [_ZN6npuchk4vmulEPN7float165Fp16TES2_S2_m] -> 0xe7fff3c8d72c
npuchk: [_ZN6npuchk4vmulEPN7float165Fp16TES2_S2_hhhhhhh] -> 0xe7fff3c8da18
npuchk: [_ZN6npuchk4vmulEPN7float165Fp16TES2_S2_hhhhhhhbb] -> 0xe7fff3c8df00
npuchk: [_ZN6npuchk4vmulEPfS0_S0_m] -> 0xe7fff3c8e470
npuchk: [_ZN6npuchk4vmulEPfS0_S0_hhhhhhh] -> 0xe7fff3c8e75c
npuchk: [_ZN6npuchk4vmulEPfS0_S0_hhhhhhhbb] -> 0xe7fff3c8ec44
npuchk: [_ZN6npuchk4vmulEPsS0_S0_m] -> 0xe7fff3c8f1b4
npuchk: [_ZN6npuchk4vmulEPsS0_S0_hhhhhhh] -> 0xe7fff3c8f4a0
npuchk: [_ZN6npuchk4vmulEPsS0_S0_hhhhhhhbb] -> 0xe7fff3c8f988
npuchk: [_ZN6npuchk4vmulEPiS0_S0_m] -> 0xe7fff3c8fef8
npuchk: [_ZN6npuchk4vmulEPiS0_S0_hhhhhhh] -> 0xe7fff3c901e4
npuchk: [_ZN6npuchk4vmulEPiS0_S0_hhhhhhhbb] -> 0xe7fff3c906cc
npuchk: [_ZN6npuchk15vmulconv_f162s8EPaPN7float165Fp16TES3_m] -> 0xe7fff3c90c3c
npuchk: [_ZN6npuchk15vmulconv_f162s8EPaPN7float165Fp16TES3_hhhhhhh] -> 0xe7fff3c90f2c
npuchk: [_ZN6npuchk15vmulconv_f162s8EPaPN7float165Fp16TES3_hhhhhhhbb] -> 0xe7fff3d2db90
npuchk: [_ZN6npuchk15vmulconv_f162u8EPhPN7float165Fp16TES3_m] -> 0xe7fff3c91418
npuchk: [_ZN6npuchk15vmulconv_f162u8EPhPN7float165Fp16TES3_hhhhhhh] -> 0xe7fff3c91708
npuchk: [_ZN6npuchk15vmulconv_f162u8EPhPN7float165Fp16TES3_hhhhhhhbb] -> 0xe7fff3d2e104
npuchk: [_ZN6npuchk5vmulsEPN7float165Fp16TES2_S1_m] -> 0xe7fff3c91bf4
npuchk: [_ZN6npuchk5vmulsEPN7float165Fp16TES2_S1_htthh] -> 0xe7fff3c91ef0
npuchk: [_ZN6npuchk5vmulsEPN7float165Fp16TES2_S1_htthhbb] -> 0xe7fff3d2e678
npuchk: [_ZN6npuchk5vmulsEPN7float165Fp16TES2_S1_htttt] -> 0xe7fff3c92330
npuchk: [_ZN6npuchk5vmulsEPfS0_fm] -> 0xe7fff3c92784
npuchk: [_ZN6npuchk5vmulsEPfS0_fhtthh] -> 0xe7fff3c92a74
npuchk: [_ZN6npuchk5vmulsEPfS0_fhtthhbb] -> 0xe7fff3d2eb40
npuchk: [_ZN6npuchk5vmulsEPfS0_fhtttt] -> 0xe7fff3c92ea8
npuchk: [_ZN6npuchk5vmulsEPsS0_sm] -> 0xe7fff3c932f0
npuchk: [_ZN6npuchk5vmulsEPsS0_shtthh] -> 0xe7fff3c935d8
npuchk: [_ZN6npuchk5vmulsEPsS0_shtthhbb] -> 0xe7fff3d2f000
npuchk: [_ZN6npuchk5vmulsEPsS0_shtttt] -> 0xe7fff3c93a04
npuchk: [_ZN6npuchk5vmulsEPiS0_im] -> 0xe7fff3c93e44
npuchk: [_ZN6npuchk5vmulsEPiS0_ihtthh] -> 0xe7fff3c9412c
npuchk: [_ZN6npuchk5vmulsEPiS0_ihtthhbb] -> 0xe7fff3d2f4b4
npuchk: [_ZN6npuchk5vmulsEPiS0_ihtttt] -> 0xe7fff3c94558
npuchk: [_ZN6npuchk4vnotEPsS0_m] -> 0xe7fff3c94998
npuchk: [_ZN6npuchk4vnotEPsS0_htthh] -> 0xe7fff3c94c28
npuchk: [_ZN6npuchk4vnotEPsS0_htthhbb] -> 0xe7fff3d2f968
npuchk: [_ZN6npuchk4vnotEPsS0_htttt] -> 0xe7fff3c94ffc
npuchk: [_ZN6npuchk4vnotEPtS0_m] -> 0xe7fff3c953e4
npuchk: [_ZN6npuchk4vnotEPtS0_htthh] -> 0xe7fff3c95674
npuchk: [_ZN6npuchk4vnotEPtS0_htthhbb] -> 0xe7fff3d2fdc8
npuchk: [_ZN6npuchk4vnotEPtS0_htttt] -> 0xe7fff3c95a48
npuchk: [_ZN6npuchk3vorEPsS0_S0_m] -> 0xe7fff3c95e30
npuchk: [_ZN6npuchk3vorEPsS0_S0_hhhhhhh] -> 0xe7fff3c9611c
npuchk: [_ZN6npuchk3vorEPsS0_S0_hhhhhhhbb] -> 0xe7fff3c96604
npuchk: [_ZN6npuchk3vorEPtS0_S0_m] -> 0xe7fff3c96b74
npuchk: [_ZN6npuchk3vorEPtS0_S0_hhhhhhh] -> 0xe7fff3c96e60
npuchk: [_ZN6npuchk3vorEPtS0_S0_hhhhhhhbb] -> 0xe7fff3c97348
npuchk: [_ZN6npuchk8vpaddingEPtS0_m] -> 0xe7fff3d30228
npuchk: [_ZN6npuchk8vpaddingEPtS0_htthhbbhb] -> 0xe7fff3d304b8
npuchk: [_ZN6npuchk8vpaddingEPjS0_m] -> 0xe7fff3d309ac
npuchk: [_ZN6npuchk8vpaddingEPjS0_htthhbbhb] -> 0xe7fff3d30c3c
npuchk: [_ZN6npuchk4vrecEPN7float165Fp16TES2_m] -> 0xe7fff3c978b8
npuchk: [_ZN6npuchk4vrecEPN7float165Fp16TES2_htthh] -> 0xe7fff3c97b48
npuchk: [_ZN6npuchk4vrecEPN7float165Fp16TES2_htthhbb] -> 0xe7fff3d31130
npuchk: [_ZN6npuchk4vrecEPN7float165Fp16TES2_htttt] -> 0xe7fff3c97f1c
npuchk: [_ZN6npuchk4vrecEPfS0_m] -> 0xe7fff3c98304
npuchk: [_ZN6npuchk4vrecEPfS0_htthh] -> 0xe7fff3c98594
npuchk: [_ZN6npuchk4vrecEPfS0_htthhbb] -> 0xe7fff3d31590
npuchk: [_ZN6npuchk4vrecEPfS0_htttt] -> 0xe7fff3c98968
npuchk: [_ZN6npuchk7vreduceEPtS0_S0_m] -> 0xe7fff3c98d50
npuchk: [_ZN6npuchk7vreduceEPtS0_S0_hhhhhhh] -> 0xe7fff3c99040
npuchk: [_ZN6npuchk7vreduceEPtS0_S0_hhhhh] -> 0xe7fff3c9952c
npuchk: [_ZN6npuchk7vreduceEPjS0_S0_m] -> 0xe7fff3c9997c
npuchk: [_ZN6npuchk7vreduceEPjS0_S0_hhhhhhh] -> 0xe7fff3c99c6c
npuchk: [_ZN6npuchk7vreduceEPjS0_S0_hhhhh] -> 0xe7fff3c9a158
npuchk: [_ZN6npuchk9vreducev2EPtS0_S0_m] -> 0xe7fff3c9a5a8
npuchk: [_ZN6npuchk9vreducev2EPtS0_S0_thhth] -> 0xe7fff3c9a898
npuchk: [_ZN6npuchk9vreducev2EPjS0_S0_m] -> 0xe7fff3c9abb0
npuchk: [_ZN6npuchk9vreducev2EPjS0_S0_thhth] -> 0xe7fff3c9aea0
npuchk: [_ZN6npuchk5vreluEPN7float165Fp16TES2_m] -> 0xe7fff3c9b1b8
npuchk: [_ZN6npuchk5vreluEPN7float165Fp16TES2_htthh] -> 0xe7fff3c9b448
npuchk: [_ZN6npuchk5vreluEPN7float165Fp16TES2_htthhbb] -> 0xe7fff3d319f0
npuchk: [_ZN6npuchk5vreluEPN7float165Fp16TES2_htttt] -> 0xe7fff3c9b81c
npuchk: [_ZN6npuchk5vreluEPfS0_m] -> 0xe7fff3c9bc04
npuchk: [_ZN6npuchk5vreluEPfS0_htthh] -> 0xe7fff3c9be94
npuchk: [_ZN6npuchk5vreluEPfS0_htthhbb] -> 0xe7fff3d31e50
npuchk: [_ZN6npuchk5vreluEPfS0_htttt] -> 0xe7fff3c9c268
npuchk: [_ZN6npuchk5vreluEPiS0_m] -> 0xe7fff3c9c650
npuchk: [_ZN6npuchk5vreluEPiS0_htthh] -> 0xe7fff3c9c8e0
npuchk: [_ZN6npuchk5vreluEPiS0_htthhbb] -> 0xe7fff3d322b0
npuchk: [_ZN6npuchk5vreluEPiS0_htttt] -> 0xe7fff3c9ccb4
npuchk: [_ZN6npuchk5vrpacEPN7float165Fp16TES2_m] -> 0xe7fff3d32710
npuchk: [_ZN6npuchk5vrpacEPN7float165Fp16TES2_htthh] -> (nil)
npuchk: [_ZN6npuchk5vrpacEPN7float165Fp16TES2_htthhbb] -> (nil)
npuchk: [_ZN6npuchk5vrpacEPfS0_m] -> 0xe7fff3d329a4
npuchk: [_ZN6npuchk5vrpacEPfS0_htthh] -> (nil)
npuchk: [_ZN6npuchk5vrpacEPfS0_htthhbb] -> (nil)
npuchk: [_ZN6npuchk6vrsqrtEPN7float165Fp16TES2_m] -> 0xe7fff3c9d09c
npuchk: [_ZN6npuchk6vrsqrtEPN7float165Fp16TES2_htthh] -> 0xe7fff3c9d32c
npuchk: [_ZN6npuchk6vrsqrtEPN7float165Fp16TES2_htthhbb] -> 0xe7fff3d32c38
npuchk: [_ZN6npuchk6vrsqrtEPN7float165Fp16TES2_htttt] -> 0xe7fff3c9d700
npuchk: [_ZN6npuchk6vrsqrtEPfS0_m] -> 0xe7fff3c9dae8
npuchk: [_ZN6npuchk6vrsqrtEPfS0_htthh] -> 0xe7fff3c9dd78
npuchk: [_ZN6npuchk6vrsqrtEPfS0_htthhbb] -> 0xe7fff3d33098
npuchk: [_ZN6npuchk6vrsqrtEPfS0_htttt] -> 0xe7fff3c9e14c
npuchk: [_ZN6npuchk8vscatterEPjPtm] -> 0xe7fff3d334f8
npuchk: [_ZN6npuchk8vscatterEPjPtjb] -> 0xe7fff3d33780
npuchk: [_ZN6npuchk8vscatterEPjS0_m] -> 0xe7fff3d33a50
npuchk: [_ZN6npuchk8vscatterEPjS0_jb] -> 0xe7fff3d33cd8
npuchk: [_ZN6npuchk4vselEPN7float165Fp16TES2_S2_m] -> 0xe7fff3c9e534
npuchk: [_ZN6npuchk4vselEPN7float165Fp16TES2_Pvm] -> 0xe7fff3c9e820
npuchk: [_ZN6npuchk4vselEPN7float165Fp16TES2_Pvhhhhhhh] -> 0xe7fff3c9eb0c
npuchk: [_ZN6npuchk4vselEPN7float165Fp16TES2_Pvhhhhhhhhbb] -> 0xe7fff3d33fa8
npuchk: [_ZN6npuchk4vselEPN7float165Fp16TES2_Pvhhhhhhhh] -> 0xe7fff3c9eff4
npuchk: [_ZN6npuchk4vselEPN7float165Fp16TES2_S2_hhhhhhh] -> 0xe7fff3c9f52c
npuchk: [_ZN6npuchk4vselEPN7float165Fp16TES2_S2_hhhhhhhhbb] -> 0xe7fff3d34568
npuchk: [_ZN6npuchk4vselEPN7float165Fp16TES2_S2_hhhhhhhh] -> 0xe7fff3c9fa14
npuchk: [_ZN6npuchk4vselEPfS0_S0_m] -> 0xe7fff3c9ff4c
npuchk: [_ZN6npuchk4vselEPfS0_Pvm] -> 0xe7fff3ca0238
npuchk: [_ZN6npuchk4vselEPfS0_Pvhhhhhhh] -> 0xe7fff3ca0524
npuchk: [_ZN6npuchk4vselEPfS0_Pvhhhhhhhhbb] -> 0xe7fff3d34b28
npuchk: [_ZN6npuchk4vselEPfS0_Pvhhhhhhhh] -> 0xe7fff3ca0a0c
npuchk: [_ZN6npuchk4vselEPfS0_S0_hhhhhhh] -> 0xe7fff3ca0f44
npuchk: [_ZN6npuchk4vselEPfS0_S0_hhhhhhhhbb] -> 0xe7fff3d350e8
npuchk: [_ZN6npuchk4vselEPfS0_S0_hhhhhhhh] -> 0xe7fff3ca142c
npuchk: [_ZN6npuchk4vshlEPsS0_jm] -> 0xe7fff3ca1964
npuchk: [_ZN6npuchk4vshlEPsS0_jhtthh] -> 0xe7fff3ca1c4c
npuchk: [_ZN6npuchk4vshlEPsS0_jhtthhbb] -> (nil)
npuchk: [_ZN6npuchk4vshlEPsS0_jhtttt] -> 0xe7fff3ca2078
npuchk: [_ZN6npuchk4vshlEPiS0_jm] -> 0xe7fff3ca24b8
npuchk: [_ZN6npuchk4vshlEPiS0_jhtthh] -> 0xe7fff3ca27a0
npuchk: [_ZN6npuchk4vshlEPiS0_jhtthhbb] -> (nil)
npuchk: [_ZN6npuchk4vshlEPiS0_jhtttt] -> 0xe7fff3ca2bcc
npuchk: [_ZN6npuchk4vshlEPtS0_jm] -> 0xe7fff3ca300c
npuchk: [_ZN6npuchk4vshlEPtS0_jhtthh] -> 0xe7fff3ca32f4
npuchk: [_ZN6npuchk4vshlEPtS0_jhtthhbb] -> (nil)
npuchk: [_ZN6npuchk4vshlEPtS0_jhtttt] -> 0xe7fff3ca3720
npuchk: [_ZN6npuchk4vshlEPjS0_jm] -> 0xe7fff3ca3b60
npuchk: [_ZN6npuchk4vshlEPjS0_jhtthh] -> 0xe7fff3ca3e48
npuchk: [_ZN6npuchk4vshlEPjS0_jhtthhbb] -> (nil)
npuchk: [_ZN6npuchk4vshlEPjS0_jhtttt] -> 0xe7fff3ca4274
npuchk: [_ZN6npuchk4vshrEPsS0_imb] -> 0xe7fff3ca46b4
npuchk: [_ZN6npuchk4vshrEPsS0_ihtthhbbb] -> (nil)
npuchk: [_ZN6npuchk4vshrEPsS0_ihttttb] -> 0xe7fff3ca49f8
npuchk: [_ZN6npuchk4vshrEPiS0_imb] -> 0xe7fff3ca4e90
npuchk: [_ZN6npuchk4vshrEPiS0_ihtthhbbb] -> (nil)
npuchk: [_ZN6npuchk4vshrEPiS0_ihttttb] -> 0xe7fff3ca51d4
npuchk: [_ZN6npuchk4vshrEPtS0_jmb] -> 0xe7fff3ca566c
npuchk: [_ZN6npuchk4vshrEPtS0_jhtthhbbb] -> (nil)
npuchk: [_ZN6npuchk4vshrEPtS0_jhttttb] -> 0xe7fff3ca59b0
npuchk: [_ZN6npuchk4vshrEPjS0_jmb] -> 0xe7fff3ca5e48
npuchk: [_ZN6npuchk4vshrEPjS0_jhtthhbbb] -> (nil)
npuchk: [_ZN6npuchk4vshrEPjS0_jhttttb] -> 0xe7fff3ca618c
npuchk: [_ZN6npuchk5vsortEPN7float165Fp16TES2_m] -> (nil)
npuchk: [_ZN6npuchk5vsortEPN7float165Fp16TES2_h] -> (nil)
npuchk: [_ZN6npuchk5vsortEPfS0_m] -> (nil)
npuchk: [_ZN6npuchk5vsortEPfS0_h] -> (nil)
npuchk: [_ZN6npuchk5vsqrtEPN7float165Fp16TES2_m] -> 0xe7fff3ca6624
npuchk: [_ZN6npuchk5vsqrtEPN7float165Fp16TES2_htthh] -> 0xe7fff3ca68b4
npuchk: [_ZN6npuchk5vsqrtEPN7float165Fp16TES2_htthhbb] -> 0xe7fff3d356a8
npuchk: [_ZN6npuchk5vsqrtEPN7float165Fp16TES2_htttt] -> 0xe7fff3ca6c88
npuchk: [_ZN6npuchk5vsqrtEPfS0_m] -> 0xe7fff3ca7070
npuchk: [_ZN6npuchk5vsqrtEPfS0_htthh] -> 0xe7fff3ca7300
npuchk: [_ZN6npuchk5vsqrtEPfS0_htthhbb] -> 0xe7fff3d35b08
npuchk: [_ZN6npuchk5vsqrtEPfS0_htttt] -> 0xe7fff3ca76d4
npuchk: [_ZN6npuchk4vsubEPN7float165Fp16TES2_S2_m] -> 0xe7fff3ca7abc
npuchk: [_ZN6npuchk4vsubEPN7float165Fp16TES2_S2_hhhhhhh] -> 0xe7fff3ca7dac
npuchk: [_ZN6npuchk4vsubEPN7float165Fp16TES2_S2_hhhhhhhbb] -> 0xe7fff3d35f68
npuchk: [_ZN6npuchk4vsubEPfS0_S0_m] -> 0xe7fff3ca8298
npuchk: [_ZN6npuchk4vsubEPfS0_S0_hhhhhhh] -> 0xe7fff3ca8588
npuchk: [_ZN6npuchk4vsubEPfS0_S0_hhhhhhhbb] -> 0xe7fff3d364dc
npuchk: [_ZN6npuchk4vsubEPsS0_S0_m] -> 0xe7fff3ca8a74
npuchk: [_ZN6npuchk4vsubEPsS0_S0_hhhhhhh] -> 0xe7fff3ca8d64
npuchk: [_ZN6npuchk4vsubEPsS0_S0_hhhhhhhbb] -> 0xe7fff3d36a50
npuchk: [_ZN6npuchk4vsubEPiS0_S0_m] -> 0xe7fff3ca9250
npuchk: [_ZN6npuchk4vsubEPiS0_S0_hhhhhhh] -> 0xe7fff3ca9540
npuchk: [_ZN6npuchk4vsubEPiS0_S0_hhhhhhhbb] -> 0xe7fff3d36fc4
npuchk: [_ZN6npuchk8vsubreluEPN7float165Fp16TES2_S2_m] -> 0xe7fff3ca9a2c
npuchk: [_ZN6npuchk8vsubreluEPN7float165Fp16TES2_S2_hhhhhhhbb] -> 0xe7fff3d37538
npuchk: [_ZN6npuchk8vsubreluEPN7float165Fp16TES2_S2_hhhhhhh] -> 0xe7fff3ca9d1c
npuchk: [_ZN6npuchk8vsubreluEPfS0_S0_m] -> 0xe7fff3caa208
npuchk: [_ZN6npuchk8vsubreluEPfS0_S0_hhhhhhhbb] -> 0xe7fff3d37aac
npuchk: [_ZN6npuchk8vsubreluEPfS0_S0_hhhhhhh] -> 0xe7fff3caa4f8
npuchk: [_ZN6npuchk8vsubreluEPsS0_S0_m] -> 0xe7fff3caa9e4
npuchk: [_ZN6npuchk8vsubreluEPsS0_S0_hhhhhhhbb] -> 0xe7fff3d38020
npuchk: [_ZN6npuchk8vsubreluEPsS0_S0_hhhhhhh] -> 0xe7fff3caacd4
npuchk: [_ZN6npuchk19vsubreluconv_f162s8EPaPN7float165Fp16TES3_mb] -> 0xe7fff3cab1c0
npuchk: [_ZN6npuchk19vsubreluconv_f162s8EPaPN7float165Fp16TES3_hhhhhhhbbb] -> 0xe7fff3d38594
npuchk: [_ZN6npuchk19vsubreluconv_f162s8EPaPN7float165Fp16TES3_hhhhhhhb] -> 0xe7fff3cab510
npuchk: [_ZN6npuchk20vsubreluconv_f322f16EPN7float165Fp16TEPfS3_mb] -> 0xe7fff3caba58
npuchk: [_ZN6npuchk20vsubreluconv_f322f16EPN7float165Fp16TEPfS3_hhhhhhhbbb] -> 0xe7fff3d38b64
npuchk: [_ZN6npuchk20vsubreluconv_f322f16EPN7float165Fp16TEPfS3_hhhhhhhb] -> 0xe7fff3cabda8
npuchk: [_ZN6npuchk19vsubreluconv_s162s8EPaPsS1_mb] -> 0xe7fff3cac2f0
npuchk: [_ZN6npuchk19vsubreluconv_s162s8EPaPsS1_hhhhhhhbbb] -> 0xe7fff3d39134
npuchk: [_ZN6npuchk19vsubreluconv_s162s8EPaPsS1_hhhhhhhb] -> 0xe7fff3cac640
npuchk: [_ZN6npuchk23vsubreluconv_vdeqs162b8EPaPsS1_mb] -> (nil)
npuchk: [_ZN6npuchk23vsubreluconv_vdeqs162b8EPhPsS1_mb] -> (nil)
npuchk: [_ZN6npuchk23vsubreluconv_vdeqs162b8EPhPsS1_hhhhhhhbbb] -> (nil)
npuchk: [_ZN6npuchk23vsubreluconv_vdeqs162b8EPhPsS1_hhhhhhhb] -> (nil)
npuchk: [_ZN6npuchk23vsubreluconv_vdeqs162b8EPaPsS1_hhhhhhhbbb] -> (nil)
npuchk: [_ZN6npuchk23vsubreluconv_vdeqs162b8EPaPsS1_hhhhhhhb] -> (nil)
npuchk: [_ZN6npuchk10vtransposeEPsS0_] -> 0xe7fff3cacb88
npuchk: [_ZN6npuchk10vtransposeEPtS0_] -> 0xe7fff3cacdc0
npuchk: [_ZN6npuchk9wait_flagE6pipe_tS0_7event_t] -> 0xe7fff3c14644
npuchk: [_ZN6npuchk9wait_flagE6pipe_t7event_t] -> (nil)
npuchk: [_ZN6npuchk9wait_flagE6pipe_tS0_m] -> (nil)
npuchk: [_ZN6npuchk9wait_flagE6pipe_tm] -> (nil)
npuchk: [_ZN6npuchk13wait_flag_devEl] -> 0xe7fff3c14904
npuchk: [_ZN6npuchk13winograd_convEPiPsPam] -> (nil)
npuchk: [_ZN6npuchk13winograd_convEPiPsPattthhhb] -> (nil)
npuchk: [_ZN6npuchk13winograd_convEPiPaS1_m] -> (nil)
npuchk: [_ZN6npuchk13winograd_convEPiPaS1_ttthhhb] -> (nil)
npuchk: [_ZN6npuchk13get_workspaceEi] -> (nil)
npuchk: [_ZN6npuchk13set_core_typeEi] -> (nil)
npuchk: [_ZN6npuchk15get_process_numEv] -> (nil)
npuchk: [_ZN6npuchk13set_block_dimEi] -> (nil)
npuchk: [_ZN6npuchk18AscendCKernelBeginEPKciPm] -> 0xe7fff3b89588
npuchk: [_ZN6npuchk16AscendCKernelEndEPKciPm] -> 0xe7fff3b895c0
npuchk: [_ZN6npuchk17AscendCBlockBeginEiPKciPKm] -> 0xe7fff3b89908
npuchk: [_ZN6npuchk15AscendCBlockEndEiPKciPKm] -> 0xe7fff3b89600
npuchk: [_ZN6npuchk22AscendCEnInterruptExitEv] -> 0xe7fff3b895e8
npuchk: [_ZN6npuchk16AscendCQueCreateEhhh] -> 0xe7fff3b89ce0
npuchk: [_ZN6npuchk14AscendCBufInitEhhhmm] -> 0xe7fff3b89edc
npuchk: [_ZN6npuchk15AscendCBufAllocEhhmm] -> 0xe7fff3b89cfc
npuchk: [_ZN6npuchk14AscendCBufFreeEhhmm] -> 0xe7fff3b89d60
npuchk: [_ZN6npuchk15AscendCBufEnqueEhhhm] -> 0xe7fff3b89f98
npuchk: [_ZN6npuchk15AscendCBufDequeEhhhm] -> 0xe7fff3b89ff4
npuchk: [_ZN6npuchk17AscendCBufAbsAddrEhmm] -> 0xe7fff3b89dc4
npuchk: [_ZN6npuchk13AscendCBufGetEhhmm] -> 0xe7fff3b8a050
npuchk: [_ZN6npuchk19AscendCTBufPoolInitEhmmm] -> 0xe7fff3b8a0cc
npuchk: [_ZN6npuchk27AscendCUpdateTbufPoolStatusEmb] -> 0xe7fff3b8a128
npuchk: [_ZN6npuchk26AscendCRecordPoolHierarchyEmm] -> 0xe7fff3b8a154
npuchk: [_ZN6npuchk25AscendCTBufPoolResetCheckEhmmm] -> 0xe7fff3b8a180
npuchk: [_ZN6npuchk12batch_offsetEmm] -> (nil)
npuchk: [_ZN6npuchk12wait_and_setEPvS0_mm] -> (nil)
npuchk: [_ZN6npuchk9wait_syncEPvS0_S0_] -> (nil)
npuchk: [_ZN6npuchk11set_tensoraEPvS0_] -> (nil)
npuchk: [_ZN6npuchk11set_tensorbEPv] -> (nil)
npuchk: [_ZN6npuchk11get_tensorcEPv] -> (nil)
npuchk: [_ZN6npuchk13__ib_set_stubEiib] -> (nil)
npuchk: [_ZN6npuchk14__ib_wait_stubEiib] -> (nil)
npuchk: [_ZN6npuchk15__sync_all_stubEib] -> (nil)
